symbol,slot,H,x,rule,d_n,d_mean,d_std,d_t,d_sr,d_skew,d_kurt,c_n,c_mean,c_std,c_t,c_sr,c_skew,c_kurt,sister_d_mean,candidate,dsr,dsr_eff
US100,02:00,60,none,follow,904,-0.09291002204846258,1.0954265148178617,-2.5501371001740605,-0.08481629830177233,7.005618790428926,165.47468976777236,511,-0.06732391273704653,0.8872460025572565,-1.7152828568297418,-0.07587964616690615,-0.16383294974973062,7.6580415360252605,-0.049556946972756644,False,5.910360158498629e-10,8.005248003074532e-10
US100,02:00,60,none,fade,904,-0.17684832291413566,1.0960029423458917,-4.851471012834847,-0.1613575256792727,-7.080580475118624,168.2635324705903,511,-0.10174097743348721,0.8854357156887194,-2.5974626993012646,-0.11490498477842621,0.1636919397497438,7.839563792688487,-0.20881118766344955,False,2.93885570185149e-28,6.284148654224459e-28
US100,02:00,60,day,follow,433,-0.12839019694068,1.414681225818459,-1.888501017462988,-0.09075556711823915,-8.810043843336027,127.40151211151222,280,-0.08617252332483256,0.9237797610465892,-1.5609154625726114,-0.0932825408809607,0.6275361424776603,6.445188917323827,-0.19351587753020064,False,1.614415495643549e-18,2.9431174855813942e-18
US100,02:00,60,day,fade,433,-0.1411962342787725,1.4155463842575573,-2.075596633274705,-0.0997468086168217,8.704798242876569,125.069478111088,280,-0.0810131521478471,0.9239256112134964,-1.4672277768467328,-0.08768363076486572,-0.6057081148399683,6.386462666706196,-0.062201594792989964,False,1.8099633741290746e-05,2.074429182475158e-05
US100,02:00,60,recent,follow,325,-0.15817354336630773,1.5762892387206928,-1.8090043597959975,-0.10034550733511348,6.634531570059044,108.5456826945348,211,0.038476694373092896,0.9543784720242761,0.5856232992274725,0.0403159705514755,1.3777644603778227,7.619394870092333,-0.11270313326479792,False,7.223005004404185e-05,8.112861841213555e-05
US100,02:00,60,recent,fade,325,-0.10858715652247292,1.5769279357018777,-1.241390148004288,-0.06885993586900448,-6.719238856624791,110.48670008391811,211,-0.1997198930394057,0.9569087507303744,-3.0317405065291063,-0.2087136238298235,-1.3708379976692695,7.65856701587055,-0.11627683724464817,False,3.7105395601085344e-09,4.9658384779952365e-09
US100,02:00,120,none,follow,903,-0.03592891245182718,1.06098881106253,-1.017600104140622,-0.033863611074131945,4.174294687413513,66.92538545451485,511,-0.0048455248405724766,0.8508679027986404,-0.128732775634713,-0.00569480271218925,0.04433219633591598,5.196287946892954,0.006165673813870214,False,1.1613846720327829e-10,1.7363122420526064e-10
US100,02:00,120,none,fade,903,-0.12722896992818472,1.059739136460352,-3.6077041249244175,-0.12005687583941065,-4.211085263284821,68.04434485033589,511,-0.10161805465717415,0.8486505399951562,-2.70677673378768,-0.11974075295793031,-0.03241532469391478,5.213951106725643,-0.16223626912050948,False,2.5077108337718523e-28,5.938049197407886e-28
US100,02:00,120,day,follow,432,-0.12906659209861152,1.2754702892718035,-2.1032232294695907,-0.10119137480834518,-5.289793499770687,66.8153421656096,280,-0.06268276241055806,0.870240049307749,-1.2052803523203623,-0.07202927796809673,0.21174188595402782,5.656443552611236,-0.18731084954546767,False,7.508010223798332e-15,1.1816886840599623e-14
US100,02:00,120,day,fade,432,-0.03327473816581542,1.2744999832094832,-0.5426461000017505,-0.026108072659225934,5.264758875231811,66.22109967149441,280,-0.04276604408185304,0.8706891250859047,-0.8218924193580663,-0.049117466670591095,-0.196126243578475,5.595028908537807,0.03425945065495997,False,1.0528707598076183e-05,1.2762115927559352e-05
US100,02:00,120,recent,follow,340,-0.11797616435897391,1.0593345097874471,-2.0535279123998222,-0.11136818754507068,0.37838541347040316,8.814841035761793,214,-0.10115040038588735,0.9249231735941156,-1.599811565848793,-0.10936086723055252,0.03764133580194788,5.03619210277623,-0.160378627449207,False,2.7390784465312637e-08,3.421764585829412e-08
US100,02:00,120,recent,fade,340,-0.046303999294866484,1.060491344856851,-0.8051018655076432,-0.0436627790688068,-0.34181120759636113,8.715152624312198,214,-0.006682063627857328,0.9231684709999882,-0.10588550929076873,-0.0072381844027008735,-0.038166025802617375,5.050080268848219,0.02496712287617584,False,5.649564448417705e-06,6.827387677442626e-06
US100,02:00,240,none,follow,901,-0.048898039479384654,0.9435053291021706,-1.5556413728460479,-0.05182592823923474,0.09092969171175971,11.803552795008557,509,0.004659454633343797,0.9039235453371597,0.116295331169368,0.005154699927199972,-0.6491041037736078,7.59123589611269,-0.031074911793025246,False,1.2869358275057465e-13,2.108632515891703e-13
US100,02:00,240,none,fade,901,-0.04816419188370001,0.9416671517470899,-1.535285867731009,-0.05114778804202762,-0.09122797512980169,11.828684105163465,509,-0.0738118223051327,0.903508015695241,-1.843116592570725,-0.08169470665773251,0.6496603504187625,7.540318612326343,-0.06726877760929889,False,1.1555604097978687e-13,1.8996079321400583e-13
US100,02:00,240,day,follow,430,-0.06805575738248688,1.0255987736349552,-1.3760100518807217,-0.06635709707538144,-1.376402997302638,13.87991536187299,279,-0.044361239149783585,0.9578753558838142,-0.7735649265177591,-0.04631212075484735,-0.6251849685408315,8.91773983409898,-0.08101051360738565,False,1.0600721882635853e-08,1.398015397233983e-08
US100,02:00,240,day,fade,430,-0.02800947622375891,1.0250872537663391,-0.566602363766974,-0.027323992295141205,1.3808499938527785,13.854193947376421,279,-0.02471925625643795,0.95854207670464,-0.4307510251404451,-0.025788389322897516,0.6188553599214817,8.900283006129815,-0.014829266067516922,False,3.6644827122579726e-06,4.528330042035311e-06
US100,02:00,240,recent,follow,351,0.006759260179731759,0.9882415502656228,0.12814144360272972,0.0068396842633412685,0.6050129398996171,6.3670346255422166,225,-0.031559231663537156,0.9784900028403382,-0.48379490191919816,-0.032252993461279876,0.25430942600941786,5.46196908120605,-0.08204380917630355,False,0.00023392521999867754,0.0002734629341224889
US100,02:00,240,recent,fade,351,-0.10118364722566582,0.990033458331251,-1.9147585439991588,-0.102202250211034,-0.5960767892126978,6.440719315140383,225,-0.0383473717439037,0.9765824221883819,-0.5890036141236197,-0.03926690760824131,-0.25042281659884513,5.480629105540575,-0.0041159113432833695,False,7.339512169579647e-09,9.411592665370948e-09
US100,02:30,60,none,follow,910,-0.04915699200170608,1.0169346315819239,-1.4581861151089142,-0.04833839902299169,3.6075887453145734,49.76000110634928,511,-0.06564510232119553,0.8976343236949323,-1.653154063316064,-0.0731312301550375,0.12202349584982292,7.794836297509889,0.0011547331116947182,False,1.4949942235042905e-11,2.264140927515762e-11
US100,02:30,60,none,fade,910,-0.1765041034203159,1.013518079539498,-5.253442732446621,-0.17414993080391056,-3.688400503266229,51.374726520590194,511,-0.08447843987935434,0.8945594736755952,-2.1347504586074573,-0.09443580037473256,-0.11595052323257307,8.030662074778888,-0.22775714830260416,False,2.644880551032537e-38,7.275717888043669e-38
US100,02:30,60,day,follow,429,-0.13940879640636256,1.2241251236974529,-2.358810283153254,-0.11388443363149041,-4.4512249237058015,51.0152237992148,277,-0.08892915070764447,0.9817814642116084,-1.5075412377229542,-0.09057937427964836,-0.020173276489666124,9.075346446407458,-0.1941504812639266,False,1.9983017700901177e-15,3.1457848859051334e-15
US100,02:30,60,day,fade,429,-0.08492543508027306,1.222378048871343,-1.4390002991040853,-0.06947558912620132,4.4076557318160345,50.32889519975943,277,-0.06137918979179535,0.9799968489905914,-1.0424046899275523,-0.06263202769990196,0.030005125262596872,8.850223837034157,-0.030441529241903006,False,1.6225096010342126e-06,1.964191079378659e-06
US100,02:30,60,recent,follow,389,-0.03308649734662502,1.2734461136453465,-0.5124423592149736,-0.025981858982562004,3.5618257561884783,46.123793649437246,225,-0.15571161054240043,0.9850573817095172,-2.3711046701488216,-0.1580736446765881,-0.18355682043681454,4.997771572399544,-0.08595847977163554,False,1.8854592102812692e-05,2.2600629427247584e-05
US100,02:30,60,recent,fade,389,-0.1901517688823073,1.2731163691122107,-2.945825846459144,-0.14935929935054318,-3.621315412643317,47.070947335890416,225,0.010428663185573872,0.9689258479376365,0.1614467692409796,0.010763117949398639,0.2153627290694446,5.0644218166270525,-0.11221561272046537,False,7.311101847094606e-16,1.1125246498374553e-15
US100,02:30,120,none,follow,909,-0.04552906084058285,0.9490284526433119,-1.446409948995309,-0.047974389718002206,0.714539836481016,9.45495943286178,510,-0.010405162410547224,0.8699746878601853,-0.27010171050799314,-0.011960304771786017,0.07066264047924334,6.001849738818056,-0.01653203908932268,False,4.774131768136795e-13,7.699176318383345e-13
US100,02:30,120,none,fade,909,-0.09010032873368849,0.9460359784875897,-2.871446069027762,-0.0952398542788301,-0.7113191929532039,9.549133761145887,510,-0.08600447712947665,0.86877316740087,-2.2356290740644065,-0.09899531932688294,-0.07131861089507108,6.036996660288533,-0.125877533507238,False,2.37901008221564e-19,4.423984145465791e-19
US100,02:30,120,day,follow,429,-0.09457603383421662,1.0664919094851155,-1.8367590073236457,-0.08867956052275759,-1.2294317903319592,10.617549830076541,276,-0.0827474695107724,0.9221458956309652,-1.490766500378895,-0.08973359844989998,-0.20713760661216238,6.796040519972265,-0.1725474335889863,False,4.701704791619878e-10,6.364264140773194e-10
US100,02:30,120,day,fade,429,-0.040001369134944655,1.0663560938156804,-0.7769646273396013,-0.037512205694638145,1.2433029677162124,10.6326574548152,276,-0.01420855642518096,0.9210634061101987,-0.2562801498269604,-0.015426252232933688,0.20313130584115704,6.753545924576937,0.03302313057749171,False,1.5565837133266152e-06,1.9361385957948315e-06
US100,02:30,120,recent,follow,354,-0.11223345358811125,1.1092321150749513,-1.9037132077584837,-0.10118121542174027,0.38222862465158264,10.13747921725024,228,-0.16975358846656188,0.9988850478769463,-2.5660840362754365,-0.16994306684974425,-0.2568143734347688,5.719384891594479,-0.08043740569463476,False,3.900630145494058e-08,4.88494644733919e-08
US100,02:30,120,recent,fade,354,-0.022882355986030806,1.1087633042029967,-0.38829654360419785,-0.020637728448705418,-0.36715349474025055,10.172849807181471,228,0.07377657112775093,0.9921578612669704,1.1228070027187291,0.07435971029200876,0.26713464332078807,5.758112953160743,-0.04342024756490861,False,2.719565542354532e-05,3.2509677544733063e-05
US100,02:30,240,none,follow,906,-0.036655955287134806,0.9153853479080364,-1.2053264427034334,-0.04004428885704365,-0.018464963650387342,6.620930328674181,509,0.014021243509885553,0.8648515677160424,0.365766432150982,0.01621231206982001,-0.19108628649726944,5.42192072468312,-0.03186673779154644,False,1.114856201069996e-12,1.7984607115994473e-12
US100,02:30,240,none,fade,906,-0.05863310454493323,0.9144210099880071,-1.9300154827811733,-0.0641204695698125,0.03243134860131613,6.593378085838958,509,-0.08245593831447645,0.8642614341826439,-2.1524630024886355,-0.09540624520919104,0.18748742416979156,5.386924625237511,-0.06852923147676791,False,5.873692024105316e-15,9.906738620975662e-15
US100,02:30,240,day,follow,427,-0.09582518236479985,1.01700991557106,-1.9470109981794481,-0.09422246617034523,-0.17522278924339446,6.92286641100918,275,-0.020735043506147372,0.8683965888723065,-0.39596170806526787,-0.02387738940001336,-0.21848139976588493,5.27748576150827,-0.09399329732858006,False,1.3592460588464797e-09,1.8001556059550852e-09
US100,02:30,240,day,fade,427,0.0014800966605213904,1.0174412592477042,0.030060394176264285,0.0014547244345248722,0.1918181500170363,6.9377677333380054,275,-0.04819373457757288,0.8681843629851839,-0.9205448845576261,-0.0555109451774304,0.21262743758987382,5.302807450275038,-0.004216450277038835,False,3.692465247628207e-05,4.474857795092197e-05
US100,02:30,240,recent,follow,352,-0.007067457437554159,1.0139545366771894,-0.130772386918326,-0.006970191642630039,0.6227952051837912,6.177075121080531,219,-0.005613113062327975,0.8782748227039592,-0.09457915169703401,-0.006391066801900105,0.06394942742277147,5.378016121165978,-0.07055074640937828,False,8.953336374836202e-05,0.00010565090878422312
US100,02:30,240,recent,fade,352,-0.08825606624558263,1.0164781620085854,-1.628987850364876,-0.08682534415809437,-0.6013584483551676,6.139696179157928,219,-0.06386846105197347,0.8743890846042701,-1.0809454595663672,-0.07304352510402046,-0.07948035579744456,5.397523046858153,-0.013851118994383942,False,4.0132893472763705e-08,5.081847259288435e-08
US100,03:00,60,none,follow,909,-0.06951072379262623,0.9367259220117442,-2.237284499236556,-0.07420604272735684,0.5994670605525477,9.880819830250047,511,-0.020117858827252193,0.9667254577990605,-0.47042354555878985,-0.020810312446984103,0.1871390782631973,7.191127614239281,-0.04879702161733874,False,2.1435131931515733e-15,3.604041047674032e-15
US100,03:00,60,none,fade,909,-0.13767485373715874,0.934495670953336,-4.441802779470168,-0.1473252985716972,-0.5836712581458666,10.048527553293708,511,-0.1184127479585172,0.9644551805986774,-2.775408151795641,-0.12277682814147307,-0.19291449762484772,7.206306920104042,-0.16846524366027904,False,6.335205531388718e-26,1.3036076108295703e-25
US100,03:00,60,day,follow,435,-0.17270913997856271,1.0046875317846602,-3.585328367927697,-0.17190333761958176,-1.1303349352635657,10.156566713888637,274,-0.10731703110314623,1.0214744107946114,-1.739067501818726,-0.10506090996412101,-0.06835780569823532,7.969208682535762,-0.12141667035118543,False,1.899358006420178e-16,2.8625224644578172e-16
US100,03:00,60,day,fade,435,-0.036654297117775445,1.0001598346959082,-0.7643638066160007,-0.03664843942560434,1.1560441121561131,10.196648162858429,274,-0.030408439676511544,1.0189050750992539,-0.4940099452497086,-0.029844232225018006,0.07682470184983757,7.930245874168205,-0.09317553378564628,False,1.376480108777368e-06,1.7174360516466676e-06
US100,03:00,60,recent,follow,387,0.05425848467747502,1.0900948475676324,0.9791717073653536,0.049774095161117325,-0.17405856050274363,8.024561517972828,228,-0.22065031026875914,0.9931041112197017,-3.3548815110115204,-0.22218245577270124,-0.3304303338469986,5.73830936601267,0.11266382753982922,False,0.0025171912376384603,0.0028791758090126276
US100,03:00,60,recent,fade,387,-0.26704732859525465,1.0900115770238623,-4.819617912106238,-0.2449949470485381,0.21490340551109344,8.078459183058127,228,0.08385004787173585,0.9860493268045156,1.2840209137866694,0.08503636237293342,0.33529166568010826,5.8550501375482416,-0.3133479822478465,False,6.11596220044871e-16,8.509371801912843e-16
US100,03:00,120,none,follow,908,-0.06688431362614201,0.9923693322192201,-2.0309249004884897,-0.0673986100281532,0.33219208624371777,14.802841339732302,510,0.00397409881573717,0.8975410189012223,0.09999296448800149,0.004427762889992813,0.5568067181724693,6.755125165096867,-0.047758791027812074,False,6.25118382571491e-15,1.0463736622092166e-14
US100,03:00,120,none,fade,908,-0.05896606273916856,0.9900292855015702,-1.7947212831886004,-0.05955991767384444,-0.3317433250817062,14.65910223983582,510,-0.09599680367662089,0.8973718320231547,-2.4158470093379805,-0.10697550363286186,-0.5535962121894223,6.8125132340564285,-0.09141632799280286,False,1.0094879061622021e-14,1.7026539448560917e-14
US100,03:00,120,day,follow,434,-0.13243447241856046,1.0155298614514925,-2.716772122993682,-0.1304092350659905,-0.6133978669210921,8.307681635694971,273,-0.03701000880432683,0.9193035669715294,-0.665183651305758,-0.04025874600514089,-0.9637214306083567,8.654397637184044,-0.07855902454244153,False,2.4150283096059906e-12,3.3753909907587778e-12
US100,03:00,120,day,fade,434,0.005785223045945882,1.0151503643177517,0.11872292764017876,0.005698882893899106,0.6447061479753116,8.397118811603088,273,-0.05531018290676127,0.9176514475843383,-0.9958837916428672,-0.06027362900408643,0.9611551966070369,8.583282995644268,-0.05829418158332301,False,4.535685365950427e-05,5.4950972108973926e-05
US100,03:00,120,recent,follow,372,-0.06932122977204003,1.1083104263626806,-1.206358280753627,-0.06254676318397778,-1.3227746102259654,13.224425669565052,228,-0.15874961252721906,0.9618635135955195,-2.4921067787750424,-0.16504380328743404,-0.8818369538474345,7.8970964479824,-0.06700273755933027,False,1.56512272366442e-07,1.9806368908310317e-07
US100,03:00,120,recent,fade,372,-0.0531564194911731,1.1090285044192545,-0.9244522448882374,-0.0479306161017102,1.3336428041112356,13.278420443294719,228,0.0697452893592873,0.9591436097656237,1.0979907115918572,0.07271621126301436,0.8825237275697936,7.847074031175646,-0.05103134821824342,False,3.513921046512972e-06,4.268012019964857e-06
US100,03:00,240,none,follow,906,-0.03518147902162195,0.9087258400447437,-1.165320306488752,-0.038715174006595535,0.21543021499918547,10.544064686045436,509,0.04198054958288404,0.8565076168158361,1.1057979526371893,0.04901363252197508,-0.2583304450755901,5.135220181765108,-0.03424933117264707,False,1.914061742962215e-12,3.064865527906357e-12
US100,03:00,240,none,fade,906,-0.058754292377852145,0.9084172446363123,-1.9467865137293916,-0.0646776497526471,-0.20374819175226255,10.468295396707504,509,-0.1096772948305489,0.8566267904707147,-2.888577131885392,-0.12803393035405938,0.26398488731283803,5.145223045127207,-0.06743358603269252,False,3.671772681550755e-15,6.235455355672293e-15
US100,03:00,240,day,follow,433,-0.100952179884181,0.9579849503546788,-2.1928097970500615,-0.1053797137907073,-0.16097586890984786,5.812180392059191,272,-0.04611415686246424,0.8516344646143366,-0.8930288638158566,-0.05414782841526626,-0.36497625663236605,4.951879231264961,-0.0633458875163623,False,2.446009382649637e-10,3.286669459352786e-10
US100,03:00,240,day,fade,433,0.006875519086841638,0.9591823212531505,0.1491585918008889,0.007168104472420764,0.17154643969770475,5.866593819052383,272,-0.02201999964627724,0.8510196413370794,-0.4267388436535667,-0.02587484304319994,0.3670631988253116,4.945287274381864,-0.03631234904310129,False,5.346447904695951e-05,6.463025312577609e-05
US100,03:00,240,recent,follow,350,-0.02887649122810829,0.9935841379468687,-0.5437181038891645,-0.02906295513913734,-1.2082927804842594,13.214881297973577,231,-0.06607008364372785,0.8614477640506625,-1.1656868532332254,-0.07669656408771201,-0.36702973631128577,4.124509786536814,-0.12303195378121652,False,1.1871155116972148e-05,1.4319953842658918e-05
US100,03:00,240,recent,fade,350,-0.06289416505431442,0.9972986584696284,-1.17982920794043,-0.06306452387174226,1.205629085930437,13.12404959334869,231,-0.003082294213980088,0.8594759349570281,-0.05450625703557826,-0.0035862484202471546,0.38052085403975006,4.113131076153195,0.040540748549521485,False,2.171718146904649e-06,2.6287862582068476e-06
US100,03:30,60,none,follow,910,-0.10701371158009126,0.9176068205478687,-3.518062010514883,-0.11662262004133468,0.5338112287566026,10.590879501175879,510,-0.01675769965127351,0.88783608301525,-0.42625226416623996,-0.018874767507039553,0.20745324544057056,6.674074381151781,-0.11093983001839795,False,2.0407699685732166e-19,3.644542406502465e-19
US100,03:30,60,none,fade,910,-0.06753967329074595,0.9158542180574881,-2.2246070115915164,-0.07374500434577513,-0.5189519406556419,10.640201243536241,510,-0.11185212042328535,0.8880973794883005,-2.8442562498276565,-0.12594578365689105,-0.2186041581416551,6.842300258475443,-0.08816188498725909,False,1.6820130295355069e-16,2.9512871418196634e-16
US100,03:30,60,day,follow,441,-0.06628061427538642,0.9214189451253166,-1.5105972230621023,-0.07193320109819534,-0.300246584545335,9.387896281327432,268,-0.09752856193882113,0.9049296249631541,-1.7643486582399555,-0.107774747613984,-0.32353181893533284,8.226017480198472,-0.09833709200328374,False,1.0896270739189115e-08,1.4280549103178581e-08
US100,03:30,60,day,fade,441,-0.1048561948593749,0.9186585493795998,-2.39695161334311,-0.11414055301633858,0.31902292692739975,9.453725984849125,268,-0.033710736362703754,0.8989802243838521,-0.6138828460157506,-0.03749886309880576,0.29162973787898544,8.074923070668278,-0.09413981719187978,False,1.9823059211971971e-10,2.6492178592301997e-10
US100,03:30,60,recent,follow,426,-0.01865989235637615,1.0653721142517347,-0.36150358503780283,-0.017514905925130157,-0.42749691879143714,10.707360724302621,245,-0.0849908908707884,0.9136501002831053,-1.4560474144042992,-0.09302345705916626,0.22458928480089851,4.83597032388715,-0.04275246056830467,False,6.381259839261175e-06,7.874483317684466e-06
US100,03:30,60,recent,fade,426,-0.15560330090601684,1.0663645789875333,-3.011742894471838,-0.14591942002964445,0.4407135851366448,10.690609166719177,245,-0.03858674890182809,0.9141404348709983,-0.6607060928353454,-0.042210963906517684,-0.2483688757592253,4.791358350756349,-0.14473534243269892,False,1.7569253314838618e-11,2.357491075874006e-11
US100,03:30,120,none,follow,908,-0.11862655354034661,0.9690367473946296,-3.6887955966288537,-0.12241698146049486,0.2903833970492835,18.505156388376964,510,-0.0006286959789424035,0.9038218355744657,-0.015708797503720413,-0.0006955972451614944,-0.7552684268319058,8.650918253749515,-0.12530152506797865,False,6.18615934086563e-20,1.1114368594736806e-19
US100,03:30,120,none,fade,908,-0.007186197982649424,0.9677175579614384,-0.2237656820383347,-0.007425924975245493,-0.2897422055100642,18.359322452057498,510,-0.09134774311947363,0.9041308842167993,-2.281663554716435,-0.10103376039256014,0.7475079660697855,8.524848816042699,-0.01729452600043007,False,6.985199833890414e-10,1.0589222210233273e-09
US100,03:30,120,day,follow,440,-0.038164365642933004,0.950540091660444,-0.8421974985018881,-0.040150190378888555,1.1212361757246236,10.84968160126217,268,-0.04266880214877425,0.8335193875526704,-0.8380349711274752,-0.051191133386897965,0.010443685924851969,4.609098995808398,0.0018701125631329935,False,8.805821660438589e-07,1.1040813373351793e-06
US100,03:30,120,day,fade,440,-0.08503341333537032,0.9517153570263531,-1.8741695326825885,-0.08934752676583713,-1.1478173486971048,11.199720060530558,268,-0.05092723797660956,0.8312904071642951,-1.002916441578188,-0.06126287220170504,-0.019579778221476156,4.611224749283682,-0.13934877245842237,False,3.101725994517668e-10,4.222424777186612e-10
US100,03:30,120,recent,follow,411,-0.05886279262857573,1.1125959580470213,-1.0725666661329034,-0.05290581203611386,-1.3528210982878348,18.417042695214985,251,-0.10621868560521718,1.0178149818838103,-1.6533657790452947,-0.10435952260068292,0.7273901855362147,9.156898086101348,-0.0329223537292785,False,1.347403013708197e-07,1.7253395161162564e-07
US100,03:30,120,recent,fade,411,-0.06332038390162709,1.1128645563825685,-1.1535120599056936,-0.056898553861265654,1.3545305091782127,18.504009804756606,251,0.020257677614198506,1.0191735396746422,0.31490414441242714,0.019876573346542636,-0.7411659775435042,9.17551572406132,-0.09020835500102796,False,6.084601703158554e-07,7.562545585651927e-07
US100,03:30,240,none,follow,906,-0.051029754639117804,0.8874943768727882,-1.7307006984347266,-0.05749867939324681,0.7814859982946248,17.472541441786156,508,0.04141159057589218,0.872850138175042,1.0693357410774236,0.04744410152981779,-0.4744257917981139,5.152905333215647,-0.06891883885463627,False,1.0845134091659755e-13,1.7625719115342648e-13
US100,03:30,240,none,fade,906,-0.044058075459530964,0.8883515504336285,-1.4928107594872504,-0.04959531554599643,-0.7619538910307664,17.324647672165938,508,-0.10988924514011507,0.8735656020009527,-2.8352510605618653,-0.12579392422092558,0.4798887352901342,5.154414573557329,-0.03352112294681009,False,6.055488526184184e-14,1.0102754596449034e-13
US100,03:30,240,day,follow,439,-0.0960994628717946,0.8399908079540102,-2.3970587965352714,-0.11440537439435419,-0.004190651264275698,4.551093537719504,266,-0.07388038150557806,0.8158589619093988,-1.4769128164238505,-0.09055533487390004,0.0709793178349905,4.503526170531023,-0.044705546211937154,False,7.391743359922946e-11,1.0014762371184433e-10
US100,03:30,240,day,fade,439,0.003199641419172522,0.840890148510183,0.0797249592034133,0.0038050646982145907,0.007221027902783042,4.6219608158310495,266,0.003966859149179528,0.8139808207384244,0.07948284916952487,0.004873406164018565,-0.06376903873328989,4.52268937829521,-0.0551552401460672,False,3.6049202413072875e-05,4.381463625928657e-05
US100,03:30,240,recent,follow,401,-0.11753074296454871,0.9443409492583863,-2.4922685981026995,-0.12445795457334391,-2.251050665234898,25.107198931335567,235,-0.07412621857873807,0.9338633219500531,-1.2168091266717806,-0.07937587528756446,0.08615360514906929,3.9499599192701993,-0.13664577752472368,False,8.881566082479741e-13,1.2664038075529235e-12
US100,03:30,240,recent,fade,401,0.02310971646201919,0.9463523222308643,0.4890057335331167,0.024419781004543818,2.2380426460119236,25.08832583788716,235,0.009528534901365099,0.9346062508206241,0.15629006753983168,0.010195239859565074,-0.08766986131737653,3.926112841614501,0.05009091981526756,False,0.0002596378073160812,0.0003076695043673885
US100,04:00,60,none,follow,910,-0.11189226099717671,0.9544614934132157,-3.5364077516044268,-0.11723077543656872,0.016843219421651408,18.045520908421732,510,-0.04165195545712102,0.8711857940913155,-1.0797164007712565,-0.04781064583424,0.06528023153330913,5.892253291411507,-0.11226832743932283,False,4.686685639563654e-20,8.536290825732406e-20
US100,04:00,60,none,fade,910,-0.0531825142078095,0.9526573707626077,-1.684041652485572,-0.055825437182348774,-0.02054528529051252,17.79133200430521,510,-0.08471972745198404,0.871347959057096,-2.1957253692255954,-0.09722835357721046,-0.06316088564554351,5.858364629015802,-0.08109900842244774,False,3.965328526065383e-14,6.580571822944816e-14
US100,04:00,60,day,follow,447,-0.054451597592849704,1.051459468619144,-1.094893434731572,-0.05178668243328452,2.0484704668155342,21.293946313087133,269,-0.060168351608076466,0.808100147385053,-1.2211782696444005,-0.0744565531917998,0.08361314100949221,4.482740923980835,-0.06329086062139919,False,4.923062483904576e-07,6.169362552497485e-07
US100,04:00,60,day,fade,447,-0.10741411994806316,1.0499821332479375,-2.1628839957300348,-0.1023009026027864,-2.084520298271507,21.818940151722202,269,-0.06758398940382415,0.8050066261515917,-1.3769574145705283,-0.0839545752895422,-0.0796409131624294,4.617337006225818,-0.1264344563411741,False,4.875323899671886e-12,6.961010897703782e-12
US100,04:00,60,recent,follow,418,0.06484608148583762,1.1461470222063077,1.1567287986392032,0.056577454924596274,2.2309759768456447,16.35346015671279,256,-0.08207672119413748,0.8848365560464561,-1.4841470214271437,-0.09275918883919648,0.1358581747750148,6.51799944466913,0.02296458446425517,False,0.001491210923869946,0.001744001057110964
US100,04:00,60,recent,fade,418,-0.22793644922674647,1.1448501072206247,-4.070551842934603,-0.1990971986543394,-2.2542583786837795,16.596086834846044,256,-0.04376117260122425,0.8875680111405213,-0.788873362752068,-0.04930458517200425,-0.1388031363796385,6.617481243032852,-0.20927280696127476,False,6.988167406856932e-22,1.1778995092675128e-21
US100,04:00,120,none,follow,908,-0.09056986963398317,0.907908098653479,-3.005970933378046,-0.09975664912374677,-0.01015124485792427,10.166263061247637,509,-0.02979321241890493,0.942720082000448,-0.7130064615318501,-0.03160345577415075,-1.428466604161389,12.41602139675182,-0.0956165217673365,False,1.2072624451873204e-18,2.1702494386043512e-18
US100,04:00,120,none,fade,908,-0.03508847721687687,0.9067591832799172,-1.1660454605783837,-0.038696577728559965,0.01868665829972292,10.078531342204965,509,-0.06303276970698793,0.9431764288962673,-1.507760436411538,-0.06683030637306185,1.4165712857435289,12.255033445477594,-0.047792606084547135,False,1.5032148212867824e-12,2.418043911425559e-12
US100,04:00,120,day,follow,446,-0.009143646293916643,0.9517182339715246,-0.20289832280982356,-0.00960751403885598,1.4311763564536684,12.210127931665479,268,-0.039054803639858804,0.8394118713403006,-0.7616698217956324,-0.04652638945586921,0.5404799896080063,5.364639712451415,-0.02203932642226591,False,1.0496392115992253e-05,1.2923202015806056e-05
US100,04:00,120,day,fade,446,-0.11345642880439583,0.9505851909421827,-2.5206090696517283,-0.11935429868410033,-1.4453444923565775,12.315953530270328,268,-0.05467684106479304,0.8385289380617192,-1.0674628203087528,-0.0652056698140674,-0.5463484435074225,5.477084880601052,-0.11860086749593919,False,7.0167315860151e-13,1.0096069630336099e-12
US100,04:00,120,recent,follow,426,0.026895874897652845,1.0573729189849226,0.5250036132291042,0.025436508174876343,-0.24009713788904619,10.41103275585125,245,-0.018664764442758917,1.005946190739854,-0.29042286479691226,-0.018554436225889325,1.542576182538247,15.386226036812475,0.027533975520417555,False,0.000279470110269653,0.0003309045100005562
US100,04:00,120,recent,fade,426,-0.1492086018026686,1.0590538859729308,-2.9079075976455724,-0.14088858346012653,0.2365099220383933,10.490283475661343,245,-0.06990642536323236,1.0090755114245489,-1.084367445097034,-0.06927769485213539,-1.5458094274344156,15.46703192457422,-0.15665427919097247,False,1.6633273082807675e-11,2.2433639839574916e-11
US100,04:00,240,none,follow,906,-0.019655653090521245,0.8578675820439444,-0.6896540973694476,-0.022912222704219613,0.33891188662919325,13.438654349353138,507,0.017381996062402517,0.8483282136872172,0.4613597635995501,0.020489706439035568,-0.5886872993735212,5.055350493128416,-0.038916274866032406,False,4.620947473124818e-11,7.181556820526617e-11
US100,04:00,240,none,fade,906,-0.0760820499512619,0.8588524496606872,-2.666415012483903,-0.08858570524112747,-0.3213680766194798,13.29766130732025,507,-0.08602063556613815,0.84911135286147,-2.2810876811052703,-0.10130666051778978,0.589704396169651,5.01319774396878,-0.06415984640367398,False,9.207208105607338e-18,1.641133796391732e-17
US100,04:00,240,day,follow,446,-0.09855625468638005,0.9000214699325935,-2.312590572702868,-0.10950433737293107,1.9171671773650516,18.692730613991532,266,-0.11330953870733469,0.8267832491108049,-2.2351960470282113,-0.1370486627894284,0.11856410696504913,4.2496147657540915,-0.10998873197514288,False,6.467860234098231e-09,8.259378456870869e-09
US100,04:00,240,day,fade,446,0.005332154353667886,0.9015870800798157,0.12490000695398308,0.005914186739672269,-1.9064701131992068,18.58085277953645,266,0.04393946427587386,0.8258703488895939,0.8677281804763138,0.05320382834297383,-0.10178206845836286,4.289296641082612,0.008041117133065065,False,4.178795710798279e-05,5.073165219158262e-05
US100,04:00,240,recent,follow,405,-0.08830853042127641,0.9794456731061505,-1.8144701048091036,-0.09016174438876275,-0.9830879072410372,15.23379331080934,227,-0.10729012227473284,0.8810228299631936,-1.8347863748633768,-0.1217790488802828,0.1777087022985214,5.144797432805607,-0.13801147706883587,False,2.0639735165286053e-09,2.726984150815117e-09
US100,04:00,240,recent,fade,405,-0.005729699947947619,0.9807989820110189,-0.11756536179530365,-0.005841869794970126,0.9839356742515151,15.271018650412913,227,0.041393047931799015,0.883645235212912,0.7057687015720858,0.04684351398310371,-0.1659881681887891,5.129497035878564,0.049759307528055775,False,3.244950642849437e-05,3.9157930137056655e-05
US100,04:30,60,none,follow,909,-0.1496690200293177,0.9447509144515698,-4.776354315050946,-0.158421672569855,-0.553520661881081,13.421645773306315,510,-0.05304610481201363,0.9652883146637328,-1.241027880332334,-0.054953638209629355,-2.0957256831303317,23.240738660164364,-0.1657520853543857,False,8.226414639933004e-27,1.697719528576426e-26
US100,04:30,60,none,fade,909,-0.03367225453056305,0.9441187348899508,-1.0752947401928048,-0.03566527523096762,0.5456863078247287,13.025844216416575,510,-0.08010104769874242,0.9646975460889793,-1.8751331463031635,-0.08303229133678575,2.0801449374206347,22.71851676186315,-0.04465686798662173,False,4.387445401097186e-12,6.958594373853202e-12
US100,04:30,60,day,follow,462,-0.06221063882757979,1.0699579292941146,-1.2497379191328148,-0.05814307004446626,1.385967058235794,12.606916216860835,273,-0.015534436198718716,0.8787490410653856,-0.29208681641244205,-0.017677898322238778,-0.5135238919665598,6.2561878184735615,-0.04036941520653999,False,1.1492184685769851e-07,1.4680334332719572e-07
US100,04:30,60,day,fade,462,-0.1180075085310059,1.0722961307123413,-2.365461534189822,-0.1100512303934286,-1.4097518980978232,12.933892874830155,273,-0.11712699520835147,0.8767844143175698,-2.2072193981814605,-0.13358699504200844,0.5762540182304209,6.442690362051442,-0.16286805490037012,False,1.920242837581875e-12,2.753647079673847e-12
US100,04:30,60,recent,follow,433,-0.03911119913138556,1.1138973501687057,-0.7306340514503794,-0.035112031755405435,1.0279202014120128,12.237286367714315,240,-0.06311857469715292,0.9873660175970341,-0.9903407015500122,-0.06392621740290945,-1.2887118460319658,9.929698322399638,-0.10563522642058162,False,1.5844460134876e-06,1.974639602742438e-06
US100,04:30,60,recent,fade,433,-0.1370904041239095,1.120373308125716,-2.5461750094047604,-0.12236136217244362,-1.036675078530815,12.413241540078717,240,-0.06688938916140155,0.9817524556485079,-1.0555063601606949,-0.06813264257863964,1.3234147477306695,9.863227978437065,-0.09618508897234851,False,3.464178313476474e-12,4.858799874323757e-12
US100,04:30,120,none,follow,908,-0.07185954588132444,0.8848415559242462,-2.4471572759172897,-0.0812117665588895,-0.5450322457428848,6.878084957277956,509,-0.022992993261019126,0.9051027649277448,-0.5731344470568112,-0.025403737732316703,-0.6381954168175331,8.114264338316305,-0.08955265816169115,False,1.8985439280265096e-17,3.397234099950639e-17
US100,04:30,120,none,fade,908,-0.06469638846394671,0.8866120661284874,-2.1988182080420966,-0.07297034513240082,0.5651727571138602,6.838050572904304,509,-0.07525568446320016,0.9046621108908757,-1.8767732282404601,-0.08318651080577623,0.6447443175630393,8.031022874165432,-0.0629736007554075,False,2.3573114472702405e-15,3.966833657493623e-15
US100,04:30,120,day,follow,461,-0.0828500942624885,0.9657471942562645,-1.8419592351348373,-0.08578859431871559,0.445949549236321,5.6033513676634685,272,0.021187884162664303,0.9075407314445534,0.38504005984156237,0.023346482894425095,-0.20929309171908925,4.752632401206678,-0.05761515957568149,False,2.3987732303279987e-09,3.175715511067446e-09
US100,04:30,120,day,fade,461,-0.0509958995998094,0.966092691641434,-1.133357501180058,-0.05278572132987066,-0.443406399680474,5.596376425154776,272,-0.11937098632926728,0.9062310301220274,-2.1724225673599236,-0.13172246630441856,0.24348264561904814,4.79906251677837,-0.09005479834278335,False,4.7614992857235986e-08,6.20977376083233e-08
US100,04:30,120,recent,follow,434,-0.05755961356995431,1.0027876978016004,-1.1957867502561408,-0.05739960082891082,0.03980499538981649,6.476477563196276,251,-0.08330427289104102,0.895626714161776,-1.4735914731947495,-0.09301226903331723,-0.37316897915702085,4.435360210218964,-0.039480766900277575,False,9.834271245828204e-08,1.2605226962146375e-07
US100,04:30,120,recent,fade,434,-0.07430559581767936,1.0009581832083003,-1.5465018762157616,-0.074234465599265,-0.021351371227903877,6.542640532761966,251,-0.011996970057064082,0.8990559677297633,-0.21140814110731185,-0.013343963543624585,0.3999418911970798,4.4975175974425285,-0.10626430998468772,False,1.3990356087060097e-08,1.8219513992668702e-08
US100,04:30,240,none,follow,905,-0.018518034127010904,0.8581316196086607,-0.6491801994395314,-0.021579480005008794,-0.02457092497494565,7.877247834782647,506,0.015370953579380198,0.8330230245893993,0.41506781997392383,0.01845201528127822,-0.7029116604335505,7.553547190511466,-0.045191513027465886,False,5.0753844106610076e-11,7.894300589202304e-11
US100,04:30,240,none,fade,905,-0.08186921402042854,0.8597573306046588,-2.864633214594449,-0.09522363009437877,0.03898872060351203,7.768546804210791,506,-0.08506421299694088,0.8337651643506957,-2.294977335258091,-0.1020241869461956,0.703901389823471,7.413403852540858,-0.06226205415107648,False,4.046937973600655e-18,7.208153405568698e-18
US100,04:30,240,day,follow,460,-0.11081710360352684,0.9175461264994735,-2.590346159288266,-0.1207755124271569,1.0363275796597828,8.915434893637515,269,-0.08535023801387008,0.8556369669714406,-1.6360302783185676,-0.09975052657667477,-0.007925099007997686,5.428111605781286,-0.0940226214828719,False,1.8409654129802915e-10,2.447862405462497e-10
US100,04:30,240,day,fade,460,0.012240244870060172,0.919808287355536,0.28541165490938286,0.013307387026541235,-1.026432669167794,8.853564232631394,269,0.015531999377878499,0.855343530361542,0.2978262201246682,0.01815878512731994,0.042781087707159715,5.456261927822344,-0.011172340360918968,False,6.331246509597747e-05,7.672474946742212e-05
US100,04:30,240,recent,follow,418,-0.08658936568303185,0.9989743401073068,-1.7721413780141486,-0.08667826810619648,0.5306343085815619,8.066334209986294,232,-0.07843335516905098,0.8927422388186654,-1.338192842067285,-0.08785666428513464,-0.16206034537824449,5.244960127554176,-0.11088677115627178,False,1.3621991464507472e-08,1.7540880355749678e-08
US100,04:30,240,recent,fade,418,-0.009145459382167919,0.9994919728268206,-0.18707439767392156,-0.009150107885611332,-0.5314257541710103,8.040568617802544,232,0.009865132188761038,0.8944347842301115,0.16799572139544564,0.01102945945606587,0.17666252436247393,5.283684184462221,0.018482776162620722,False,1.682506448555468e-05,2.052105600032758e-05
US100,05:00,60,none,follow,908,-0.1043402790720102,0.8570892830585958,-3.6683338510031525,-0.12173793458210452,-0.6663473300619165,7.252616588167261,510,-0.06950073865509523,0.9571689988552111,-1.6397811295145386,-0.07261072886629132,-1.3344868282852078,12.699002858904453,-0.12093843831851492,False,6.838176244688474e-23,1.3528485824382052e-22
US100,05:00,60,none,fade,908,-0.09123870284541155,0.8575474457166767,-3.2060025894435435,-0.1063949327831777,0.6542257909908524,7.055950248968107,510,-0.067422404364364,0.9577102180808292,-1.5898465285384393,-0.0703995875698944,1.3209017455881449,12.463698215987055,-0.09983732670404204,False,2.3033393023575834e-18,4.048890538408987e-18
US100,05:00,60,day,follow,450,-0.041633206192981796,0.9129611531555188,-0.9673726747247604,-0.04560238521549642,0.4742885860385341,5.302609271749671,278,0.013704193715552329,1.079583213729014,0.21165072660751574,0.012693967024752402,1.4690464761811024,10.501803679862164,-0.09546884454197067,False,2.7743825784489467e-07,3.5332003241477684e-07
US100,05:00,60,day,fade,450,-0.1470572784165074,0.9103913128001724,-3.4266099861381765,-0.16153194384532307,-0.5115809676751805,5.410436199780513,278,-0.14899344582597843,1.07907360733468,-2.302175839789105,-0.13807533129643804,-1.4693512199181233,10.662470918146981,-0.12242068088197758,False,5.237482182301643e-15,7.667478925948347e-15
US100,05:00,60,recent,follow,402,-0.08894898606079008,0.9375374213748766,-1.9022404699823765,-0.09487513141645959,0.37065794097583027,6.583646551395068,246,0.0010533965967669625,1.093943511643891,0.015103046785527702,0.000962935092675857,1.3334541248151413,11.312529768360323,-0.18281097113823858,False,8.4586200279675e-09,1.0891925136364183e-08
US100,05:00,60,recent,fade,402,-0.09936777084737301,0.9354689979883161,-2.129752685301602,-0.10622240935943246,-0.38726061302996806,6.788630845558235,246,-0.13495975191176657,1.0952596956509792,-1.9326567077113839,-0.1232216911182437,-1.3400758701994189,11.422961909785277,-0.03458986970873563,False,6.121652324535867e-10,8.110178468675288e-10
US100,05:00,120,none,follow,908,-0.049550343074877636,0.8323362220622679,-1.7938692903030862,-0.05953164329687279,-0.8563227876757756,7.607357070555913,510,0.013170408132364319,0.8758616558236522,0.33958524161231163,0.015037087244079648,-0.5049885053821012,6.31566305079693,-0.07526601843576676,False,3.1643414969327492e-15,5.445675291058105e-15
US100,05:00,120,none,fade,908,-0.09374901574858152,0.8350992481093228,-3.382762818799511,-0.11226092702254337,0.8730094155811646,7.582584289851588,510,-0.11323479176935607,0.8759552564481341,-2.9193290622450543,-0.12927006366570137,0.5266233229216656,6.331668436219568,-0.08204393843459434,False,1.5886053477769346e-18,2.7773440138853166e-18
US100,05:00,120,day,follow,450,-0.08117034657896247,0.9010206540618397,-1.9110361867456385,-0.09008710978271482,0.5319531621119488,5.37111629152561,278,-0.06223868302232256,0.9570967645077565,-1.0842437920483796,-0.06502862127460277,0.238309692899449,6.090557785576984,-0.10315555454169989,False,2.538513733777208e-09,3.34361054705714e-09
US100,05:00,120,day,fade,450,-0.0570761067121811,0.9004723710192016,-1.3445910190746875,-0.0633846285006828,-0.5285355924125225,5.427186227795058,278,-0.03687645810282699,0.9570186347108873,-0.6424675619173578,-0.03853264373892497,-0.2140726189036824,6.06477059260053,-0.05307483705989919,False,1.663354820939435e-08,2.1840071704430962e-08
US100,05:00,120,recent,follow,410,-0.09298935838409723,0.9067594209926142,-2.076505582541525,-0.10255130107421807,-0.13369334591411902,8.287964738885183,264,-0.07148188185186055,0.9683569004983826,-1.1993957044170107,-0.07381770276544845,0.4323928917603035,6.215583656477921,-0.16276756075968007,False,1.1844717546292293e-09,1.5595243854283782e-09
US100,05:00,120,recent,fade,410,-0.04398306569926826,0.9086774725678358,-0.980093850247622,-0.04840338516919135,0.1438197430085661,8.390903236010208,264,-0.025916441016628166,0.9683692668131514,-0.4348468489163548,-0.026762973490389374,-0.4082732083238461,6.147856630924017,0.00817886769159307,False,5.750626737214711e-07,7.209221542102e-07
US100,05:00,240,none,follow,902,0.003661481389210498,0.8576433779036249,0.12821928806210195,0.0042692353063582406,-0.6059555711733071,8.659690907817506,507,0.0076162365588784055,0.8483550876469168,0.20214673710203168,0.008977651775512501,-0.953044216893436,9.316151396682468,-0.015561436821858978,False,7.0775027772150305e-09,1.0439331806410491e-08
US100,05:00,240,none,fade,902,-0.10347683841108228,0.8593600516300666,-3.6163566834100034,-0.1204115064632147,0.6109708878608772,8.543509903722383,507,-0.07591323753745886,0.8482256255396915,-2.0151626471759103,-0.08949651513906852,0.9471801142523368,9.173693036576326,-0.09020629688554939,False,1.3628980042317126e-19,2.430745965779957e-19
US100,05:00,240,day,follow,448,-0.14306247000337727,0.9184558748946682,-3.2969049721107853,-0.15576411879316923,0.8545720138913541,10.550219531898234,276,-0.10502954566969354,0.8972037995366989,-1.9447999012528348,-0.11706319759672111,0.14133218585217092,5.9351324398437235,-0.10428742068399297,False,6.644345069418992e-12,8.950254058879176e-12
US100,05:00,240,day,fade,448,0.0464782721455786,0.9185043236843632,1.0710451441048552,0.05060212668258543,-0.837234039545795,10.548538749335485,276,0.03752116176304523,0.8975116707792131,0.6945295260500121,0.041805764743392836,-0.12272151631059516,5.957523782865321,-0.0008277794802277879,False,0.0015901947520772725,0.001844305599185858
US100,05:00,240,recent,follow,403,-0.13941177484170814,0.9486710541397644,-2.950097229307101,-0.14695481034585153,-0.4676966252677335,9.63061978229004,247,-0.13882655819212006,0.8378354959940443,-2.60412770189401,-0.1656966777558287,-0.15072131707854078,5.153607320585963,-0.18773566503155664,False,2.5610922949429635e-12,3.5192912364230803e-12
US100,05:00,240,recent,fade,403,0.044457994211446236,0.9497687958904151,0.939689753007684,0.04680928074686487,0.4745340773096341,9.538467034049347,247,0.07169033499636937,0.8393136744685908,1.3424087908976314,0.08541542593328998,0.1457257583725017,5.14850303186947,0.09580193601450582,False,0.0015060472363156465,0.001742712658829451
US100,05:30,60,none,follow,910,-0.04262233188659774,0.9017349393296582,-1.4258669580261754,-0.04726702939810983,-0.5321836866873018,7.5774902555596055,510,-0.042783305613890994,0.8348772599662277,-1.157275590184412,-0.05124502446697572,0.002022188839588916,6.377832102287187,-0.058111150707515775,False,1.0911930353227642e-13,1.8100439174696738e-13
US100,05:30,60,none,fade,910,-0.16358349196568117,0.9072293924058114,-5.439300578604662,-0.18031105841036166,0.5398627406350994,7.661293976753337,510,-0.10304529355292123,0.8329848704453603,-2.7936766343263373,-0.1237060806372479,0.010013535357469083,6.374697641790586,-0.1727776618553377,False,4.240991272187335e-26,8.228805508490976e-26
US100,05:30,60,day,follow,455,-0.11398607037739082,0.995845264549207,-2.4415499720968734,-0.1144616281616696,0.5654187515221416,8.225760715533074,272,0.01054064161734698,0.8527185924297755,0.20386645318130353,0.012361219411566942,0.26370103866749073,5.40654549910237,-0.12645104437003696,False,1.5979118404352194e-10,2.1413677062465217e-10
US100,05:30,60,day,fade,455,-0.08512688097963426,0.993486142113986,-1.8277239636012017,-0.08568502102958107,-0.5784025275117965,7.97343429029362,272,-0.15606012338956776,0.8484709329589465,-3.033468078573514,-0.18393101911614781,-0.2511368263761405,5.400015253298076,-0.0974869829506619,False,6.793616255713949e-10,9.173025720136439e-10
US100,05:30,60,recent,follow,401,-0.1105587670047653,1.0001854632533724,-2.2135270560164373,-0.11053826621829031,-0.28140142774619115,6.2814072455652745,222,-0.02185881097914257,0.9072430670367704,-0.35898753065032046,-0.024093665494229272,0.3392295309324109,4.389664912785445,-0.14916803291861422,False,4.504704910546714e-10,5.970397440882199e-10
US100,05:30,60,recent,fade,401,-0.08712991054365034,0.9982885578158579,-1.7477662999045263,-0.0872792839920761,0.245464796550059,6.122516399307433,222,-0.11987595214242845,0.9035786055298661,-1.9767084442998963,-0.13266798417845693,-0.333831306494464,4.456183726562043,-0.08010921795247615,False,1.6076838768743433e-08,2.0638072475262735e-08
US100,05:30,120,none,follow,909,-0.019756419558484097,0.8387481851770529,-0.7101638946838368,-0.023554649545159588,-0.4466808747278311,4.599570949969637,509,0.01597957191874459,0.8553617555109946,0.4214773137595965,0.01868165348262311,-1.165811764808007,9.910432168544686,-0.04002125575173917,False,2.475756214942936e-11,3.8910197170781437e-11
US100,05:30,120,none,fade,909,-0.12698762876233646,0.84262224782567,-4.543708207713702,-0.15070528827125027,0.4564325159175263,4.602094173449302,509,-0.11854981329698673,0.8566652596733221,-3.1221129466018245,-0.1383852233510603,1.1740164941421756,9.909345557590067,-0.1186044553737928,False,1.4382610755407774e-23,2.741318900251119e-23
US100,05:30,120,day,follow,455,-0.14471252258616002,0.9020674020199478,-3.4219434117607186,-0.16042318152957702,0.0850423727348101,4.4099445478320165,271,-0.0949444925366674,0.8656669273269175,-1.8055253789184007,-0.10967785592762028,0.6650718381400733,9.795778365156728,-0.13839634925863317,False,6.331433969408186e-14,8.998097903529827e-14
US100,05:30,120,day,fade,455,0.002675944066037643,0.9018328494887482,0.06329314544793384,0.00296722842548333,-0.07237686298400256,4.411410379081216,271,-0.007798525641848834,0.8648646953755798,-0.14843932840212584,-0.009017047040476331,-0.6479351224581206,9.820401305139615,-0.01735546392133425,False,2.469741333167485e-05,3.0244559773601824e-05
US100,05:30,120,recent,follow,405,-0.15057997944504906,0.9379194300705807,-3.230942374846435,-0.160546817367583,0.1918100315472387,4.154584073146334,242,-0.06639583943180051,0.844438091353664,-1.223152855468477,-0.07862724350267719,-0.16371399288680188,5.292248322935892,-0.16964788497483108,False,1.956372456171027e-12,2.664656791556022e-12
US100,05:30,120,recent,fade,405,0.007207897384119842,0.9365884252515025,0.15487714007640221,0.007695906963813163,-0.18941782722764625,4.17592601238631,242,-0.03349133084024104,0.8416819828277269,-0.6190020077509042,-0.03979095611352293,0.18496558180723333,5.2806739212879865,0.01570050183384559,False,9.534367809473619e-05,0.00011381721713116132
US100,05:30,240,none,follow,903,0.01755818069068906,0.8526745724127219,0.6187854269984513,0.020591889636167475,-0.10635720986732554,4.477830984165713,506,-0.028632920673022744,0.8161091284043503,-0.7892101696956334,-0.03508467149363417,-0.8641993549223705,6.072233145205268,-0.011887482465970794,False,1.0787382139069686e-07,1.5419451038314763e-07
US100,05:30,240,none,fade,903,-0.11699697356903213,0.8550029861819758,-4.1119788419489085,-0.13683808765567387,0.11017098996213329,4.4759672928550005,506,-0.039090702019075996,0.8155752369393408,-1.0781636791039975,-0.04793022182205295,0.8583969241613305,6.054334348303517,-0.0939544044608454,False,7.7170923079394e-23,1.477613283282813e-22
US100,05:30,240,day,follow,452,-0.15426717829174644,0.8818249961369694,-3.7192926182502624,-0.17494080908065449,-0.005939260487636859,4.867892127206947,269,-0.05910324296868639,0.8853349620352053,-1.0949135645835202,-0.06675805825268669,0.48209978729181563,6.315379835431608,-0.15240536858629358,False,6.08160264675702e-15,8.76533979013999e-15
US100,05:30,240,day,fade,452,0.057721705762561366,0.8823960025053713,1.390736465427399,0.06541474077247987,0.003174004426088801,4.851530461193808,269,-0.008410772592457202,0.8863779662775123,-0.1556299145770111,-0.009488923362772206,-0.48115935749599564,6.313666352957972,0.04857118492018121,False,0.0033237758121474445,0.0038303383811366717
US100,05:30,240,recent,follow,417,-0.1807686173204767,0.9583017144693563,-3.8520223519353816,-0.18863434614700061,0.13754924809393979,4.351551709448626,256,-0.041163518124351525,0.8582413776700224,-0.7674021634538924,-0.04796263521586828,0.5887161612084026,5.463968491653416,-0.1264683272009581,False,1.666678193454185e-14,2.3437266551092197e-14
US100,05:30,240,recent,fade,417,0.08431484162881835,0.9592316557541294,1.7949342868587987,0.08789831019758376,-0.13936463788977319,4.36222705664146,256,-0.0237909489596769,0.8607767474473096,-0.4422228928507752,-0.02763893080317345,-0.5888924519625434,5.4902251368483,0.03334284781200123,False,0.016454805895876192,0.018396334596668618
US100,06:00,60,none,follow,911,-0.06910622341426634,0.9235571463631118,-2.258460894850985,-0.07482614766871835,-1.3087337567712398,15.336517554974257,510,0.02118515502944217,0.8873102939866435,0.5391892371015263,0.02387570072500598,-0.18023770444165332,6.950753001447703,-0.10544205507756305,False,1.7583646440297644e-17,3.19410352223177e-17
US100,06:00,60,none,fade,911,-0.14280250831375954,0.9274787698988491,-4.647196613515609,-0.15396849280909533,1.3257421250333994,15.173085361722888,510,-0.16825931929625437,0.8870422733342818,-4.283708384727685,-0.18968579554138776,0.2182215358350071,6.9222347721225495,-0.12944686367211222,False,1.2982660094068801e-20,2.2562227070031096e-20
US100,06:00,60,day,follow,453,-0.1484965870188555,1.0542810009699823,-2.997845127611809,-0.1408510509837818,1.821753864816985,16.8722104084568,278,-0.1784873068836866,0.9246303327321795,-3.2185599154627065,-0.1930363958061775,-0.1783079535772071,6.685272877002974,-0.1751577236476237,False,3.8551826064469726e-10,4.991187922369256e-10
US100,06:00,60,day,fade,453,-0.05599687093127948,1.0547079730806928,-1.1300056931103224,-0.05309229887370475,-1.790980101791642,16.77433475668759,278,0.030602109241863573,0.9219085224783942,0.5534596056607455,0.0331943012736177,0.21752911893916457,6.610360615681293,-0.054918546488484536,False,2.1653994184828003e-08,2.8623085311988908e-08
US100,06:00,60,recent,follow,429,-0.18377692777129873,0.9124838046292699,-4.17152132562466,-0.20140294747035523,0.1841535945637232,6.819768786810032,217,-0.07542088359360904,0.9857268947272014,-1.1271062990481275,-0.07651296114273282,-0.035193971822944335,6.299811299172081,-0.2808607891202464,False,3.0301774635109847e-15,4.2950601005295505e-15
US100,06:00,60,recent,fade,429,-0.021413533012693813,0.9078073540653937,-0.4885660408348191,-0.023588190728791227,-0.15302853814843376,6.7665300568871665,217,-0.06976239512097554,0.9844259136381985,-1.0439223894016099,-0.07086606940602641,0.07645178030430419,6.462769799478499,0.049780952454046574,False,3.4510634331371042e-06,4.285139525669852e-06
US100,06:00,120,none,follow,909,-0.004860968194856567,0.8544836722394071,-0.17151454384787507,-0.005688778326351253,-0.3610190928028083,6.33420401297521,508,0.009217843548683307,0.8087156817549145,0.25690072168753936,0.011398126383156773,-0.5522294366044045,5.521181155750972,-0.02841102414518203,False,9.446004792996662e-10,1.4277397095185656e-09
US100,06:00,120,none,fade,909,-0.14482961189020532,0.8582040702080201,-5.088019165647762,-0.1687589431440241,0.3665286428921016,6.261988476476677,508,-0.11176168174623696,0.81004893939802,-3.109664434858303,-0.13796904891856482,0.5621387917093705,5.525546534615529,-0.131409570374543,False,1.1150845757730747e-25,2.18380828950406e-25
US100,06:00,120,day,follow,453,-0.1902701848879974,0.9254766941802057,-4.375768671325559,-0.20559154658836673,0.23148220512197273,6.533236438648534,276,-0.1601597668849937,0.8476253617841828,-3.139091871168007,-0.18895112641258202,-0.19291212700470708,4.677174808768064,-0.20366467481571635,False,3.6029571705949917e-16,5.208875882482119e-16
US100,06:00,120,day,fade,453,0.04587651518810337,0.9270988449103507,1.05320638226299,0.049483952482477285,-0.22545758396557752,6.620813452255024,276,0.057010301976121155,0.8468502821850524,1.118410526132484,0.06732040264428152,0.21007103492966078,4.745656220350387,0.04656932364734119,False,0.0011871629958296428,0.0013867853811239481
US100,06:00,120,recent,follow,425,-0.18530098404887874,0.9136326150923739,-4.181196671088486,-0.20281782960445613,0.21113206759621822,5.493294497792962,224,-0.039356624370849934,0.8569473940450997,-0.6873654337196246,-0.04592653486589477,-0.09823851241377894,3.532539285079441,-0.24538229110969512,False,2.6569760518909914e-15,3.766874610087705e-15
US100,06:00,120,recent,fade,425,0.03700484543861461,0.9116211529284581,0.836832745230505,0.04059235058307018,-0.19373199683089254,5.515071498040349,224,-0.061958490963222985,0.857323186248662,-1.081633853391057,-0.07226970173795376,0.09263519773197343,3.5289283842532146,0.08760980561357644,False,0.0008663753591054055,0.0010115445444225308
US100,06:00,240,none,follow,902,0.001419584952322665,0.9346697849246396,0.045614871151619704,0.0015188090759102938,0.40081578459092754,7.687967755172554,506,0.023173131478360177,0.8326290335926825,0.6260491548041247,0.027831279649679314,-1.0808537376581073,8.010018096867297,-0.030769711976074234,False,4.12583451813287e-09,6.12598784632455e-09
US100,06:00,240,none,fade,902,-0.08640721265167868,0.9366506692588709,-2.7706113995171298,-0.09225126878951444,-0.41023206434701287,7.66032474370138,506,-0.07886162557837016,0.8316775351282913,-2.13297621534928,-0.09482235872369124,1.043850211154376,7.7996435799835195,-0.06501830737449114,False,1.9873580022620382e-18,3.600148196968805e-18
US100,06:00,240,day,follow,449,-0.19340550566230336,0.9820907998834932,-4.172922901629308,-0.19693240755869754,-0.956111650189636,9.18193844525752,275,-0.04496827154880981,0.8484410572257547,-0.8789230726639141,-0.05300105548386323,0.2646165489798518,4.309173267638215,-0.14838736020673784,False,1.0319030562280464e-18,1.606539036409253e-18
US100,06:00,240,day,fade,449,0.11093762124535063,0.98225999574606,2.393181091781594,0.11294119858876031,0.9360026162386283,9.176888849852801,275,-0.010217380990608017,0.8481184416596538,-0.19977881284861485,-0.01204711569602705,-0.28478483658871734,4.3199497279342225,0.054847167085873616,False,0.037824561254617015,0.04206240451500887
US100,06:00,240,recent,follow,423,-0.16020535424580268,0.9824592184515044,-3.3537653875604523,-0.16306565324747946,0.7930302458998166,10.44142270040786,245,-0.10425671379234529,0.8594559505878399,-1.8987310436757323,-0.12130547670423027,0.11059285817955994,5.315256936282238,-0.1879220613818356,False,9.861507017014932e-12,1.3139711389758595e-11
US100,06:00,240,recent,fade,423,0.07750669002205446,0.9826180330335594,1.6222756294359841,0.07887774029830712,-0.8109571211194966,10.519477039591562,245,0.0500287153224319,0.860050575633703,0.9104967547270307,0.05816950391035982,-0.15043876449253218,5.332093928946626,0.10157511177620143,False,0.011716760982938857,0.013137489847957791
US100,06:30,60,none,follow,910,-0.08541304368266095,0.8720263298719235,-2.9547129537165038,-0.09794778065383158,0.05632315039983584,9.801755442296885,509,-0.0050788889074695216,0.8520848739122918,-0.13447598955515966,-0.005960543442286607,-0.8260811245723634,7.267936228702957,-0.11388427408406622,False,2.1378110160065986e-18,3.823933785145552e-18
US100,06:30,60,none,fade,910,-0.1263023872919183,0.8750742531142491,-4.353989221332914,-0.14433333724815733,-0.051770977162012274,9.791852987623992,509,-0.13986631630544505,0.8570054396849076,-3.682039553783918,-0.16320353387356473,0.8356807112402219,7.201249799313951,-0.11684744868344986,False,8.03683752734685e-24,1.5623300315419694e-23
US100,06:30,60,day,follow,451,-0.17966920478124523,0.9462378255790554,-4.032381482414266,-0.18987742819443482,0.1280763934024922,11.662079686121663,280,-0.19940852020385624,0.8822612287659634,-3.782034897719298,-0.2260198155627591,0.5572218905050254,6.39275214074187,-0.17699782678676843,False,7.804256825339299e-15,1.1057971359466422e-14
US100,06:30,60,day,fade,451,-0.025812475937272,0.9480249169356079,-0.5782267551257501,-0.02722763450216915,-0.11893091741161507,11.540461944218672,280,0.05459450489303226,0.8810893892575389,1.0368310064637012,0.06196250409851946,-0.5385831404362585,6.360594758059432,-0.05203747645895679,False,1.4029285674592123e-06,1.766320529369783e-06
US100,06:30,60,recent,follow,439,-0.11411669058480851,0.9807996727331384,-2.4378170848501943,-0.11635066136064875,-0.8230241189733811,10.584263149233461,226,-0.09890148277068275,0.9671074881606525,-1.537383714792653,-0.10226524350337114,0.5152672889760658,7.160088892212235,-0.11958993105136602,False,1.045809031555493e-11,1.4536667508610143e-11
US100,06:30,60,recent,fade,439,-0.09269280008291521,0.9783767361937212,-1.9850531714246973,-0.09474141877445641,0.8276113248912371,10.590134498078218,226,-0.042630187781561524,0.9663940146594587,-0.6631583369354151,-0.0441126363935353,-0.5166319945499845,7.099542393101248,-0.10712904720313171,False,4.4322610220268255e-09,5.763648476510146e-09
US100,06:30,120,none,follow,908,-0.026618063279273716,0.8825781383227012,-0.9087955917783471,-0.03015944098712904,-0.15782904237134668,8.426235140251075,507,-0.00858031232777097,0.8014162171422435,-0.24107320955338815,-0.010706437110004286,0.3553141166527475,8.901156334255674,-0.030013261338795574,False,7.648935812530804e-12,1.2137132583698143e-11
US100,06:30,120,none,fade,908,-0.12349123887336859,0.8845760398753165,-4.206722846539736,-0.1396050009344307,0.16766268327015038,8.303116933479737,507,-0.09073581669029351,0.8032266077917471,-2.543575573370056,-0.11296415707610451,-0.33708396294092535,8.610057057548167,-0.1305205950756271,False,9.461809805998595e-23,1.7971081609224512e-22
US100,06:30,120,day,follow,451,-0.16633093484524397,0.9666431342710292,-3.6542236895782603,-0.1720706731866238,0.8452247198088224,10.04059488361915,278,-0.18520752732685433,0.8923498781493301,-3.4605558511676935,-0.20755034752843976,0.25755032873106076,9.34066004280548,-0.16899512098550556,False,9.451869850451778e-13,1.2860749888941144e-12
US100,06:30,120,day,fade,451,0.020291136868691797,0.9706852944456683,0.4439317439694752,0.02090392940410157,-0.833270768105433,9.917033323119902,278,0.08651289767513902,0.893478575144106,1.61442960737261,0.09682705336407833,-0.23715662387467273,9.396797061970132,0.010026191666509194,False,0.00014319916798396425,0.00017156130528881564
US100,06:30,120,recent,follow,432,-0.12895746489399468,0.9663841342599458,-2.7735664106206928,-0.1334432761489301,-0.3771753963038321,9.662376209030777,236,-0.09182285151157016,0.9085472053528465,-1.5525989212004745,-0.10106558137054587,-0.5086748297979024,7.35930885561923,-0.22084070045288598,False,4.33484845703813e-12,5.99291537413536e-12
US100,06:30,120,recent,fade,432,-0.017132206986272318,0.96714913243338,-0.3681813108348622,-0.01771413157675808,0.3805868632111456,9.598188377507775,236,-0.006111798266471708,0.9107312659406234,-0.10309432655274753,-0.006710869051101818,0.4854361346751995,7.42083195820928,0.06505800099897756,False,6.270568463123306e-06,7.739090808623723e-06
US100,06:30,240,none,follow,902,-0.022939257060254913,0.9364655305903906,-0.7356831691878776,-0.024495570110085053,0.02502964380786253,10.41804409956466,506,0.013644849779635562,0.8756641325188501,0.3505148772931794,0.015582286944180433,-1.128969012531855,10.590795592242582,-0.036626986538862254,False,3.164798058800389e-11,4.9400299025260975e-11
US100,06:30,240,none,fade,902,-0.05727899845090892,0.9382232915636325,-1.8335488037857035,-0.061050497217403736,-0.037795428127353925,10.377930138441505,506,-0.06616500197063994,0.8745412373182513,-1.70185790228395,-0.07565681199154485,1.090715393564192,10.371174750436937,-0.05473990461953649,False,1.3167557661739778e-14,2.204053959029327e-14
US100,06:30,240,day,follow,447,-0.157256755413865,0.9883864518514074,-3.363847421474656,-0.15910452345769988,-1.2303716787844972,10.91062340195555,278,0.03150816483028308,0.9272942181548688,0.5665365777737336,0.03397860594124922,0.6038960190677259,5.187321887657909,-0.15663470307869815,False,6.392286952938374e-16,9.631296941111555e-16
US100,06:30,240,day,fade,447,0.07800619039122533,0.9898953093074437,1.6660712259047423,0.07880246492510452,1.2161187383310046,10.848790564898053,278,-0.08279370052363945,0.926805919702582,-1.4894670254440576,-0.0893322957520691,-0.622800594467969,5.1897318128506065,0.06701961227871718,False,0.005780099578534709,0.00664115935004729
US100,06:30,240,recent,follow,409,-0.11040838609262851,0.9196223584570021,-2.4280308137762745,-0.12005839688138767,1.058152839681367,14.019848406131077,243,-0.11589917945997323,0.8714124320189567,-2.073288537135134,-0.13300152166919277,0.5454484543816047,5.74218265800529,-0.13926720467567757,False,2.5358872328035495e-09,3.2536764044617167e-09
US100,06:30,240,recent,fade,409,0.03361318336035597,0.9204981856282414,0.7384963646419677,0.03651629507277619,-1.067442150041722,14.090572917934384,243,0.06473267220547803,0.8713535672170055,1.1580631932789238,0.07428978848646492,-0.575031889343382,5.793405507646353,0.05556610872153467,False,0.000955906993426742,0.0011087585417371452
US100,07:00,60,none,follow,909,-0.04644275380263565,0.8908973095651865,-1.5717094244452068,-0.05213031098421726,0.5452100305516724,12.429170039534068,509,-0.08478147610661357,0.8648303312701027,-2.2117139240403474,-0.0980324961337818,-0.918953355366545,7.5213638564330205,-0.06418709463435256,False,1.7965210011365423e-13,2.924382484306651e-13
US100,07:00,60,none,fade,909,-0.1680143895031882,0.8939716214190232,-5.6663668396498945,-0.18794152462747624,-0.5319585990495993,12.382439520588363,509,-0.059295891992337625,0.86687707536242,-1.543213378255576,-0.06840173039245209,0.9414408788977067,7.461306164390723,-0.16445172279257617,False,7.425463481201257e-31,1.614167483138345e-30
US100,07:00,60,day,follow,455,-0.23337661762156303,0.9532577155015288,-5.222190501338314,-0.24482006683657284,-0.718919619820566,14.240419454926004,275,-0.16497104124307302,0.9878421907300472,-2.7694051246847424,-0.16700141256484916,0.24070535277539273,7.092220589336877,-0.2272033158386591,False,1.2822090834633891e-20,1.9879357162601106e-20
US100,07:00,60,day,fade,455,0.02384239110303271,0.9530861956809058,0.5336092221449995,0.02501598618370417,0.6981206367046922,14.141116369002217,275,0.02305240401451224,0.9911697065957321,0.3856865989902766,0.0232577770094366,-0.20358285785342672,7.272658702777464,0.0014379781469506853,False,0.0001489617228854594,0.00017907393902795899
US100,07:00,60,recent,follow,417,-0.07485179192495069,1.055015493468884,-1.448809855567501,-0.07094852387317885,-0.46375314201408524,13.169873146279254,224,-0.17903496865444948,0.8973070913609626,-2.986212944960597,-0.19952474507128184,-0.6658309017075779,6.546639813586386,-0.147480423622984,False,2.649175954834938e-08,3.425375217804594e-08
US100,07:00,60,recent,fade,417,-0.13604574356307347,1.0544487499341544,-2.6346777865408026,-0.129020726300419,0.4881270805559112,13.018575954141273,224,0.03676269516721963,0.9027415719949334,0.6094918598959482,0.04072338785282612,0.6546362821746332,6.363399379876461,-0.07636998997496414,False,2.2651153845845263e-10,2.981699948829586e-10
US100,07:00,120,none,follow,905,-0.02139493878915644,0.9679162523145368,-0.6649631146186838,-0.022104121857645882,-1.7020796607485116,24.99274970912115,508,-0.045334631716385236,0.8659823024403306,-1.1799210021160078,-0.05235052909122119,-0.7202073451724507,7.815033778616467,-0.025405477180348877,False,2.100982492420445e-11,3.32300868254706e-11
US100,07:00,120,none,fade,905,-0.1210736945558283,0.9689716774149092,-3.758919297383419,-0.1249507053486199,1.6889923422293975,24.70043810886943,508,-0.04865178771586565,0.8660430650609073,-1.2661675262566192,-0.05617709982175546,0.720487505229278,7.627331363179071,-0.12590113038190046,False,2.5329630152874457e-17,4.168816317081203e-17
US100,07:00,120,day,follow,453,-0.1745002794415137,1.0559349628643502,-3.517289032260513,-0.1652566546031971,2.760017620605454,33.54536524221357,274,-0.14602105999328183,0.9939837614208368,-2.431708364753361,-0.1469048747683302,0.3403922560364799,7.348331044082702,-0.18161154385292252,False,1.9675364247481877e-09,2.4541542079646863e-09
US100,07:00,120,day,fade,453,0.035566981029599376,1.0568456225730516,0.7162828474231318,0.033653903909831355,-2.7804929104227676,33.709363843015446,274,0.05374642247048291,0.9987599452394188,0.8907661931598004,0.05381315372794514,-0.3375983988752199,7.507220894235106,0.03250279386915171,False,0.0006076100308159001,0.0007111835317087326
US100,07:00,120,recent,follow,415,-0.07955424994913365,0.9802194057748169,-1.6533474796979655,-0.08115963577179927,0.041958941935038845,6.263826453939129,238,-0.09615368805480796,1.0053419623368307,-1.47550476054487,-0.09564276799041294,0.8257108398840309,7.729824177777531,-0.15761320739229714,False,1.3936867537677835e-08,1.8030921074370948e-08
US100,07:00,120,recent,fade,415,-0.056971340543814204,0.9804497942567071,-1.183736740192152,-0.058107351215270525,-0.041621798619015944,6.264687029957592,238,0.004007627373870935,1.0095682807197592,0.06124069570719499,0.003969644699032884,-0.8129881959924175,7.780263651227096,0.011181137950286706,False,1.5812051568873075e-07,2.0089343679644763e-07
US100,07:00,240,none,follow,897,-0.02995473869654052,0.9030298219782115,-0.9934812250136171,-0.03317137260308915,-0.22447069017879212,6.1901798710593585,507,0.03809413568786409,0.8901984198950574,0.9635522835061442,0.04279285925081162,-0.7793161984427096,9.182615975276976,-0.04829199070023167,False,5.074283328867236e-12,8.066103333421773e-12
US100,07:00,240,none,fade,897,-0.02878052863440292,0.9032480023068693,-0.9543067122289692,-0.031863373692383797,0.21410208907736483,6.179674875221755,507,-0.08096538324048247,0.8892990761712698,-2.050007804345579,-0.0910440428984426,0.7507487841979721,9.017436468542924,-0.026139171087290875,False,9.246793526171748e-12,1.456815547300268e-11
US100,07:00,240,day,follow,448,-0.1559665795073851,0.9456956231448497,-3.4907534484864127,-0.1649225984452887,-0.5871227964193255,5.139568200854017,274,-0.029464693995561016,0.9229339535571854,-0.5284532742529566,-0.031925029826888225,-0.08302745696065382,4.491620111013174,-0.13766754960954414,False,2.055091040319402e-15,3.032287681728227e-15
US100,07:00,240,day,fade,448,0.0981735968677467,0.9471670427363411,2.1938510180791493,0.10364971798863029,0.5760821476659672,5.1227470050041335,274,-0.012149119257849466,0.9226570492021812,-0.2179614921793004,-0.013167535292072794,0.06703721799480548,4.495093481273284,0.06512929258640239,False,0.025780736251196732,0.028823642321794848
US100,07:00,240,recent,follow,402,-0.09771105720391031,0.9415331160848146,-2.0807559200505663,-0.10377867282058337,0.15562338267615863,5.3112055585461295,236,-0.10836061027621059,1.0646716887266219,-1.5635498711439533,-0.10177842749421938,0.6575846236898829,8.797307194681874,-0.0766516263280061,False,2.1618585603750296e-09,2.818317218686297e-09
US100,07:00,240,recent,fade,402,0.040196448059417446,0.9410774806001895,0.8563973681109145,0.04271321850543212,-0.16500650578516254,5.291311369057584,236,0.06659892765074833,1.0670012455522984,0.9588668655627751,0.06241691650160687,-0.69057980734665,8.952462494441203,0.005851369587124597,False,0.001326859162712102,0.0015346031647140855
US100,07:30,60,none,follow,908,-0.06011156215502817,0.9110900067888184,-1.9881065470995478,-0.06597763306272487,0.16910337022666516,6.172152190410547,510,-0.07527951109061778,0.8372066459588308,-2.0306225780169096,-0.08991747910027893,1.252404938797497,17.30811057281355,-0.05667455919571821,False,4.644324956658039e-15,7.835108731648023e-15
US100,07:30,60,none,fade,908,-0.15455839082512152,0.9111062002223327,-5.111713559178569,-0.16963817257242395,-0.1508444871184949,6.04360864714652,510,-0.06160465319950399,0.8372265857063721,-1.6617113813611417,-0.07358181674024106,-1.2413365889616443,16.68146499822793,-0.17847849827179857,False,7.396751609173904e-28,1.5371938300819413e-27
US100,07:30,60,day,follow,454,-0.14283866333624956,0.9692786453323704,-3.13996682223775,-0.1473659447921392,0.41170021590724487,6.8427269620468225,278,-0.17493141314261745,0.9486522359614878,-3.0745613809607697,-0.1843999376286919,-1.3298949262143833,16.816190816984516,-0.1936768893083076,False,1.952637886088646e-12,2.691505136476991e-12
US100,07:30,60,day,fade,454,-0.0691393267475867,0.9725232892915513,-1.5147922076369171,-0.07109272087247623,-0.3899108908440188,6.820884472835472,278,0.039787930533427544,0.9499630042176506,0.6983402221482616,0.04188366321296397,1.33396343252071,17.288799844807002,-0.039854123888636066,False,6.391039777005727e-09,8.456662712298418e-09
US100,07:30,60,recent,follow,423,-0.13285154083155723,1.037732429418989,-2.633003222946884,-0.12802099757635874,0.3364334502784583,6.173454812887118,242,-0.19350021414074198,0.8358034714701286,-3.601512797577405,-0.23151401106337427,-1.3459151329332133,16.97600016363897,-0.1273646492108151,False,7.687770824696587e-11,1.0277697447113367e-10
US100,07:30,60,recent,fade,423,-0.08123989067691366,1.0388261465817952,-1.6084095459703787,-0.07820354824936723,-0.3181940439545374,6.20573619860994,242,0.058870216125346625,0.8341116149241369,1.0979413573932768,0.07057834355981353,1.3722613307271585,17.208289248395673,-0.10819636029175651,False,9.086038113627301e-09,1.1868534557845838e-08
US100,07:30,120,none,follow,904,-0.02585589943311739,0.8731364692349015,-0.8903519965167903,-0.029612666913081752,0.38552202331629765,5.977251191326647,508,-0.09271102047880074,0.8836689929420026,-2.3646866593808356,-0.10491600499655146,-0.9588877141535356,8.37857431498015,-0.04287120967003148,False,1.3520066779188614e-11,2.1239971805792755e-11
US100,07:30,120,none,fade,904,-0.11192952232651775,0.8743840542470682,-3.848811456364435,-0.12800956488496376,-0.3951621396515815,6.0340268088043105,508,0.0019797598758223246,0.8825147105968416,0.05056178770920855,0.002243316572574093,0.9421634934176832,8.282375403016495,-0.10617172202694569,False,5.187073862520797e-23,1.0165190952702723e-22
US100,07:30,120,day,follow,451,-0.13672347020580974,0.9088952543505058,-3.1946075070229507,-0.15042819241422048,-0.48330603501413244,7.008086412977629,277,-0.07938682188924599,0.9535381056255459,-1.385639475456499,-0.08325500724186179,0.989471584976783,9.207290924183559,-0.19779658884797738,False,5.0168319499298165e-14,7.224162320696342e-14
US100,07:30,120,day,fade,451,0.0013668539659029918,0.9106343756023266,0.03187618565869094,0.0015009909602840383,0.46124454671639553,6.8907389895688045,277,-0.01007228761066338,0.9551214416257371,-0.17551304795689818,-0.010545557006362538,-1.0118050192915964,9.365754772993313,0.0497910010106216,False,2.315492768225533e-05,2.835226671540764e-05
US100,07:30,120,recent,follow,436,-0.026628273729254942,0.8987961221980203,-0.6186215820707388,-0.029626600595622367,0.18613951520939476,5.068561984250154,224,-0.19325023888207912,1.0173106011997828,-2.843089152737375,-0.18996188445708334,-1.0373776517860045,7.776258934472957,-0.10037498571345327,False,1.7586020166208064e-06,2.1991262314229627e-06
US100,07:30,120,recent,fade,436,-0.10991354576579311,0.8962364519171682,-2.5607775823474417,-0.12263900394887255,-0.17974724769732067,5.119065532054659,224,0.10347657217253474,1.0174869914775433,1.5220789410395394,0.10169817701774377,1.0080562114308729,7.611949459054316,-0.04627700922997657,False,1.86372364946823e-11,2.553275070130699e-11
US100,07:30,240,none,follow,897,-0.038801064958610486,0.8981930334820785,-1.2938090508162308,-0.04319902683745841,-0.1189046635089928,5.599751918425301,508,0.036344905233621765,0.8635228541555591,0.9486402791012271,0.04208910633773964,-0.5577982945021632,5.764779459484449,-0.07872520544698007,False,6.483947393363139e-13,1.0497987358835624e-12
US100,07:30,240,none,fade,897,-0.013760490325343143,0.8986303886865609,-0.45861581816195024,-0.015312736469390369,0.10881244652177906,5.600762885087338,508,-0.07577583300968609,0.8626639235651622,-1.9797982641398306,-0.08783934385076007,0.5442593238427799,5.699869446347143,0.010220483718735343,False,2.1426374115783844e-10,3.2772353448052583e-10
US100,07:30,240,day,follow,446,-0.1033777485165543,0.9368271679931452,-2.3304244167869625,-0.1103487943651424,-0.42179189079987733,5.331821729035084,277,-0.047244660840606884,0.8789476725765825,-0.8946014539642277,-0.05375139193680551,0.10918593675188977,3.252674299106376,-0.09034576127604914,False,3.54983255454289e-11,4.8800240475418165e-11
US100,07:30,240,day,fade,446,0.051504209502492605,0.9371067676477164,1.160702930597236,0.054960876690471644,0.4094382144357668,5.307326059885008,277,0.008767035778802473,0.8780914952171056,0.16617010438080895,0.009984193932586545,-0.1174655724445334,3.2611756749084044,0.022865628898229604,False,0.0015877530288301803,0.0018501098308381625
US100,07:30,240,recent,follow,424,-0.07909578793860675,0.9550468003241275,-1.705342561326757,-0.08281875601464024,0.06156736815094622,5.57387915680084,238,-0.07213012341607959,0.9907662178801042,-1.1231401786701438,-0.07280236458850305,0.5942788926847007,5.362112399605048,-0.04537060134629682,False,8.218914793481832e-09,1.0705043954867055e-08
US100,07:30,240,recent,fade,424,0.02787230379445888,0.9538983469000891,0.6016635461787493,0.029219364814957807,-0.07131753797126782,5.543882037942387,238,0.03349051553278285,0.9931973206985428,0.520205299376928,0.03371990120676932,-0.6103446927850423,5.444473498179636,-0.019712164961823004,False,0.00037200611223453593,0.000438986423920409
US100,08:00,60,none,follow,907,-0.0824486906106821,0.9819204554667226,-2.528780296965461,-0.08396677159708717,-2.2863268155142973,35.61310890247672,510,-0.04545835622154303,0.9286090428449809,-1.1055182263521588,-0.048953169874667815,0.7092735198307862,11.594198686473204,-0.09403232397546091,False,1.6574023108285637e-19,3.178606573733538e-19
US100,08:00,60,none,fade,907,-0.11133215451603744,0.9816417720019665,-3.4156332017539053,-0.11341423897333336,2.2697749662234905,35.271382033833284,510,-0.07961724815513177,0.9275699315264204,-1.9384097648521694,-0.08583422710146786,-0.6879657733954424,11.344772970096887,-0.1187893433193076,False,1.4117816407823527e-15,2.2350734388889447e-15
US100,08:00,60,day,follow,448,-0.12783969315753643,1.067831752485088,-2.5339724913817476,-0.11971894716562259,3.7741501644142423,48.65491424792552,269,-0.15926368375182298,1.0303219247622988,-2.535245118574317,-0.1545766230186415,-1.3461214469389269,12.198113825341478,-0.13193698728954842,False,1.006700977231264e-07,1.2279720549501658e-07
US100,08:00,60,day,fade,448,-0.06326596876962495,1.0720137902953402,-1.249133332673952,-0.059016002725296245,-3.771489127789178,48.404457957813015,269,0.03597198727077164,1.0337332320127495,0.5707318286925553,0.03479813375132742,1.3578316126200962,12.37033795061684,-0.07900379080918588,False,1.8230022391238557e-09,2.4977689842726217e-09
US100,08:00,60,recent,follow,430,-0.04907976757301435,1.0874320409689568,-0.9359111039306053,-0.0451336412060121,3.5422188102536096,45.48825237215439,229,-0.18589954930234137,1.1151801479969663,-2.522615432980118,-0.16669911999083317,-1.3721306871552006,10.176276987024293,-0.13969917233890677,False,2.7534344463628736e-06,3.3665762857945092e-06
US100,08:00,60,recent,fade,430,-0.14413528710807358,1.0878429233522269,-2.747504133088777,-0.13249641470656034,-3.5803982815824567,45.91914225080659,229,0.06535706691765339,1.1197036327421128,0.8832979199214058,0.058369969522735536,1.390348188684734,10.333016030082025,-0.06738615141211969,False,9.99716658266266e-16,1.5480185426608609e-15
US100,08:00,120,none,follow,904,-0.05022558511100769,0.9506869366703229,-1.5884432143255776,-0.05283083544507019,0.10113418123554309,7.031119252681,508,-0.010824550749869443,0.9047753480295481,-0.2696503435843349,-0.01196379938229256,-0.6088276595537286,8.376320546343957,-0.08062075935893956,False,8.791631127262265e-14,1.4473676937839887e-13
US100,08:00,120,none,fade,904,-0.057350186116740365,0.9521495514159419,-1.8109809408945963,-0.060232330132860834,-0.12157590209038302,7.014908839976616,508,-0.05713010003707362,0.9035648739850165,-1.425074277809105,-0.06322744684076884,0.5544370268284792,8.20386392585101,-0.04501774286949691,False,1.1680469086898399e-14,1.9624266058864875e-14
US100,08:00,120,day,follow,445,-0.14003312016448952,0.9898694109886674,-2.98423395369592,-0.14146625666978277,-0.9994543581569202,8.31693738140136,268,-0.03306549925570733,0.9067342208392826,-0.5969837020941626,-0.03646658358730694,-0.4004025304145569,6.217543444233923,-0.08591660201615435,False,4.360236094834545e-14,6.351668243920161e-14
US100,08:00,120,day,fade,445,0.03262298036143294,0.9899368297246307,0.6951782214468105,0.03295460819505789,0.9752014821565337,8.31637636764061,268,-0.032896742579282004,0.9041470410231881,-0.5956363972660385,-0.036384283846191696,0.3500607359774303,6.118400529803747,-0.03878394851978705,False,0.00029707749210941325,0.0003539682492840386
US100,08:00,120,recent,follow,434,0.014362143723322115,0.9919804221824545,0.30162062270871653,0.014478253201533944,0.8385434889124306,7.588446659586067,227,-0.09505825970909015,1.0169741690691438,-1.408292497537372,-0.09347165601669,0.35465775251125975,9.074175738968218,-0.0812406825532221,False,8.963424376795714e-05,0.00010787415251101647
US100,08:00,120,recent,fade,434,-0.1205348403784026,0.9933265253341936,-2.5279322418099834,-0.12134463069719195,-0.8618590546423717,7.606769127515963,227,0.028292642602597128,1.0171604453486387,0.41908004207713206,0.02781531933528897,-0.42617674263196403,9.28068000510174,-0.03955594534774129,False,4.229536730114356e-12,5.92233015004452e-12
US100,08:00,240,none,follow,899,-0.03447989540564474,0.9127041673938233,-1.1327022210055717,-0.03777773416341484,-0.47567184053661915,5.860503580626007,508,0.036595857891156214,0.867066597926355,0.9512864974780452,0.04220651329283995,-0.5996623976446879,4.6630150286405385,-0.05366763409319164,False,1.409902820361296e-12,2.274960090613776e-12
US100,08:00,240,none,fade,899,-0.01447305867212863,0.9126873684011692,-0.4754645352848026,-0.015857630085844506,0.465217472547511,5.8235849757753835,508,-0.07368990016263281,0.8665853257323715,-1.9165868038669533,-0.08503478881361828,0.5916837744562504,4.635333267144956,-0.011677927675718026,False,2.0700092069348604e-10,3.164928037961224e-10
US100,08:00,240,day,follow,442,-0.08316162859614341,0.9587650449990919,-1.8235678566031233,-0.08673827756853837,-0.08361281897855653,5.093854365938362,268,-0.026263719721872456,0.8897513754244071,-0.4832311968555631,-0.029518043407738243,0.17779500777083768,3.136974442454888,-0.04888500626351273,False,2.015845713962906e-09,2.6734177429983307e-09
US100,08:00,240,day,fade,442,0.03474984581814731,0.9588672437331853,0.7619132635237464,0.03624051822111968,0.0716928053385856,5.121461045771125,268,-0.010055128495875112,0.8892953035469505,-0.1851011100069297,-0.011306849879640963,-0.18195453880987078,3.127813608180947,-0.015409097392250241,False,0.0004770779503489737,0.000563416950069318
US100,08:00,240,recent,follow,412,-0.05189926332742499,1.0132606534966906,-1.0396535067270798,-0.05122005196621848,-0.5485291788872304,6.542875278311564,242,-0.004846472799189088,0.9293471416364941,-0.08112514668348766,-0.0052149219404224985,0.4688825240577047,4.380517879412807,-0.03550572164637187,False,2.55316063434472e-07,3.238272205598345e-07
US100,08:00,240,recent,fade,412,0.0037041545653901035,1.0110813409072477,0.07436209433111096,0.0036635574365029323,0.5367600780870707,6.4848148543182536,242,-0.03123556472157473,0.9317927448529794,-0.5214800764633959,-0.03352200893826787,-0.4776083776337602,4.430971307450672,-0.02504576161942036,False,5.8683555935781914e-05,7.054666205225693e-05
US100,08:30,60,none,follow,907,-0.07988278871880024,0.905286932716209,-2.657483701441531,-0.08824029800045953,0.5651744805859057,8.740380510786702,509,-0.11428490955680246,0.9276522386833828,-2.7794737903258655,-0.1231980097617261,-0.9701231365213606,7.495858406657751,-0.11447592437647493,False,1.0467739334995616e-16,1.797738436760885e-16
US100,08:30,60,none,fade,907,-0.10326432864047344,0.906767675552203,-3.4297142620172125,-0.11388179290531897,-0.5965761575298952,8.867123368024686,509,-0.008294926692220338,0.9258236206530057,-0.20213577624412435,-0.008959510761207113,0.9888549115978219,7.568017128449949,-0.08928932330321256,False,1.6346956742318058e-21,3.144402363516497e-21
US100,08:30,60,day,follow,447,-0.14051493607548934,0.990967840007377,-2.9978968873468053,-0.14179565713700992,-0.9844072739885326,10.344648677556936,263,-0.036304540886183886,0.9925557599609187,-0.5931764618364869,-0.03657682757048668,0.535097576335773,7.6747901141602375,-0.18417130072927665,False,5.3178452222837114e-14,7.723739133488485e-14
US100,08:30,60,day,fade,447,-0.038591057407199654,0.991555352139801,-0.8228553118604907,-0.03891972074369746,0.9253585544520674,10.083898273500841,263,-0.08497094239956283,0.9962854249767622,-1.3831348760942102,-0.08528775014604348,-0.5198896025034228,7.563866839967941,-0.016855069719233524,False,7.413211467720323e-07,9.335416693314431e-07
US100,08:30,60,recent,follow,450,-0.12759816315411174,0.9617705794667747,-2.8143570314838313,-0.1326700627761506,0.13857533274734246,6.224698832266045,213,-0.03829726114627333,0.9681196115883889,-0.5773358153740877,-0.03955839824733972,0.47230654660894367,6.158786644989344,-0.13627566628825222,False,6.353443657737841e-12,8.74549003744172e-12
US100,08:30,60,recent,fade,450,-0.051614811771464514,0.9633788479374794,-1.1365367889716744,-0.05357685803665701,-0.19694929431916589,6.354861115972572,213,-0.08324937001636629,0.9757954293682907,-1.2451222040074945,-0.08531436765415079,-0.4382963047039117,6.100341259090006,-0.059310896539751336,False,7.510289859566821e-08,9.708850650205358e-08
US100,08:30,120,none,follow,905,-0.06262400454095995,0.9416536162938163,-2.000663027880823,-0.06650428932396295,-0.46861808360052437,9.417176953995243,509,-0.006201785868725408,0.9051876778914639,-0.15457420620447843,-0.006851381233085046,-0.9899831445395023,11.224985090641514,-0.09030640568482401,False,1.3597102001165397e-15,2.3393680215991602e-15
US100,08:30,120,none,fade,905,-0.036153387152892694,0.9436559848621323,-1.1525494899200979,-0.03831204139310862,0.4470380898577164,9.353192987383716,509,-0.0574633972639959,0.9035150814836816,-1.4348773596170832,-0.06359982079063253,0.941640031629365,11.017792934258493,-0.02769596669731815,False,2.612136269110506e-12,4.16164151916507e-12
US100,08:30,120,day,follow,445,-0.10898753942332973,1.0100739044987606,-2.276164796029003,-0.10790055949164803,-1.0814211097252535,8.342010087936153,263,0.04785524594084686,0.8511360094739705,0.911818631270792,0.056225145462266306,0.6571815973397708,5.88779943427746,-0.13036190596113048,False,1.225713831388388e-11,1.715536372347391e-11
US100,08:30,120,day,fade,445,0.010816398294567212,1.0107402897294515,0.22574757759879566,0.010701461497554902,1.0710664665298693,8.380825826421363,263,-0.1093483713082331,0.8500829845298957,-2.086069962784429,-0.12863258446315548,-0.6750172856817414,5.899625203433799,0.013421435431412849,False,5.3785080455412393e-05,6.524635039676254e-05
US100,08:30,120,recent,follow,432,-0.012193625210048202,1.005348111835083,-0.2520915270278527,-0.01212875924916288,1.2770865824231699,10.184234328108856,208,-0.03754346655180011,1.0624691262619648,-0.5096238200819273,-0.035336054125061994,1.027510656340926,11.796070884699308,-0.11184391997361141,False,1.1438134600723233e-05,1.4022081496715366e-05
US100,08:30,120,recent,fade,432,-0.08487377271167952,1.0067000137867526,-1.7523276195900217,-0.0843089019065596,-1.2964140680159264,10.211660362256751,208,-0.025624611063555396,1.0659079962375475,-0.3467122844733051,-0.024040171528879977,-1.0799890351164718,11.982802809232997,-0.002472074785709083,False,7.02650357843904e-10,9.496546479454318e-10
US100,08:30,240,none,follow,900,-0.019880333372006516,0.9286880388676136,-0.6422070449915798,-0.021406901499719324,-0.35074825652289543,5.021024135466507,509,0.04596892834603362,0.8495863904844619,1.220719054632167,0.05410742081193254,-0.6063705705209137,4.82330764433714,-0.03564276171931109,False,5.054698363076218e-11,7.865551300122591e-11
US100,08:30,240,none,fade,900,-0.026930228619484433,0.9288555397125918,-0.8697874147733641,-0.0289929138257788,0.34658393965921874,5.010966707095767,509,-0.08162696263446749,0.8488962047902278,-2.1693915078778003,-0.09615658801848274,0.5997116397882958,4.795706321275863,-0.02779717070898517,False,1.634564162497673e-11,2.5615805666286923e-11
US100,08:30,240,day,follow,442,-0.08646962015925186,0.9949771164060432,-1.8270969533366945,-0.08690613958197227,-0.16577095985578044,4.850032066399465,263,0.014288020729777914,0.8666498514752692,0.26736606170811444,0.016486497638528285,0.19111956256877205,3.5237936951579516,-0.05221387957553702,False,1.7224900070468113e-09,2.2895461637323627e-09
US100,08:30,240,day,fade,442,0.04026230184111924,0.9947436211908088,0.8509392812802098,0.04047505405756831,0.15965205941597954,4.858018376493453,263,-0.049325026813361456,0.8656778395019211,-0.9240360269145643,-0.05697850235110702,-0.19319451173570495,3.5137011783344962,-0.009927930119209769,False,0.0006396233953420637,0.0007528474104037728
US100,08:30,240,recent,follow,436,-0.0899013866414637,0.9617855407549465,-1.9517823721413234,-0.09347342295341253,-0.1905847591026189,5.260443010597357,208,0.031722004126438635,0.9349462234341818,0.4893342935521533,0.033929228581639166,0.8090729249189146,4.919184924948186,-0.03516875788956992,False,9.268484095185349e-10,1.2355282581597763e-09
US100,08:30,240,recent,fade,436,0.04356947478132511,0.9615567321419205,0.9461296581763105,0.04531139279142866,0.18567170740669126,5.219849115556711,208,-0.06751177815878132,0.9368140958829434,-1.0393403725199766,-0.07206528857270422,-0.8162171122301054,4.94879469924391,-0.024940169168581477,False,0.0009688407680033024,0.0011332121831683698
US100,09:00,60,none,follow,908,-0.07531709431405809,1.0033676492921777,-2.2619155528125234,-0.07506430406361046,0.14922804592266226,11.825872985914938,509,-0.02299415523924024,0.9306212571285496,-0.5574467423307286,-0.02470839244548224,-0.715115923221335,10.984843688142677,-0.12077057065373079,False,7.188998347738582e-16,1.2284456005386905e-15
US100,09:00,60,none,fade,908,-0.057295554004586406,1.005403374862214,-1.7172103944336967,-0.05698762848537136,-0.17043722972861275,11.77132400427387,509,-0.05977709745551042,0.9288105708210472,-1.4519998290983869,-0.06435876090715552,0.6427773826285097,10.82012206268481,-0.04003227950238325,False,2.2389709514601615e-14,3.744135744114272e-14
US100,09:00,60,day,follow,439,-0.12043028839607396,1.0754696620628001,-2.3462258889208805,-0.11197925208330205,-1.6836034390543564,14.779826761217796,261,0.0127398876501781,0.8486475955198413,0.2425260908630569,0.015011988153191255,0.29127366471410704,6.906975459327998,-0.11357169087214831,False,2.3462846142330607e-12,3.3473739908314703e-12
US100,09:00,60,day,fade,439,-0.012474368718198058,1.0741914180809093,-0.24331515417454153,-0.011612798713737698,1.6710645929241894,14.75411746893081,261,-0.09290045798041649,0.8455659152592423,-1.7749684602510296,-0.10986778949330533,-0.341077752463439,6.876136726538722,-0.04412862024366132,False,1.0694139831499088e-05,1.3134974916216155e-05
US100,09:00,60,recent,follow,410,-0.02988376434599068,1.1249335180666438,-0.5378985509904649,-0.02656491594041053,-0.9086650905017427,12.324149834452296,246,0.002110592865362258,1.0523090695230053,0.03145782599130806,0.0020056777295656644,0.8780526437756963,10.33107930025136,-0.11739331623424423,False,3.399885982693821e-06,4.2105247645599136e-06
US100,09:00,60,recent,fade,410,-0.10465854463274427,1.1293903668504395,-1.8763875403581527,-0.09266817541981369,0.8611485070939148,12.082700817562722,246,-0.08510185693149214,1.0570015733058415,-1.26278948326199,-0.08051251680291309,-0.9445127849650454,10.581063399577411,-0.04441962412707465,False,1.8111900406328218e-08,2.310017207929049e-08
US100,09:00,120,none,follow,903,-0.057508784251716814,0.903439662171871,-1.9128411635102083,-0.06365536810002957,-0.44279621398128066,5.5953445166990825,509,0.040689339699576506,0.896545971610753,1.0239222252783289,0.045384554711091055,-0.746563840566005,10.719823556790915,-0.08493295712147694,False,2.7574276448264853e-15,4.715474217445609e-15
US100,09:00,120,none,fade,903,-0.007546564865472526,0.9037725287713554,-0.25091928894819926,-0.008350071091153651,0.43206220830868647,5.561597978585016,509,-0.0890499333918696,0.8952897675947326,-2.244031088173401,-0.09946492924978843,0.7118405209212839,10.523484263778963,-0.004898442199225419,False,7.244999580856478e-10,1.0953677462066664e-09
US100,09:00,120,day,follow,437,-0.09724529049964127,0.9350099797268973,-2.174167753832381,-0.1040045481953521,-0.10385506783993037,4.2235981056050065,261,0.0022201396551075102,0.8592021591153547,0.041745069460434873,0.002583954930226658,-0.045462554371297835,3.781209013856989,-0.09040539274287732,False,2.521433457663059e-10,3.3911238522948167e-10
US100,09:00,120,day,fade,437,0.032685171813497775,0.9367864799941741,0.7293750051952389,0.0348907381900954,0.09325272053502925,4.200180208454525,261,-0.049492069264736226,0.8580123120747294,-0.9318850529973782,-0.05768223668616269,0.04190663247070706,3.7754753185579335,0.003584384759731559,False,0.0004584709199253102,0.0005412438188331856
US100,09:00,120,recent,follow,433,-0.012697648536943981,0.9721860359681306,-0.2717802359228962,-0.013060924624677724,0.6862250319715723,6.182951448749146,221,-0.019101522777728613,1.0142643418943535,-0.27997094944876005,-0.018832884080349777,1.2024696128697008,11.64636421492235,-0.13223447638190527,False,9.64644082201805e-06,1.1856277270720043e-05
US100,09:00,120,recent,fade,433,-0.051651640114578075,0.9736504636772301,-1.103887942214491,-0.05304946902557102,-0.6950672534267381,6.202223886653395,221,-0.028256546538125694,1.016533743725222,-0.4132314996826394,-0.027796958745880732,-1.2375016910840841,11.886725524899205,0.046499364101848406,False,9.395905236076022e-08,1.2105630958822e-07
US100,09:00,240,none,follow,903,-0.026196519732071617,0.9181996197128807,-0.8573346267434476,-0.028530309934416243,-0.35830479593554765,4.307995387970806,509,0.033795433578442696,0.845348022462414,0.9019477358992397,0.03997813052191213,-0.5869172227995395,4.86457755638732,-0.048041250433767314,False,1.0476293638977125e-11,1.6577047978833267e-11
US100,09:00,240,none,fade,903,-0.019502656571554044,0.9184850313502796,-0.638065944149876,-0.021233505071805988,0.3555972137346948,4.298087124568864,509,-0.06854757132069764,0.8447389580022066,-1.8307474574501599,-0.08114645438256038,0.5802303592526173,4.836059335246088,-0.014392809588769647,False,6.697220157615093e-11,1.0365935412475196e-10
US100,09:00,240,day,follow,437,-0.046522654770434935,0.9464007839107162,-1.0276142463718974,-0.04915745587001109,-0.03209982438374859,4.049607225405291,261,0.024297789535539287,0.8649505814394547,0.4538326370514371,0.028091535004349955,0.07261185480479346,3.2849126327753417,-0.04048279215890221,False,2.038017894154449e-07,2.600464305748217e-07
US100,09:00,240,day,fade,437,0.001474517189675129,0.9470133956387399,0.03254875910768649,0.001557018302450304,0.02793296895472653,4.0438414768706625,261,-0.058524633419366805,0.8638770724955014,-1.0944779284279356,-0.06774648301558156,-0.07146021234452087,3.2849149623867087,-0.019795306621377216,False,3.072458238769819e-05,3.738950631546824e-05
US100,09:00,240,recent,follow,462,-0.014280001380295162,0.9633891675449772,-0.3186012522501328,-0.014822671731596442,0.19815907250975504,4.031186792352921,238,0.006420186279170946,0.8665081411342324,0.11430453473790982,0.007409262503601087,0.5295773833430133,4.953743022117302,-0.12030024744116831,False,4.000893317430067e-06,4.997950362759324e-06
US100,09:00,240,recent,fade,462,-0.03044710119750784,0.9639801865899059,-0.6788890922027234,-0.03158477904531929,-0.19455951748487946,4.044556489603585,238,-0.040523456534799454,0.8674672601461257,-0.7206790015576485,-0.046714681229552385,-0.5406264856302431,5.011070975824722,0.06119443750479827,False,6.329864618131804e-07,8.055205097536535e-07
US100,09:30,60,none,follow,908,-0.08290522238202017,0.9403150143015794,-2.656754605827024,-0.08816749825439953,-1.0254516355393397,11.834588056448457,510,0.009456002420380827,0.9719436162725913,0.21971089392958745,0.009728961908968181,-0.9293268277537924,12.868202731569442,-0.11256146930153627,False,7.343173505953762e-19,1.362703290165387e-18
US100,09:30,60,none,fade,908,-0.03893487728399254,0.9423443732993032,-1.2450078585523483,-0.041317036942317704,1.0219629213712682,11.861861305904762,510,-0.0873817885339083,0.9689114592432798,-2.0366759044579954,-0.09018552490044189,0.8711861842536374,12.729051535839211,-0.03693986301715693,False,2.412292569130057e-12,3.826165903207266e-12
US100,09:30,60,day,follow,460,-0.08743609193987477,0.9234769953959363,-2.0306897310338625,-0.09468139691166531,-0.8167307752256437,11.396933575082965,261,0.05818534340055761,0.942402528539259,0.9974644191290458,0.06174149754324826,1.0138935280378474,7.893494149329336,-0.11427647524003742,False,1.0970080528372984e-10,1.5083745540460816e-10
US100,09:30,60,day,fade,460,-0.03645067693877199,0.9232204513431023,-0.8467965842503892,-0.0394820943207481,0.8424042182597206,11.512159422156017,261,-0.13368234132312354,0.9418510437124614,-2.2930423381738274,-0.14193575748049556,-1.0380404104936685,7.885970807775101,-0.03079135440221732,False,4.79243621451516e-07,6.080370132341592e-07
US100,09:30,60,recent,follow,438,-0.054456347478361984,1.0634214179421853,-1.0717171019049305,-0.0512086239373849,0.14421281146641213,13.362899369343026,230,-0.09391416296357605,1.059271153763842,-1.3445837690467755,-0.08865922821543543,1.29278322275245,13.910554836561808,-0.06927337514258797,False,1.9317023694031635e-07,2.4621158383905713e-07
US100,09:30,60,recent,fade,438,-0.06830272813821694,1.063683352917432,-1.3438869708003527,-0.06421340331300542,-0.13591888551608364,13.43087273606774,230,0.02046927448899932,1.0639641926809218,0.2917691402547649,0.019238687382346867,-1.348096642052226,14.162040923642014,-0.0836528655937352,False,3.81612287450389e-08,4.937073864663014e-08
US100,09:30,120,none,follow,903,-0.05593366246138421,0.8865944054679525,-1.8957983717305225,-0.06308821950197387,-0.35819375796385233,4.654320389260547,510,0.06117394288242498,0.867567450713381,1.5923858561917323,0.07051203088834539,-0.403726992516818,5.487919364153191,-0.09539132933431506,False,3.650464774233441e-15,6.220174240916885e-15
US100,09:30,120,none,fade,903,-0.0013183056298053037,0.8870201934268158,-0.04466079761336946,-0.001486218284064433,0.3498085037805562,4.638684233346051,510,-0.1051428075988329,0.8665990750505557,-2.7399739672525008,-0.12132808656955822,0.3907771790235859,5.42488298834203,0.014112554779230745,False,2.4079475303963172e-09,3.5964043416903345e-09
US100,09:30,120,day,follow,457,-0.05741331879349739,0.9211355584173015,-1.332438597127735,-0.06232884863563965,-0.12365801912637589,3.913177773631479,261,-0.04945223259342341,0.8748545869726627,-0.9132092117772316,-0.05652623113579067,-0.06402339149076962,3.1680700425780675,-0.03841429081930348,False,2.1805535476014415e-08,2.8532274469583785e-08
US100,09:30,120,day,fade,457,0.00023054852001110494,0.9215025123272002,0.005348400430469974,0.0002501876195962486,0.1154214997381891,3.8827140516667447,261,0.005956095215447727,0.8738514995889112,0.11011443371302872,0.006815912335505143,0.06492802921395249,3.169591444513919,-0.03995028290132665,False,1.8461716429801536e-05,2.2688463910252888e-05
US100,09:30,120,recent,follow,427,0.03176897433639178,0.9458139398431148,0.6940830212731678,0.03358903162461467,0.6015702393904935,5.169227008067397,216,-0.018651221462972305,0.9446942583097525,-0.29016356516659364,-0.019743129905693595,0.48701217336641545,5.729330770698061,-0.0786094826002763,False,0.00043175351440196346,0.0005098122587265184
US100,09:30,120,recent,fade,427,-0.08917246033392537,0.9474286203875598,-1.944904077636139,-0.09412050513889694,-0.6091428793697583,5.184337365632288,216,-0.02543327849585088,0.9460473279241289,-0.3951084874641552,-0.026883727425834003,-0.5056051485516371,5.836057419588441,-0.0011415923204608435,False,5.874102819615122e-10,7.879445837146923e-10
US100,09:30,240,none,follow,888,-0.025815221153597325,0.9123990797307432,-0.843135730427671,-0.028293782542191535,-0.39812399588048775,3.9478263455547187,500,0.04704268984461905,0.8651869360000877,1.2158141548382853,0.054372861964497206,-0.4201783894811496,3.9135674881349134,-0.04668744216117711,False,1.5685883084386692e-11,2.4636464052236345e-11
US100,09:30,240,none,fade,888,-0.01889111922823108,0.9126897588783631,-0.6167952130270682,-0.020698292102507045,0.3969586307567788,3.9374364877407064,500,-0.08096611254330278,0.8649434763051004,-2.093151014839972,-0.09360855912709697,0.4119989666674425,3.9051151926050474,-0.015092323566363513,False,1.0681874672964112e-10,1.6395286785326931e-10
US100,09:30,240,day,follow,453,-0.022867231527754016,0.9377783158702179,-0.5189941989864387,-0.024384474604250375,0.007617668228842899,3.8757435254958317,261,0.008845603530495398,0.9191752533936092,0.1554710029053304,0.009623413487076914,0.16867634450685567,3.4378602630887136,-0.007525428484937762,False,1.8278107946595243e-06,2.296201687742424e-06
US100,09:30,240,day,fade,453,-0.021597155147820887,0.9382653704472503,-0.48991412551815594,-0.02301817356589213,-0.010054541817868657,3.8744032310093237,261,-0.04287430411787466,0.9179040926817107,-0.7546056135061429,-0.046708914863441635,-0.17190005076733023,3.439325915763354,-0.05234941743681219,False,2.0913960821550074e-06,2.6241151884888537e-06
US100,09:30,240,recent,follow,458,0.01322430665064439,0.9240692296291365,0.3062676606303674,0.014310947953490237,0.16159105221409661,3.431278164912751,208,-0.07773997386644724,0.9236755766959677,-1.213826451626388,-0.08416372136256638,0.19465150518724203,3.786605926549465,-0.10659584155185255,False,6.303618695751978e-05,7.647960201327728e-05
US100,09:30,240,recent,fade,458,-0.057943537379636686,0.9248992312292105,-1.3407361685579764,-0.06264848690881547,-0.1582789039286237,3.450499853562114,208,0.04457865204832588,0.9233080698646998,0.6963249688692095,0.048281449608534636,-0.1990240173592055,3.8140120747102073,0.04856568539330745,False,1.9458765248436286e-08,2.5501971029495672e-08
US100,10:00,60,none,follow,904,-0.06108266731035818,0.8625928986752532,-2.129101323853755,-0.07081285668380446,-0.3727970966864449,4.383132532207072,516,0.034916916079651625,0.8263480116009577,0.9598375665002281,0.04225449276752535,-0.08162432664927902,5.437481295432314,-0.08623651531897779,False,4.837299704793264e-16,8.392128508793804e-16
US100,10:00,60,none,fade,904,-0.01619044395272847,0.8627625844186171,-0.5642241488782632,-0.01876581604850029,0.3690810656906079,4.343221003751807,516,-0.09698088181882408,0.8248919969311493,-2.6706310217237266,-0.11756797517689908,0.07057500355925388,5.363071865118848,-0.026589169028807643,False,1.0452906543084892e-10,1.611339271177568e-10
US100,10:00,60,day,follow,454,-0.0970873134660345,0.9174265658376456,-2.2548574862961486,-0.10582570538208697,-0.14608607251547676,4.236389202399491,258,-0.021474910850523495,0.8229283608871426,-0.41915938333430164,-0.02609572335965292,0.19334413672445783,3.365828380201803,-0.06465572724236195,False,8.269659886720474e-11,1.1283402108956005e-10
US100,10:00,60,day,fade,454,0.0205568636507092,0.9201824699510975,0.476004245591446,0.022339986167962622,0.13498596527899676,4.230412433249386,258,-0.03996377100547846,0.8231367407930603,-0.7798378817724658,-0.04855058585645797,-0.1990587076933611,3.3683042171725512,-0.045518538540767574,False,0.000132715925681573,0.00015953810255624735
US100,10:00,60,recent,follow,450,0.0038552914014101584,0.9403062210862727,0.08697494387215776,0.0041000381736881406,0.12003168376158486,4.741313997699236,222,-0.050186629458001064,0.8766888906451784,-0.8529410439243088,-0.0572456546370371,0.3299398274289628,4.248610659186529,-0.04312002584730738,False,2.9917231026142998e-05,3.6524313658728234e-05
US100,10:00,60,recent,fade,450,-0.07941488294930572,0.9408811189290027,-1.7904961997062039,-0.08440480030006664,-0.12629718721393818,4.741648371811626,222,-0.016848313339363093,0.877371751926461,-0.28612069438663795,-0.019203163655963335,-0.3433047553205149,4.346138217655319,-0.06937659668511058,False,1.8209259084209406e-09,2.424469068718941e-09
US100,10:00,120,none,follow,904,-0.040468246442324336,0.8887970224024327,-1.3689765544804813,-0.045531482917143457,-0.4075300948552224,4.292555708825106,516,0.02883270450101432,0.895245869492332,0.7315902448816864,0.03220646470825329,-0.4422703737563608,4.623608895647571,-0.06371894425341927,False,2.1940090180835843e-13,3.606365681381277e-13
US100,10:00,120,none,fade,904,-0.01619580164713349,0.8886740683057801,-0.5479540698444711,-0.018224681269264565,0.403030723740445,4.264303241444792,516,-0.07436199205472799,0.8948772254912924,-1.8876106141066948,-0.08309742379900534,0.44557149058602635,4.610967033661276,-0.01701732988222955,False,1.1707450321999668e-10,1.8025199468368905e-10
US100,10:00,120,day,follow,454,-0.05706736606565165,0.9665476575531545,-1.2580342994335019,-0.059042475163738395,0.08136677619642993,4.46402516071681,258,-0.10877292672919472,0.9674153701691037,-1.8059997423363503,-0.11243663278802493,0.008966672117230139,3.865437170790692,-0.043053968672157904,False,4.316945802138579e-08,5.602603103905184e-08
US100,10:00,120,day,fade,454,0.0010435907750670778,0.9672486208546384,0.022988997800422555,0.001078927126455849,-0.09074946805789982,4.502412222708496,258,0.06357859634571827,0.9670454716318633,1.0560242541543572,0.06574519834980572,-0.007822411006959715,3.8584213905735423,-0.036219523376806055,False,2.1159664591079237e-05,2.594907845750965e-05
US100,10:00,120,recent,follow,438,0.018713999212444207,0.9532025956923442,0.41088325809525283,0.019632761489546277,0.26960375063788433,4.5121687955018235,238,-0.06031494589563754,0.9477750613163274,-0.9817663534786243,-0.06363846059830747,-0.13702357105520577,3.960228319401865,-0.057037199427053945,False,0.00013481517266726914,0.0001615392553122795
US100,10:00,120,recent,fade,438,-0.0744327953126586,0.9548168645855741,-1.6314783057738378,-0.07795504884066454,-0.27303347115208565,4.564756588188787,238,0.01314002588843204,0.9480138258834022,0.21383068550956463,0.013860584655701164,0.14285731481209465,3.954910640070355,-0.022117847675861287,False,5.34474786493888e-09,7.042548871452924e-09
US100,10:00,240,none,follow,889,-0.030856627374855256,0.9236880316556775,-0.9960336709916298,-0.03340589713990974,-0.4967891548713523,4.348106045413945,505,0.02098414446330536,0.8641786291173592,0.5456742175502721,0.024282183979413844,-0.7596324844600284,5.267991339587965,-0.04625792337399207,False,4.743469069451919e-12,7.546410276614069e-12
US100,10:00,240,none,fade,889,-0.015115000710275757,0.9241044655672113,-0.48768341166488594,-0.0163563766581284,0.4983796286670937,4.33936212638419,505,-0.056824234209272025,0.8641009761482101,-1.477797014989295,-0.06576110405819698,0.7573670868307706,5.25324174170727,-0.017193492067410884,False,2.3859797750842387e-10,3.6336731824317784e-10
US100,10:00,240,day,follow,451,-0.009486066327377096,1.0100740377920618,-0.19944411193460698,-0.00939145644027526,-0.255057137439537,4.337109695480564,254,0.020280628904299807,0.8984233936935434,0.359763603719991,0.022573576163153235,0.18303897440117664,4.2618975130042,-0.025062234510615528,False,8.230379705159895e-06,1.0187260929686973e-05
US100,10:00,240,day,fade,451,-0.035932550837122164,1.0102630764082874,-0.7553388785888576,-0.035567518675304326,0.25234403447249254,4.3229279535327025,254,-0.056236249172471456,0.8974155858793258,-0.9987104565209585,-0.06266466735962559,-0.18435311094517173,4.2499048855676085,-0.0372724789593403,False,6.681617303678162e-07,8.458865337814974e-07
US100,10:00,240,recent,follow,439,-0.00025652510286668605,0.9563392427451496,-0.005620179072059042,-0.0002682365121087541,0.08734539115472426,3.7757912877359403,232,-0.01875027294957673,0.8616231812521515,-0.33146235515500744,-0.02176156974134325,0.22364860287433078,4.351816987018312,-0.12323644744877514,False,2.5128947981807993e-05,3.065801076312704e-05
US100,10:00,240,recent,fade,439,-0.044650308349304696,0.9573220107046431,-0.9772342467525215,-0.04664084587007411,-0.086853775222627,3.78993644782656,232,-0.017602718640353652,0.8613313719462654,-0.3112816172209688,-0.020436639386045497,-0.22034477093132196,4.350513219513037,0.0630996675600048,False,2.435105060775497e-07,3.1051400684571043e-07
US100,10:30,60,none,follow,904,-0.05445392707859921,0.8732091754884053,-1.8749734833718723,-0.06236069043610532,-0.2241139462714254,3.907603746128589,516,0.024920340169819418,0.9095696950090609,0.6223616663884542,0.027397944661702003,-0.17532288976279187,4.941229707729174,-0.08426487529811347,False,5.348895655897104e-15,9.068475290171667e-15
US100,10:30,60,none,fade,904,-0.016370514848000534,0.8737076911586494,-0.5633527186882885,-0.01873683271151146,0.2209450635167156,3.9067713081613147,516,-0.08473669154599388,0.9089151505336365,-2.1177418135610218,-0.0932283849556736,0.17805233403133874,4.897156676440703,-0.01894145252480798,False,9.918486139284367e-11,1.53069089322035e-10
US100,10:30,60,day,follow,443,-0.09487239491946682,0.9283208398158316,-2.1510159313368638,-0.10219785105577123,-0.274211653127408,3.7344838626203787,259,-0.11227330861590254,0.9197187949169019,-1.9645873424679876,-0.12207351772782529,-0.4380364828264662,3.445386918747123,-0.017009333826219202,False,1.673038327641078e-10,2.267803210241529e-10
US100,10:30,60,day,fade,443,0.02443754885499212,0.9278994501177473,0.5543174988366747,0.026336419158229995,0.2679815127121479,3.6930929904078402,259,0.05294762569826903,0.9199655168707541,0.9262427531753173,0.05755392428008542,0.4401203209812056,3.4499422501504795,-0.0836255203491929,False,0.00021154263933433903,0.00025244978435727555
US100,10:30,60,recent,follow,426,-0.07551121227313315,0.8966046703675662,-1.7382620367486699,-0.08421907086673669,-0.012986723255906699,3.469724960628066,209,-0.04526705395480138,0.8487950723706743,-0.7709967091072855,-0.05333095752826539,-0.3935343270469451,3.937022360143286,-0.07986642214989505,False,5.480066051942363e-09,7.173430778204503e-09
US100,10:30,60,recent,fade,426,0.007162803169892995,0.8977914309344573,0.16466919437530333,0.007978248536453129,0.010734460113198374,3.480911653250837,209,-0.018168252930245623,0.8483960559030277,-0.3095905313026453,-0.02141482483780225,0.3946503586333993,3.960189424248094,-0.022592898104236148,False,6.566999089832373e-05,7.908033698695982e-05
US100,10:30,120,none,follow,904,-0.016127297626405215,0.91469362359221,-0.5301150871651147,-0.0176313655309738,-0.5026488388800645,4.497735469021908,516,0.03010977868816065,0.9237510539719808,0.7404188509324557,0.03259512241820288,-0.5275850466289975,5.382530443923147,-0.03139237396362923,False,9.404198983757712e-11,1.456202185511099e-10
US100,10:30,120,none,fade,904,-0.04053748590275089,0.9146219059290609,-1.3325988281269847,-0.04432157773607385,0.5023436810335946,4.482634952985754,516,-0.07622602328762401,0.9235401640042564,-1.8748750371110396,-0.08253677128358512,0.5240092712398712,5.3516851001088925,-0.04850075062660749,False,8.251204970649301e-13,1.3270252100430982e-12
US100,10:30,120,day,follow,443,-0.06037001109791916,0.9771520537041797,-1.3003521188692533,-0.06178159363127677,-0.2949299859642228,4.501063481325183,259,-0.07346903702123238,0.9817267299603311,-1.2043802180176841,-0.07483654542461227,-0.146298839734093,4.23515003984752,-0.02855926001039499,False,3.2122560923409605e-08,4.1781441879525165e-08
US100,10:30,120,day,fade,443,0.004062522923629685,0.9763935494279498,0.08757351590434381,0.004160743304797373,0.2874277722659851,4.474201742909474,259,0.027795752155200935,0.9804452432887079,0.45625219703589753,0.028350132090972906,0.14376134268935903,4.201195284296558,-0.04956947928471263,False,3.41428040693969e-05,4.1563040293680415e-05
US100,10:30,120,recent,follow,426,0.01758855532794834,0.9032238124344057,0.4019199744143916,0.019473086388791,0.162336842923607,3.9681051248264456,225,-0.07144412278332178,0.9155639004885202,-1.170493770208739,-0.07803291801391593,-0.059451599238079224,4.0230207748396065,-0.06637279465741708,False,0.0001640447857187096,0.00019560513416065061
US100,10:30,120,recent,fade,426,-0.07256607470410034,0.9036660245623768,-1.6574119921035568,-0.08030187340421735,-0.161541600426368,3.990258092544085,225,0.023185702707723514,0.9160751908658482,0.37964737401864984,0.025309824934576657,0.06169823865966191,4.019339607366248,-0.012522999425040801,False,7.2689494506839825e-09,9.509109521909661e-09
US100,10:30,240,none,follow,874,-0.02418492569603139,0.9212960948889891,-0.776070621674181,-0.026250980363642522,-0.6480046265138423,4.983112506850006,498,0.025486888778307848,0.8668463935004318,0.6561291738499133,0.029401851319227013,-0.5645745785152922,4.364908484960126,-0.05179806499711921,False,2.966640715288539e-11,4.620266543619327e-11
US100,10:30,240,none,fade,874,-0.022018942096454327,0.9214529400107407,-0.706446057300098,-0.02389589434290336,0.6472282842384681,4.963406623182267,498,-0.0619644002814329,0.8674046451809605,-1.5941720060096742,-0.07143655573634346,0.5600193067990576,4.348353024440679,-0.011493250350088602,False,9.37102347572811e-11,1.4330832764506438e-10
US100,10:30,240,day,follow,430,-0.06157901287548398,1.013150525567521,-1.2603552550821686,-0.06077972751481346,-0.42556206169153077,5.013024800211552,251,0.035950599258318804,0.8979788163604145,0.6342739910157928,0.04003501931596747,0.15574798106185211,3.476985301789276,0.005092479134886512,False,5.040268459086832e-08,6.51261316482379e-08
US100,10:30,240,day,fade,430,0.015676091591878185,1.0131141077132884,0.3208585799659693,0.015473174712037989,0.41785006238098915,4.973906027978895,251,-0.07235506674829438,0.8973170076157789,-1.277497061539989,-0.08063489952179309,-0.1566252676577086,3.4687475136328296,-0.06709130115540352,False,0.00010861294288609812,0.0001302583890393139
US100,10:30,240,recent,follow,429,-0.027473048502780057,0.9535429304750179,-0.5967538757639717,-0.028811548620148706,-0.2159450802991212,4.399086757118172,232,0.03637847011245006,0.9044025999745204,0.6126700085176147,0.040223756669291906,0.556197563415132,4.280585651525774,-0.14140907302714414,False,2.0020889723667213e-06,2.4994109006760393e-06
US100,10:30,240,recent,fade,429,-0.017359685069663407,0.9537746633923183,-0.37698555260535566,-0.01820103399257819,0.213832585097504,4.398003828856012,232,-0.07432851521877219,0.9039367303494426,-1.2524529387871899,-0.08222756385841118,-0.5628870235558416,4.298486106558336,0.08184613096166612,False,6.217777752502732e-06,7.671545102785579e-06
US100,11:00,60,none,follow,910,-0.024864854406303108,0.9394505087986132,-0.7984223964653678,-0.026467444717338803,-0.007850501820660464,7.419221447924378,516,-0.028464061670871937,0.9479979914971965,-0.6820470035924812,-0.0300254451234838,-0.969653506879242,5.674525646992251,-0.04453536883449137,False,1.7041830471340644e-11,2.682212949313239e-11
US100,11:00,60,none,fade,910,-0.05940315526536853,0.9392065162016474,-1.9079593286447933,-0.06324823586787667,0.001407992878547132,7.384434417595109,516,-0.0393028595731393,0.9486835527319029,-0.9410823518589758,-0.041428840481064245,0.9604470826447007,5.595724961437165,-0.07285333877069358,False,6.059405530730647e-15,1.0232625828920499e-14
US100,11:00,60,day,follow,447,-0.035737161674560446,1.0152976380933614,-0.7441841956153376,-0.03519870462977896,-0.7928968606981429,8.98805559588884,256,-0.06870838268696501,0.9715348839788843,-1.1315436441038111,-0.0707214777564882,0.07871492634475118,3.8609733745255634,-0.08961578089344761,False,5.000280524200284e-07,6.36721913318892e-07
US100,11:00,60,day,fade,447,-0.04805944969485117,1.013574766496015,-1.0024824195213635,-0.047415791398394205,0.78058699243762,8.996392451132657,256,0.002695107205274574,0.9708320391110159,0.04441727667319203,0.0027760797920745018,-0.07079743141131621,3.8439465751837107,-0.024965984085340686,False,3.104003339739084e-07,3.9379261937809905e-07
US100,11:00,60,recent,follow,495,-0.007691884870854401,0.9806819923726902,-0.17450471830566366,-0.007843403805391017,-0.27793499170392744,4.484540134706623,256,0.04800433191994313,0.9757986782618464,0.7871186217296616,0.04919491385810385,0.24518893626374236,4.043207438231311,-0.053900937304070334,False,3.7496910837622198e-06,4.726718686234545e-06
US100,11:00,60,recent,fade,495,-0.0754946208299907,0.981240459852188,-1.711761129991248,-0.07693794122733488,0.2687796065246396,4.4743617442444314,256,-0.11585502531957592,0.9742670118643884,-1.9026410445386557,-0.11891506528366598,-0.2534090018626277,4.055815911501557,-0.06247497401586624,False,1.4798548648649748e-09,1.992541983683232e-09
US100,11:00,120,none,follow,910,-0.0022027557847915918,0.9482893163000482,-0.07007227034812814,-0.0023228731431733413,0.4680910142516959,12.796390153958859,516,-0.020378533603337728,0.8435607575414886,-0.5487586923433865,-0.02415775440138994,-0.7108763993836398,5.050025302226761,-0.015666832897512584,False,1.8220809445587438e-09,2.733538420130934e-09
US100,11:00,120,none,fade,910,-0.06365893647358528,0.9485152646054427,-2.0245837673742635,-0.06711429836615831,-0.4687092170697547,12.770908062677407,516,-0.030907941939400614,0.843810612745959,-0.8320510160922387,-0.03662900356137839,0.6993918894361105,5.012843688693388,-0.07412848478818286,False,1.1066575761077003e-15,1.9081821601630502e-15
US100,11:00,120,day,follow,447,-0.0013010120737924288,1.058434819979849,-0.025987887009520927,-0.0012291848767949623,-1.5064898282739516,15.483485730141277,256,0.0653127450208815,0.8789016745351007,1.1889884279568177,0.0743117767473011,0.21494466116382424,4.483686699405488,-0.012801396015606136,False,1.9323208337282096e-05,2.368670672099789e-05
US100,11:00,120,day,fade,447,-0.06419574164465208,1.0567324380432823,-1.284384166754077,-0.060749286511466695,1.5050200104679508,15.52712887682777,256,-0.11525048897740933,0.8770382760768867,-2.102539733940748,-0.13140873337129674,-0.22616921159995335,4.474698813255616,-0.07481732932841845,False,1.6316706191055987e-07,2.0668214042815983e-07
US100,11:00,120,recent,follow,498,0.021718593124458438,0.9167164194054711,0.5287024836855481,0.0236917247959231,0.0662815393602324,3.4105051820413466,259,-0.00870766815730392,0.8736863230052792,-0.16039699031083746,-0.009966584033674182,0.29711065952331706,4.706888199911376,-0.009499821371606756,False,7.620627785291195e-05,9.30074299721408e-05
US100,11:00,120,recent,fade,498,-0.08694230970737571,0.9156642024291887,-2.1188958428771665,-0.09494999310525,-0.0597437147830527,3.4195090417047473,259,-0.043406616367075365,0.8729149671507874,-0.8002650954678718,-0.04972605351097995,-0.30833082672614065,4.6950445488698,-0.07982123046726253,False,6.36277089400114e-11,8.818334355992008e-11
US100,11:00,240,none,follow,879,-0.01834073141919597,0.9604515185740865,-0.5661553832342917,-0.01909594712955958,-0.8356379660879618,7.783452159257761,498,0.011803998221161275,0.8477556057138671,0.3107228105774235,0.013923822079856985,-0.8488079022032319,5.36198206449526,-0.05200610057503531,False,1.0964608561020175e-10,1.687440187518114e-10
US100,11:00,240,none,fade,879,-0.03290752844679821,0.9604233474076849,-1.0158439394637544,-0.03426356568238389,0.8312162611867826,7.71506185061131,498,-0.05106266570964906,0.8489620105341249,-1.3422391370269395,-0.06014717393246249,0.8413698908753084,5.341790275909352,-0.016310266348819297,False,1.4926063035217518e-11,2.3190562613250714e-11
US100,11:00,240,day,follow,437,-0.03299721422203467,1.0757941347557816,-0.6411930740150134,-0.030672424357031325,-1.068633256019805,8.263809831500192,249,0.08450849268689108,0.8833059520239863,1.5096938026955882,0.09567295736347108,0.0835989213178489,5.072087592601947,-0.024682861532882516,False,9.94667794194377e-07,1.256125604186932e-06
US100,11:00,240,day,fade,437,-0.01812172498441123,1.0747038124545765,-0.3524937850837295,-0.01686206448176824,1.058595676235534,8.195452332603628,249,-0.12309250389761262,0.8817992662298135,-2.2027314189876077,-0.13959243176046415,-0.0832997099059903,5.093319523586931,-0.04227324583786917,False,6.74747583599682e-06,8.322404723313132e-06
US100,11:00,240,recent,follow,444,0.02743589098528772,0.9693902851234137,0.5963646474654022,0.028302213676295342,0.22085402017239422,3.9066619713718596,254,0.024239513006548637,0.8783808272246088,0.4398027097455189,0.02759567633453184,0.28802771816154016,4.386389347790988,-0.06128700484268551,False,0.00024505467592741704,0.00029196820855819093
US100,11:00,240,recent,fade,444,-0.07842811864547487,0.9694563941471425,-1.7046491364127596,-0.08089906788893816,-0.2124849387537817,3.9148378267832142,254,-0.06399286166808475,0.8775710993854843,-1.162160412138294,-0.07292042970979275,-0.2943737063199724,4.3920732056726415,-0.003478145687014643,False,3.108175031897887e-09,4.118545760557007e-09
US100,11:30,60,none,follow,910,-0.002244100612813268,0.9527735956337495,-0.07105150925681668,-0.0023553345969044995,-0.4545044287773447,5.053923140543011,516,-0.021551803216338705,0.8348340498557104,-0.5864193736394179,-0.025815673450386503,-0.8226166256319254,4.796217586168213,-0.013302572937654853,False,1.7423553298868738e-09,2.6163433935527673e-09
US100,11:30,60,none,fade,910,-0.09258196387657157,0.9517733768069527,-2.9343609373069586,-0.09727311787935194,0.4579772290472946,5.022416560333073,516,-0.05119334595940456,0.8351208354679421,-1.392480260442326,-0.06130052536734933,0.8090571356983721,4.798808399982859,-0.11467956450589452,False,6.840221399109398e-18,1.203824823276013e-17
US100,11:30,60,day,follow,448,0.008307250348603634,1.0088397021623703,0.17429067039332194,0.008234460173204606,-0.17231006784968994,4.2338496628035,265,0.03263029456015105,0.9102216299145398,0.5835751356430187,0.035848735613121706,0.4107466318972055,4.648288655613222,-0.04366874763986863,False,4.5528046136373396e-05,5.529791562489355e-05
US100,11:30,60,day,fade,448,-0.1010280061167149,1.0064465825595816,-2.124663021520796,-0.10038089240641249,0.17321774412024687,4.254246662137006,265,-0.10298614153025665,0.9075180033577177,-1.8473384722426884,-0.11348110026381752,-0.42490787138324737,4.680666234744275,-0.08297858795732452,False,4.2699493992694917e-10,5.718956238848262e-10
US100,11:30,60,recent,follow,467,-0.01890475908536593,1.0193307450477807,-0.4007877730809656,-0.018546246326043837,-0.002500879690890234,4.706482171224867,262,0.036470294934347364,0.9686232453783438,0.6094457234813824,0.03765168253844877,-0.1290829983105301,4.270931198388479,-0.04031417837576893,False,2.369702240990954e-06,2.9799992901342573e-06
US100,11:30,60,recent,fade,467,-0.07464683394457648,1.0180866807922977,-1.5844738530579219,-0.0733207057443131,0.002736073696177549,4.7556468753759304,262,-0.10939097151639586,0.9680284026236481,-1.8291276931333875,-0.11300388627018942,0.12341913863274251,4.267145976388879,-0.08810774790404595,False,4.623488350281884e-09,6.135739740246805e-09
US100,11:30,120,none,follow,895,-0.00024374927919175346,0.9561745060257489,-0.007626366944008855,-0.00025492133251374253,-0.2845834591063266,6.471360240786783,505,-0.0265633085233476,0.8243832285433944,-0.7241002671907205,-0.03222203897850081,-1.2458049303704002,7.646844487515988,-0.007194017487376133,False,3.4712150255294754e-09,5.155342107096227e-09
US100,11:30,120,none,fade,895,-0.07224785936828322,0.9563097910693074,-2.2601533111511682,-0.0755485931891365,0.2831531322321465,6.4433981880981435,505,-0.028267954963789376,0.8252496717355365,-0.7697589010541152,-0.034253821518451036,1.2314265772881359,7.581983605669049,-0.09009705797188096,False,1.1081044712374555e-15,1.8784070198594607e-15
US100,11:30,120,day,follow,444,-0.007413300189911477,1.0196034376581042,-0.1532045912796437,-0.0072707681399533704,-0.7249086268715405,7.406889803853756,262,0.11955058345858627,0.8706345501375718,2.222626295062402,0.13731431108459421,0.9578441559664836,7.399721204235865,-0.0027112855448631064,False,1.138025555923032e-05,1.4021218792396366e-05
US100,11:30,120,day,fade,444,-0.0635746156181273,1.0182843125267746,-1.3155464134790578,-0.06243306985685854,0.7231458587642258,7.406938556570563,262,-0.17327835266649028,0.8688485187249868,-3.228129072900605,-0.19943448015630144,-0.9631479365348428,7.431431449276163,-0.09351627636467173,False,7.494861747349981e-08,9.60387239865944e-08
US100,11:30,120,recent,follow,475,-0.0027802098116850972,0.9379042221795307,-0.0646049635154317,-0.0029642790233147262,0.1363036433154043,3.5483953662637133,255,0.02313520204607728,0.8593758833060621,0.4298928529846182,0.026920934710286493,-0.33494547761936194,6.435892240563372,-0.03450402113885203,False,9.530063889848424e-06,1.184054416075304e-05
US100,11:30,120,recent,fade,475,-0.06832665622547299,0.9369784114177423,-1.5893055059093406,-0.07292233779654315,-0.1385267163347859,3.56776251583442,255,-0.07891672547963637,0.8600101267188802,-1.4653304743610567,-0.09176255375122186,0.323469597047635,6.432510891697614,-0.06287182111902123,False,2.9584808134940643e-09,3.956412639429704e-09
US100,11:30,240,none,follow,879,-0.004066107089854912,0.9474217919824152,-0.12724182229154732,-0.004291760147660169,-0.8455498066378183,7.773740692091802,498,-0.0036060440986982424,0.844026860333211,-0.09534313698087075,-0.0042724281277904145,-1.0093747846384065,6.34478259804452,-0.015934297869547455,False,2.1760652996006203e-09,3.2388987980807314e-09
US100,11:30,240,none,fade,879,-0.049556057876502385,0.9471332631671762,-1.5512439466814385,-0.0523221597252206,0.8446499339983996,7.7035904336826775,498,-0.03713156654143565,0.844847610028313,-0.9807979819079241,-0.0439506084892532,0.9996978152239728,6.3106292404072555,-0.053739709907760794,False,5.74131219971676e-13,9.15129520755207e-13
US100,11:30,240,day,follow,436,-0.01828661616662119,1.014641113051657,-0.37632592516602303,-0.018022743146709243,-0.9381229113541428,8.845127104509459,258,0.10540874305090026,0.8778942997878266,1.928609307982517,0.12006997092517391,0.2975254861600033,5.5065529816960765,0.003453444621643923,False,4.350045669446364e-06,5.406815330867264e-06
US100,11:30,240,day,fade,436,-0.03438894477524241,1.013991201676743,-0.7081543180608124,-0.033914440991575284,0.9327596919313945,8.783410234039973,258,-0.1452399471490799,0.8758200142261011,-2.6636739885160687,-0.1658330990271077,-0.3039007127325268,5.535068069759043,-0.07252736203239353,False,1.5507684083916248e-06,1.9356823399387577e-06
US100,11:30,240,recent,follow,458,0.0026180426589707544,0.9915251905748657,0.05650744948285668,0.0026404197128394365,0.1415040424077064,4.210890735645049,255,0.033115644105195116,0.8807360704819386,0.6004232674693712,0.03759996350220361,0.18985282606949944,4.913456053002503,-0.04339174184721979,False,2.2513119996600065e-05,2.761677882094859e-05
US100,11:30,240,recent,fade,458,-0.05596127838205356,0.9914286376773792,-1.2079776707880996,-0.05644508969718093,-0.13853561377312212,4.240874040628657,255,-0.07421950139092069,0.8801822746852779,-1.3465283583743581,-0.08432287666490326,-0.19360466632951723,4.919257019775222,-0.02336822802991597,False,4.243659149250601e-08,5.524001742415109e-08
US100,12:00,60,none,follow,910,-0.024147336518344473,0.9187805484572089,-0.7928264646185655,-0.026281941382947233,-0.3889483771106947,5.7940533328440464,516,-0.036743965249372956,0.8352136095912643,-0.9993400898463606,-0.043993494391637925,-1.5912633249679633,13.714669718097527,-0.04685150988548442,False,1.4017749129853291e-11,2.2156506937721892e-11
US100,12:00,60,none,fade,910,-0.08216089325743071,0.9197280747341221,-2.694799169919211,-0.08933172261940796,0.39035731086787684,5.763756391319953,516,-0.04198591108574514,0.83476313011557,-1.1425235843267585,-0.050296796265944736,1.5956744146693678,13.67661171952756,-0.09463010080485999,False,3.620818963933383e-17,6.308578478017999e-17
US100,12:00,60,day,follow,450,-0.016348748915135772,1.0291543763269457,-0.33698475625398866,-0.015885613753579414,-0.23953218109224356,5.72111193099084,250,0.023967836597487708,0.8327940829275303,0.4550521899024886,0.028780027486786774,0.33145325044396357,4.956223613893836,0.006426925584031191,False,4.419300257115614e-06,5.503273116304037e-06
US100,12:00,60,day,fade,450,-0.0882793926752461,1.0266473095906459,-1.8240818424173262,-0.08598804268083618,0.2346430436904199,5.693347159525022,250,-0.1016926483507047,0.828348235002173,-1.9410941950153888,-0.12276557618359375,-0.3346234482502359,5.056893833592673,-0.1461807223718101,False,2.6443971459640886e-09,3.4949083735080224e-09
US100,12:00,60,recent,follow,464,-0.059150580275859725,0.9570778482452079,-1.3312840697637116,-0.06180331138612359,0.47054357280201725,6.259226048345271,294,-0.11768751700615238,0.8948435021591082,-2.2550541580202927,-0.1315174292736015,-1.3658525474621144,15.776777842079891,-0.06478624884348591,False,3.307541717524001e-08,4.299859706249081e-08
US100,12:00,60,recent,fade,464,-0.04691952092803918,0.9562307975127899,-1.0569387789077473,-0.049067150995428604,-0.46686536645005317,6.275714632270663,294,0.040676539952339365,0.8968604910150535,0.7776653991155146,0.04535436710597236,1.3481651065681177,15.675363300034709,-0.07481101199067604,False,6.789078947944652e-08,8.834162820597461e-08
US100,12:00,120,none,follow,895,-0.029867254591258798,0.9603385552020359,-0.9304273253645986,-0.03110075548823022,-0.5707945204380873,5.796610941676558,505,-0.03593427955616038,0.8990472385584839,-0.898198074616568,-0.03996928972695223,-1.5168806187129482,9.32188232443872,-0.05134303556776125,False,6.403918251832572e-12,1.0177029880241722e-11
US100,12:00,120,none,fade,895,-0.04911751159898138,0.9616345061512691,-1.5280509506052506,-0.051077110154421804,0.5708573592617718,5.749087967514975,505,-0.023300917506195014,0.899303756409017,-0.5822537628910912,-0.025909952382760205,1.5100432511483275,9.25554113599057,-0.05387173090861129,False,3.0881027126999976e-13,4.988827811778383e-13
US100,12:00,120,day,follow,447,0.0026788718061918084,1.0613866317123752,0.05336199769579752,0.0025239358836373162,-0.5604640831220689,5.576859178050658,248,0.07309373109815975,0.8808814818753801,1.3067379120798335,0.08297794039505131,0.20707222402539213,4.91151932481672,0.009550756881783412,False,2.7947707667858326e-05,3.411535319640606e-05
US100,12:00,120,day,fade,447,-0.08053437425322617,1.0601693358658955,-1.6060527728335119,-0.07596368950574255,0.5548093832252307,5.562565002107164,248,-0.13232774573208567,0.878416984405,-2.3723350762632283,-0.1506434279862183,-0.2021363180039056,4.94190815768462,-0.11344028461193927,False,1.3788437388241652e-08,1.7930444025219087e-08
US100,12:00,120,recent,follow,479,-0.007434755345219448,1.029453617800126,-0.1580620660378642,-0.0072220401353360894,0.11942012758637315,3.9748938096783952,267,-0.08251479776895934,1.0054153150103091,-1.3410407471152297,-0.0820703609116132,0.6114982986610169,9.768799052199556,-0.013510091200770392,False,5.782788777012011e-06,7.2280170750774005e-06
US100,12:00,120,recent,fade,479,-0.06992982098048454,1.0277160652092039,-1.4892137166580375,-0.06804391149246995,-0.11288343280113486,4.016558503019259,267,0.023304963107121546,1.0062866542141147,0.37842719399868213,0.023159368167634253,-0.618669061814641,9.784755277962583,-0.09015645373784552,False,5.040177139379318e-09,6.717263322329134e-09
US100,12:00,240,none,follow,878,-0.011276648448409218,0.9893756813694419,-0.3377272222966482,-0.011397741687768869,-1.5804910588561176,15.891244627684909,498,0.007567034639179706,0.8931841494977832,0.18905988350168035,0.008471975956396533,-0.9070839938127522,6.261698210775537,-0.036724186212583325,False,4.660064838621379e-10,7.068265311398389e-10
US100,12:00,240,none,fade,878,-0.04392409318287455,0.9896661544246096,-1.3151077711289065,-0.044382737538813735,1.5774360235496054,15.748067076423242,498,-0.04843392157542067,0.8940110259223112,-1.2089864420691538,-0.05417597789183143,0.9028478372046828,6.242995947186122,-0.033736591999786535,False,5.754077613286932e-12,8.92933367717511e-12
US100,12:00,240,day,follow,438,-0.014346971674900932,1.107198127708446,-0.27118892742401657,-0.012957908179085056,-1.7585552823847463,16.661845899902147,244,0.08031652997124644,0.9271944492178225,1.3530972984298077,0.08662317816829161,0.03732958396670817,5.6940872544303565,0.1135410355876808,False,6.395029550859198e-06,7.927655925459957e-06
US100,12:00,240,day,fade,438,-0.04030098596623524,1.1061041977362138,-0.7625295634805415,-0.03643507189351279,1.7520451374570196,16.53983491646618,244,-0.12109638209116538,0.9248876137059383,-2.0452062822882633,-0.13093091560167347,-0.037014869245255023,5.705677340514472,-0.1831004673482438,False,1.6740694892483748e-06,2.081573320991156e-06
US100,12:00,240,recent,follow,466,-0.03731677758701768,1.0310382800167233,-0.7813080563988378,-0.03619339680231117,-0.5142509370256165,6.17716014622206,259,0.014055469149694045,0.9560763159314916,0.23659342341631098,0.0147012000145616,0.275863284113583,6.017269562712005,-0.021098650186659695,False,2.9466276802742195e-07,3.785474432240655e-07
US100,12:00,240,recent,fade,466,-0.017416822362722538,1.030053540764878,-0.365007746436306,-0.01690865734007329,0.5269703220179307,6.220476737225449,259,-0.05556651604284561,0.9557310482336532,-0.9356800181314592,-0.05814032739183434,-0.27785869702515636,6.0183581283577405,-0.047854125816469015,False,3.1585224631379946e-06,3.955907774691969e-06
US100,12:30,60,none,follow,895,-0.054638156789466125,0.9696134908809286,-1.6858110967270035,-0.056350450260160265,1.3540990145674776,25.913298787608706,505,-0.06637124385332223,0.8647970412089951,-1.7246916102903873,-0.07674776935005993,-0.7150233774587629,7.537334063503603,-0.06954862487533449,False,4.858267563233513e-13,7.708498075265829e-13
US100,12:30,60,none,fade,895,-0.05885713335591679,0.9711692941942875,-1.8130746296591524,-0.06060440101202593,-1.3652568891977248,25.768244534669147,505,-0.01867318361966438,0.8658392536084671,-0.48464840276969956,-0.021566570863866607,0.7070608158080377,7.424441197367404,-0.08221003751480109,False,2.3400304104431543e-15,4.038850231301787e-15
US100,12:30,60,day,follow,444,-0.09741260215588682,1.07199611957761,-1.9147559002045764,-0.09087029362967239,-3.0915487271798985,33.00977860329452,254,0.0612963526381648,0.9493817057024528,1.0289887644413092,0.06456449736706406,0.2669037208808119,6.566026687060621,-0.0611188284881835,False,7.1983621158164765e-12,1.036337410509625e-11
US100,12:30,60,day,fade,444,-0.013452838380995038,1.0727839181887764,-0.26423671118140474,-0.012540119359458705,3.057042964724388,32.71173481821514,254,-0.1447426520178606,0.9490912395562386,-2.43055481101579,-0.15250657258783373,-0.2634832383562165,6.623606016428667,-0.08777571895827883,False,1.0570033956246327e-05,1.2973714757847756e-05
US100,12:30,60,recent,follow,476,-0.004060813273132664,1.1029298947466322,-0.08032830220468745,-0.0036818416949932473,-2.306140210329769,27.628968121137852,259,-0.1319875039907599,0.9547300704135366,-2.224856970146863,-0.1382458854926295,0.5999847211633701,6.679419056999833,-0.041744169245125654,False,7.9869894094951e-06,9.953381928632884e-06
US100,12:30,60,recent,fade,476,-0.1074485541637302,1.10322403773728,-2.124909002001103,-0.09739504442280637,2.2887814603093357,27.49951351563383,259,0.04595162371305399,0.9569489116681749,0.7727908852169533,0.04801888915151185,-0.5928288027163812,6.696625051473505,-0.10762849239450212,False,1.1324206495550652e-08,1.4487060136939481e-08
US100,12:30,120,none,follow,880,-0.06439075833172969,0.9430588060247707,-2.025471334224191,-0.06827862474785945,-0.8063075926475637,10.825594604384907,498,-0.03756359911432551,0.8656871977611863,-0.9683243955487687,-0.043391653719116255,-0.7085062036234693,5.802296012916135,-0.09697758396953078,False,1.0526042295714442e-15,1.812122742606362e-15
US100,12:30,120,none,fade,880,-0.01685103583107082,0.9432748023959211,-0.5299436648533659,-0.017864397297870285,0.7984404131798593,10.69506722529835,498,-0.02385584547367676,0.8670944730327768,-0.613964225477048,-0.027512394803115063,0.6947587201978817,5.764393184344671,-0.009701356126438016,False,2.5047470318593107e-10,3.7993792932055593e-10
US100,12:30,120,day,follow,436,-0.06953343246472685,1.0334422231813851,-1.4049171424670237,-0.06728332838063522,-1.4462250094045528,11.56869218935828,250,0.09974061017899763,0.9170992809349551,1.7195930142866245,0.10875661147320395,0.381480825920094,5.279083144648814,-0.031052655372285104,False,6.4896882633324595e-09,8.620066786714495e-09
US100,12:30,120,day,fade,436,-0.009883837626434333,1.0336927066305612,-0.1996537145756554,-0.009561678788130202,1.4354410933909925,11.433659434964149,250,-0.15980911038034581,0.9177776515562782,-2.7531765389482326,-0.1741261732723139,-0.39383942318069626,5.2798495165004145,-0.07366720048787889,False,1.3046304255552407e-05,1.599055506371648e-05
US100,12:30,120,recent,follow,464,-0.04040577215405997,0.9915164845525273,-0.8778139167593912,-0.0407514880322894,0.20329454545654527,5.8443112801538915,259,-0.04688568092238831,0.9606878579584598,-0.78543058337124,-0.04880428177995735,0.6696994108803423,5.416220898230986,0.015079652692514567,False,2.66651237186774e-07,3.4152809382343787e-07
US100,12:30,120,recent,fade,464,-0.03962024648174877,0.9915988946942701,-0.8606768649910276,-0.03995592037641842,-0.20696750319978904,5.910645593646812,259,-0.012275323637168118,0.9618375016675915,-0.20539086647828797,-0.012762367464239751,-0.6830891374243774,5.43095477453641,-0.1196780585172511,False,2.3462904420096492e-07,3.014754979056427e-07
US100,12:30,240,none,follow,0,,,,,,,0,,,,,,,,False,,
US100,12:30,240,none,fade,0,,,,,,,0,,,,,,,,False,,
US100,12:30,240,day,follow,0,,,,,,,0,,,,,,,,False,,
US100,12:30,240,day,fade,0,,,,,,,0,,,,,,,,False,,
US100,12:30,240,recent,follow,0,,,,,,,0,,,,,,,,False,,
US100,12:30,240,recent,fade,0,,,,,,,0,,,,,,,,False,,
US100,13:00,60,none,follow,895,-0.08496614847608985,0.9410488253346043,-2.70112879589314,-0.09028877799818605,-1.0890365349720534,8.658638748555079,505,-0.06107712736084788,0.9001538597662205,-1.5247812529889355,-0.06785187520798973,-1.3345167089635024,7.936657558494734,-0.10817134265740355,False,4.059062038994318e-19,7.567132191351546e-19
US100,13:00,60,none,fade,895,-0.03354379537800602,0.9425271521289826,-1.0647063584176042,-0.035589208546658,1.0723645918458917,8.471830076420162,505,-0.031090292554132436,0.901408310839188,-0.7750842998357372,-0.03449079865392873,1.3109224864715485,7.854834964445302,-0.050858684720184295,False,9.475585313867357e-12,1.4812265834027048e-11
US100,13:00,60,day,follow,447,-0.03397348350635988,1.0298835237173056,-0.6974382007506745,-0.03298769494217612,-0.39216844831698955,8.804283916259946,252,0.031239502821966757,0.9750142796032661,0.5086199696389411,0.03204004646442525,0.8428551442939395,8.847886683335455,0.029500251889123003,False,7.607416817748715e-07,9.63302985599611e-07
US100,13:00,60,day,fade,447,-0.08280201192730376,1.0270512206139473,-1.7045217525339806,-0.08062111242884912,0.3897210794517451,8.752534044871727,252,-0.1219581464159237,0.9755108133274198,-1.9846274671686477,-0.12501977912467255,-0.8536861609221419,8.906754377452323,-0.18456610009699256,False,7.353540068682131e-09,9.615014972186969e-09
US100,13:00,60,recent,follow,470,0.023723517330642926,0.9714836934969766,0.5294104299778528,0.024419882175528,0.4607110408308221,6.8871600660271595,225,0.07476819909303895,1.0665854621566744,1.0515078502268578,0.07010052334845718,1.2536003413493377,6.686176405554796,0.06650756434011425,False,0.00011662649193685492,0.00014096367599153125
US100,13:00,60,recent,fade,470,-0.1412038195636278,0.9706570492478354,-3.1537666810536424,-0.1454724093056832,-0.4713841968541225,6.843731845563058,225,-0.16633196830820055,1.0649823998542831,-2.342742495053801,-0.15618283300358674,-1.2702992609509807,6.7921406141253495,-0.2267999927643263,False,3.650745968308329e-14,5.306776549593859e-14
US100,13:00,120,none,follow,879,-0.08061828988975989,0.955765580422709,-2.5007865942886607,-0.08434943833623368,-1.6824835882588591,16.070620295419435,498,0.011956048861878975,0.8430566148545425,0.31647952077093455,0.01418178643191338,-0.7738577661391655,6.464764206195413,-0.12158951638393915,False,1.0582916465680492e-18,1.969192853050238e-18
US100,13:00,120,none,fade,879,-0.0020302179021553187,0.955195042292496,-0.06301515819283271,-0.0021254485338227224,1.6703476117959601,15.8507021148279,498,-0.07477714157199512,0.8455867748303822,-1.97344646413251,-0.08843225059544575,0.7566786487200525,6.415528881931649,0.014436495031857385,False,3.6223046042952044e-09,5.354487722913655e-09
US100,13:00,120,day,follow,439,-0.012099851392329409,1.0028800848602386,-0.2527919787338331,-0.012065102872209936,-0.7500843225748237,10.558153640180533,248,-0.003156695863894465,0.9050017202913759,-0.05492994660863827,-0.003488055097705372,-0.4135577562702375,5.9737694482571,0.09272171633643311,False,7.794377732027703e-06,9.631829653824135e-06
US100,13:00,120,day,fade,439,-0.06943325878693944,1.0019354449216704,-1.4519781079978813,-0.06929913412971193,0.7422889923590927,10.51702345710516,248,-0.05829574242559118,0.9036342239101006,-1.0159445552963822,-0.0645125437738963,0.40038247648051273,5.951897451095317,-0.19766552220734793,False,4.801744726732776e-08,6.15817531244953e-08
US100,13:00,120,recent,follow,490,-0.004678680138751465,1.0897634374405836,-0.09503622182091925,-0.004293298873872852,0.4046396769694156,16.1568538608768,251,-0.017234603188569203,0.9760713824522701,-0.2797412875963367,-0.017657113504618065,-0.0854989921557466,6.126345558139571,0.05797724636653215,False,6.238449493100727e-06,7.810471618550236e-06
US100,13:00,120,recent,fade,490,-0.07655197135176117,1.089366466506849,-1.5555372540210417,-0.07027201011357723,-0.43208315581085877,16.325287770982932,251,-0.04440714885729029,0.9757083514845103,-0.721057218294303,-0.0455127280500635,0.07157016904802521,6.098458362592285,-0.16624197963313092,False,2.236227388988489e-09,3.0130704571849817e-09
US100,13:00,240,none,follow,0,,,,,,,0,,,,,,,,False,,
US100,13:00,240,none,fade,0,,,,,,,0,,,,,,,,False,,
US100,13:00,240,day,follow,0,,,,,,,0,,,,,,,,False,,
US100,13:00,240,day,fade,0,,,,,,,0,,,,,,,,False,,
US100,13:00,240,recent,follow,0,,,,,,,0,,,,,,,,False,,
US100,13:00,240,recent,fade,0,,,,,,,0,,,,,,,,False,,
US100,13:30,60,none,follow,880,-0.09671895819437565,0.9555817301371681,-3.0025144634426404,-0.10121474191484617,-1.4968362368866703,15.252287242500152,499,-0.029315456687319524,0.8195810289577252,-0.7990151976204063,-0.035768832673689965,-0.3377552647625834,7.643702896686897,-0.14202727926712685,False,7.945786808749668e-21,1.5351408836796585e-20
US100,13:30,60,none,fade,880,-0.020610006441858144,0.9543164379635484,-0.6406591881380901,-0.021596616826425635,1.4884210001489426,15.087476568051065,499,-0.060306145732010465,0.8214966863701834,-1.6398571950408607,-0.07341009006192786,0.30988963450012497,7.615258366118794,-0.009428252160252856,False,1.793898645184168e-10,2.719873273762486e-10
US100,13:30,60,day,follow,445,-0.07759386441062893,1.0769607551470284,-1.5198737327173362,-0.07204892475402755,-1.6935906889535342,17.03715035052651,254,0.0474999856736864,0.8589875370278982,0.8812993995170554,0.05529764242917496,0.35774645226033014,5.88965957382943,-0.07221120836098073,False,1.803730597812852e-09,2.4340288995384425e-09
US100,13:30,60,day,fade,445,-0.03769331631527842,1.076579156261446,-0.7385814355856095,-0.03501211786987695,1.6734385365129363,16.904246066006355,254,-0.1361977566347349,0.8585167794168954,-2.528354841095433,-0.15864309224944959,-0.38002783764282244,5.895875863305065,-0.0767572819088956,False,1.5178702411807992e-06,1.8933703795747779e-06
US100,13:30,60,recent,follow,467,-0.06638622313836082,1.087757890145399,-1.3188765895619519,-0.06103033013117199,1.4664329560312925,15.910976801694913,231,0.024190953782497453,0.963282724487156,0.3816851029997961,0.025113036045960983,-0.30744106169552704,7.642347882995815,-0.11518015975698884,False,8.473859216064184e-08,1.0850566879524662e-07
US100,13:30,60,recent,fade,467,-0.0502662595851461,1.0878155278060906,-0.9985728552181568,-0.04620844095370033,-1.4917287219253443,16.155719715238185,231,-0.10877523963419364,0.9605948595205217,-1.7210590859858244,-0.11323737427502839,0.26804985712066004,7.66492502839005,-0.03603900064141481,False,4.68011754312421e-08,6.149993453456173e-08
US100,13:30,120,none,follow,879,-0.05442747828174453,0.9158155310960939,-1.7619948972707935,-0.059430612862180876,-0.9911043568039907,10.51948332491197,499,-0.004179379636651609,0.8272424846999278,-0.11285719833864123,-0.005052182055383226,-1.3322550932418928,9.621393847995787,-0.0690825271678207,False,7.348002741549105e-15,1.2465145104496024e-14
US100,13:30,120,none,fade,879,-0.02620348347376377,0.9148590951675815,-0.8491790232134804,-0.028642097577839445,0.9901823345315051,10.437619398406342,499,-0.0574260979740003,0.8280563962163517,-1.549172090345698,-0.06935046723435515,1.313338887115801,9.546246077333297,-0.032159742711863906,False,4.475150438365871e-11,6.881002181184109e-11
US100,13:30,120,day,follow,444,0.010632403867085928,1.0492995566862582,0.21351257606144922,0.010132858438121907,0.48744230654154475,10.47814401879806,254,-0.008805381138255469,0.9104446408874936,-0.15413862248579438,-0.009671517347471077,-1.1335893594135182,11.091395214476053,-0.010688143618486478,False,5.4928293558023315e-05,6.656131667284439e-05
US100,13:30,120,day,fade,444,-0.08973243671672715,1.049155492388122,-1.802192125964627,-0.08552825331207603,-0.5032893180133752,10.595947193396277,254,-0.05206098296372692,0.9079020840524681,-0.9138821801509346,-0.05734206791480203,1.1236818733230698,11.11251794383291,-0.08899109076122898,False,1.3539992882279591e-09,1.8090238126405094e-09
US100,13:30,120,recent,follow,463,-0.019891098688712847,1.0137904232058368,-0.4221833321419979,-0.01962052336794882,-0.08982556515072546,10.901455388087225,216,0.018866057037198035,0.963099318600577,0.2878968698671321,0.01958890082552565,-1.0450575294342603,10.286759295311448,0.02805825730617332,False,2.30397658937808e-06,2.8956487434714807e-06
US100,13:30,120,recent,fade,463,-0.059794545980315,1.0140873745611496,-1.2687518613143174,-0.05896389944327167,0.07224688246527793,11.000821153676204,216,-0.08066507720559878,0.962093219734732,-1.232239923302274,-0.08384330702157917,1.0323857470411844,10.253100464250837,-0.1311923412584907,False,3.505536247234539e-08,4.5661291463554356e-08
US100,13:30,240,none,follow,0,,,,,,,0,,,,,,,,False,,
US100,13:30,240,none,fade,0,,,,,,,0,,,,,,,,False,,
US100,13:30,240,day,follow,0,,,,,,,0,,,,,,,,False,,
US100,13:30,240,day,fade,0,,,,,,,0,,,,,,,,False,,
US100,13:30,240,recent,follow,0,,,,,,,0,,,,,,,,False,,
US100,13:30,240,recent,fade,0,,,,,,,0,,,,,,,,False,,
US100,14:00,60,none,follow,879,-0.09114674724615317,0.9589030684930084,-2.8181292250603716,-0.09505313961441113,-1.4214563034961765,14.051244748940647,499,0.03378893047779663,0.8048329042883806,0.9378189295288837,0.041982541093635105,-1.4400982422846784,14.901195363593605,-0.1398901798120423,False,7.848963507033228e-20,1.485055657382639e-19
US100,14:00,60,none,fade,879,-0.02505903932165635,0.9570555958033344,-0.7762858826570311,-0.026183472968069596,1.4234302963540078,13.939675341638996,499,-0.12056094431145349,0.8083380800897874,-3.3316845531879045,-0.14914668414243457,1.3944408433987552,14.556908278722132,-0.006545584570948292,False,8.653658585027307e-11,1.3196431305190892e-10
US100,14:00,60,day,follow,443,-0.027116761437212734,1.0617101601829066,-0.5375683733852854,-0.025540644192894583,1.1571048082446564,15.306167100412207,258,-0.07577709069909835,0.8423823036405654,-1.4449025103195103,-0.08995570107730035,-1.754223355434887,16.663887371467933,-0.0009527467038382536,False,2.913529615181683e-06,3.6226766767339906e-06
US100,14:00,60,day,fade,443,-0.08748846521454717,1.0647787622901854,-1.7293913433505408,-0.08216586234906875,-1.1695191655260235,15.587371487049307,258,-0.009219587934860551,0.8402385259775008,-0.17624579873712606,-0.010972584152975896,1.7324072253705962,16.510813221026925,-0.14329710917011554,False,9.070425178087974e-10,1.2238303132265165e-09
US100,14:00,60,recent,follow,435,-0.09057501015655586,1.0815542780512595,-1.7466452228169336,-0.08374522850554814,0.25596530120322697,14.694040708124982,237,0.013866862764875533,0.8056964569790404,0.2649603792164827,0.017211026118780948,0.9880238590827687,7.095500576623834,-0.08320042440792685,False,8.113898113782318e-09,1.0561085849764604e-08
US100,14:00,60,recent,fade,435,-0.02439316537513374,1.082990991260334,-0.46977288352241475,-0.02252388576819658,-0.27930037160836496,14.986559202151815,237,-0.1016376299440758,0.8047647797072162,-1.9442841732440408,-0.1262948286343407,-0.9914346681778534,7.055886434095862,-0.06150132564371882,False,3.2450915242973435e-06,4.038571169526182e-06
US100,14:00,120,none,follow,878,-0.032083190502053924,1.0097556911807986,-0.9414743629774576,-0.031773220772379256,-2.5236851937436913,25.83171850266422,499,0.018870517076365168,0.8236850950314619,0.5117676928918556,0.02290986833462657,-0.8562781280959793,8.798109993452943,-0.0520737618352266,False,2.085739866615357e-12,3.3827100355558685e-12
US100,14:00,120,none,fade,878,-0.04594842884034812,1.0092129263257592,-1.3490719708347974,-0.0455289737594152,2.5262819764566156,25.714789422206408,499,-0.07600836244991996,0.8249944864050274,-2.05807218307627,-0.09213196415545981,0.8438257293381358,8.72788184096852,-0.04391378443526765,False,1.3288947059333841e-11,2.026730918115439e-11
US100,14:00,120,day,follow,442,0.015768524234173863,1.1422120605756945,0.29023878211342025,0.013805251037382898,2.2328811037670175,25.016315389312396,258,-0.0012070202794359078,0.8876573103372335,-0.021841330256704608,-0.001359781827265461,-0.8351510870434943,9.143764881514763,0.09020958493779528,False,6.405632699952897e-05,7.764606376396852e-05
US100,14:00,120,day,fade,442,-0.09261526539696618,1.1423207994596611,-1.7045338323246408,-0.08107640641821012,-2.250527254134165,25.291275134609975,258,-0.05492142649155398,0.885785588474765,-0.9959167842471861,-0.062003070727446846,0.836130569381512,9.115423304818945,-0.184503880082918,False,2.390789710104655e-10,3.298447194430987e-10
US100,14:00,120,recent,follow,464,-0.016611456290046334,1.1622046719185162,-0.30788184549539466,-0.014293055854460536,0.013893535561578829,26.352599194768047,227,0.028047972327609715,0.8664615055163093,0.4877138916804521,0.032370707929945966,0.02217240539504416,4.584820636026382,0.007783651634726217,False,3.965834721587612e-06,4.957846826287472e-06
US100,14:00,120,recent,fade,464,-0.060631251258822225,1.161015062253344,-1.1249097142903104,-0.0522226224534475,-0.0253965318129849,26.584799844143593,227,-0.08549754564001359,0.8660676065594946,-1.487355491535201,-0.09871925123681477,-0.01857563796143188,4.545831769923215,-0.10454077745311051,False,7.839287218107122e-08,1.0140823455299683e-07
US100,14:00,240,none,follow,0,,,,,,,0,,,,,,,,False,,
US100,14:00,240,none,fade,0,,,,,,,0,,,,,,,,False,,
US100,14:00,240,day,follow,0,,,,,,,0,,,,,,,,False,,
US100,14:00,240,day,fade,0,,,,,,,0,,,,,,,,False,,
US100,14:00,240,recent,follow,0,,,,,,,0,,,,,,,,False,,
US100,14:00,240,recent,fade,0,,,,,,,0,,,,,,,,False,,
US100,14:30,60,none,follow,880,-0.04025245397658269,0.906900168927476,-1.3166617385728714,-0.04438465815282216,-0.6082252847309818,8.826600432254088,499,-0.019544300167248545,0.8222469197645611,-0.5309677475266463,-0.023769380824004524,-0.794907005943129,7.937539703302362,-0.03094259569225487,False,4.85005890765261e-13,7.875703074524659e-13
US100,14:30,60,none,fade,880,-0.07140067103618163,0.9064588112428472,-2.336660163477775,-0.07876879804200264,0.6190575491536607,8.773072842818397,499,-0.06564046995603404,0.8220766913456203,-1.7836499249487279,-0.07984713670520217,0.7693710326058233,7.952687722198628,-0.10670222339978677,False,2.32015341848656e-15,3.862421546301141e-15
US100,14:30,60,day,follow,436,0.010081303987076046,1.028773297330812,0.20461632102554694,0.00979934453317591,0.3365831418084807,7.795867437765855,261,-0.09343228135116696,0.9077842842393434,-1.66277906145135,-0.10292344004330979,-0.9554823971601117,8.30623856629563,-0.0026234712720191906,False,6.237323003936528e-05,7.533695658340653e-05
US100,14:30,60,day,fade,436,-0.12010531422569988,1.0303680126957808,-2.4339581167404694,-0.11656545306706967,-0.3414069079596321,7.870256677763938,261,0.009913279120174503,0.9037270269221147,0.17721493410376618,0.010969329039474274,0.945229454606846,8.371107826936168,-0.13311088820017844,False,3.5150818830433226e-11,4.80228243610668e-11
US100,14:30,60,recent,follow,428,-0.06362368438334719,1.0609349261979508,-1.240657635902741,-0.05996945035201545,0.6936696354480052,8.327262720375662,219,-0.020009956467079624,0.9836390145111713,-0.3010457186304404,-0.020342784468572305,0.9382814662925547,7.1411454519873745,-0.05045353490099978,False,1.5677904512840332e-07,1.9886920569004953e-07
US100,14:30,60,recent,fade,428,-0.04477334929385083,1.0621582827338703,-0.8720717690942751,-0.042153180012502005,-0.6871459085539544,8.326200687718279,219,-0.06686680313246852,0.9822830725013014,-1.0073861083346463,-0.06807284478821143,-0.9672217857081795,7.162906736201519,-0.08502619377752008,False,4.0577572556496836e-07,5.150023299294667e-07
US100,14:30,120,none,follow,0,,,,,,,0,,,,,,,,False,,
US100,14:30,120,none,fade,0,,,,,,,0,,,,,,,,False,,
US100,14:30,120,day,follow,0,,,,,,,0,,,,,,,,False,,
US100,14:30,120,day,fade,0,,,,,,,0,,,,,,,,False,,
US100,14:30,120,recent,follow,0,,,,,,,0,,,,,,,,False,,
US100,14:30,120,recent,fade,0,,,,,,,0,,,,,,,,False,,
US100,14:30,240,none,follow,0,,,,,,,0,,,,,,,,False,,
US100,14:30,240,none,fade,0,,,,,,,0,,,,,,,,False,,
US100,14:30,240,day,follow,0,,,,,,,0,,,,,,,,False,,
US100,14:30,240,day,fade,0,,,,,,,0,,,,,,,,False,,
US100,14:30,240,recent,follow,0,,,,,,,0,,,,,,,,False,,
US100,14:30,240,recent,fade,0,,,,,,,0,,,,,,,,False,,
US100,15:00,60,none,follow,881,-0.017844673213258944,0.9163311626834866,-0.5780216389280478,-0.01947404381730357,-1.3130760878280436,11.456746044117605,499,-0.040688100018256276,0.8560359781573673,-1.06175830153812,-0.047530829376865834,-0.438104542131442,8.269353140957454,-0.008904942924989518,False,7.985784848450439e-11,1.236036786147957e-10
US100,15:00,60,none,fade,881,-0.08803755259124874,0.9163976413487732,-2.8514906529267328,-0.09606916104855227,1.323884530201388,11.377430516396192,499,-0.0357004186810289,0.8559777387217306,-0.9316678561972245,-0.04170718123387404,0.43571622826128514,8.169164101175722,-0.11965354695746404,False,5.96144846968151e-16,9.827729643828823e-16
US100,15:00,60,day,follow,432,0.02650194156276696,1.0407900050093755,0.5292446207016012,0.025463293685769234,1.2012840529081221,11.683712392900953,257,0.01960224663755081,0.9437911136087891,0.3329634225512982,0.02076968765111317,0.36055677976132094,5.59492604026201,0.07221571868671593,False,0.0002006852858595598,0.00023958770590597108
US100,15:00,60,day,fade,432,-0.13117065166892067,1.0377051275898277,-2.627269274617589,-0.12640455191117483,-1.206765416592706,11.842349358362894,257,-0.09468637067236317,0.941358624317206,-1.6124970406189432,-0.1005848018241102,-0.3488877051499237,5.540313488233444,-0.1983446685768625,False,9.893125272687464e-13,1.4055354463335957e-12
US100,15:00,60,recent,follow,431,0.002431864392871323,1.0152412078251625,0.04972888844377276,0.002395356270142771,1.6205023434085069,11.91994606757754,220,-0.032219457591514726,0.962843583074334,-0.4963337697744975,-0.033462815931782866,-0.2558830904277094,5.521658385916729,-0.011982381637512798,False,3.597830762515268e-05,4.3667806629696475e-05
US100,15:00,60,recent,fade,431,-0.10492821453166405,1.0145626876890492,-2.1470988121732533,-0.10342211063435366,-1.6187489493154177,12.018325139405897,220,-0.04412547438422924,0.9643057456010858,-0.6787126963901206,-0.04575880065582755,0.27517313922421105,5.603882696812356,-0.11258580930168176,False,1.6712292918704265e-11,2.3402624475670238e-11
US100,15:00,120,none,follow,0,,,,,,,0,,,,,,,,False,,
US100,15:00,120,none,fade,0,,,,,,,0,,,,,,,,False,,
US100,15:00,120,day,follow,0,,,,,,,0,,,,,,,,False,,
US100,15:00,120,day,fade,0,,,,,,,0,,,,,,,,False,,
US100,15:00,120,recent,follow,0,,,,,,,0,,,,,,,,False,,
US100,15:00,120,recent,fade,0,,,,,,,0,,,,,,,,False,,
US100,15:00,240,none,follow,0,,,,,,,0,,,,,,,,False,,
US100,15:00,240,none,fade,0,,,,,,,0,,,,,,,,False,,
US100,15:00,240,day,follow,0,,,,,,,0,,,,,,,,False,,
US100,15:00,240,day,fade,0,,,,,,,0,,,,,,,,False,,
US100,15:00,240,recent,follow,0,,,,,,,0,,,,,,,,False,,
US100,15:00,240,recent,fade,0,,,,,,,0,,,,,,,,False,,
US100,15:30,60,none,follow,0,,,,,,,0,,,,,,,,False,,
US100,15:30,60,none,fade,0,,,,,,,0,,,,,,,,False,,
US100,15:30,60,day,follow,0,,,,,,,0,,,,,,,,False,,
US100,15:30,60,day,fade,0,,,,,,,0,,,,,,,,False,,
US100,15:30,60,recent,follow,0,,,,,,,0,,,,,,,,False,,
US100,15:30,60,recent,fade,0,,,,,,,0,,,,,,,,False,,
US100,15:30,120,none,follow,0,,,,,,,0,,,,,,,,False,,
US100,15:30,120,none,fade,0,,,,,,,0,,,,,,,,False,,
US100,15:30,120,day,follow,0,,,,,,,0,,,,,,,,False,,
US100,15:30,120,day,fade,0,,,,,,,0,,,,,,,,False,,
US100,15:30,120,recent,follow,0,,,,,,,0,,,,,,,,False,,
US100,15:30,120,recent,fade,0,,,,,,,0,,,,,,,,False,,
US100,15:30,240,none,follow,0,,,,,,,0,,,,,,,,False,,
US100,15:30,240,none,fade,0,,,,,,,0,,,,,,,,False,,
US100,15:30,240,day,follow,0,,,,,,,0,,,,,,,,False,,
US100,15:30,240,day,fade,0,,,,,,,0,,,,,,,,False,,
US100,15:30,240,recent,follow,0,,,,,,,0,,,,,,,,False,,
US100,15:30,240,recent,fade,0,,,,,,,0,,,,,,,,False,,
US500,02:00,60,none,follow,550,-0.049556946972756644,1.3388136150755767,-0.8680920274202255,-0.03701556842171726,8.125514080143354,138.0169848138252,498,-0.08735241344309141,0.9613241785669032,-2.0277747663017522,-0.09086676002814396,-0.04535544570723998,6.668159252265426,-0.09291002204846258,False,1.6455582494104273e-06,2.0456561640433727e-06
US500,02:00,60,none,fade,550,-0.20881118766344955,1.3454584904746822,-3.639693429332599,-0.15519704928970368,-8.200540068787928,139.21919240991267,498,-0.1401664210956212,0.960750111151135,-3.2557287343563748,-0.14589269308299013,0.06708194761202933,6.896572786236086,-0.17684832291413566,False,4.588034882063197e-28,9.886854087231305e-28
US500,02:00,60,day,follow,278,-0.19351587753020064,1.7402081049690965,-1.854119897627319,-0.11120272166163551,-7.850362923451253,98.80724908635061,287,-0.10056929889884891,0.980280965364616,-1.7380241275485555,-0.10259232041850584,0.3105409060434075,5.324852769679646,-0.12839019694068,False,5.044682107916459e-15,7.8676582446128e-15
US500,02:00,60,day,fade,278,-0.062201594792989964,1.7334853224576177,-0.5982789859886495,-0.03588238907313318,7.75813842995101,97.5795165137452,287,-0.12177502737597301,0.9774773157101931,-2.110534698982267,-0.124580924200268,-0.25366747852015387,5.312186309509807,-0.1411962342787725,False,0.00042550206749453353,0.00047799295415609593
US500,02:00,60,recent,follow,171,-0.11270313326479792,2.0940809091094152,-0.7037859421543246,-0.05381985613570636,6.667649484673631,75.45511641918421,212,-0.031743029807299414,1.1120952923812881,-0.4155988192720724,-0.028543444095810576,0.9119510897919985,6.0153628973286555,-0.15817354336630773,False,0.003338172384640633,0.003593271020651977
US500,02:00,60,recent,fade,171,-0.11627683724464817,2.092561629945293,-0.7266294704598951,-0.05556674440584484,-6.882283761477166,78.11929636333456,212,-0.18302341160117733,1.1077210298119522,-2.4057150002718366,-0.16522518456858,-0.9386021882470538,6.172888963090061,-0.10858715652247292,False,3.975007254724248e-05,4.604940316450879e-05
US500,02:00,120,none,follow,529,0.006165673813870214,1.443129490033762,0.09826595513317192,0.00427243283187704,5.675339521840745,77.4181442265344,494,-0.018138709324271668,0.9458650750083828,-0.42622671386689737,-0.01917684646947231,0.022097647798540367,4.600820079728107,-0.03592891245182718,False,5.409037411185917e-06,6.86291384246735e-06
US500,02:00,120,none,fade,529,-0.16223626912050948,1.4441031713044596,-2.5839110833065413,-0.11234396014376266,-5.743801111366206,78.49058371743916,494,-0.12279997974296775,0.9438746644862758,-2.8916614198095023,-0.13010199803361,-0.014481596613092966,4.61737426485315,-0.12722896992818472,False,5.552783692748813e-20,1.0185939615787038e-19
US500,02:00,120,day,follow,270,-0.18731084954546767,1.7848734548804022,-1.7243975019234639,-0.10494348998989325,-5.993448295355993,65.33935791453902,286,-0.08790527169980182,0.9480458794013068,-1.5680813234954405,-0.09272259245018206,0.3241322843086356,4.9519757760818335,-0.12906659209861152,False,1.9170016903904545e-11,2.6744712541582782e-11
US500,02:00,120,day,fade,270,0.03425945065495997,1.7806501469563374,0.31614307779994527,0.01923985501223786,5.949820385054856,64.83798309324116,286,-0.05091457058344375,0.9483120891010964,-0.9079748409390116,-0.05368967786934531,-0.2988108159881055,4.901642817742455,-0.03327473816581542,False,0.001237184398150764,0.0014055860413771984
US500,02:00,120,recent,follow,160,-0.160378627449207,1.4162107560548747,-1.432447108829735,-0.11324488729062634,1.324712277169374,13.538875894456798,218,-0.059584588737964905,1.0343914472531581,-0.8505057849898435,-0.057603520307706206,5.8807587773324174e-05,4.426356992885472,-0.11797616435897391,False,0.00019635194477692723,0.0002164839904870401
US500,02:00,120,recent,fade,160,0.02496712287617584,1.413272055723793,0.22346150435862058,0.017666183078522118,-1.3667922274048585,13.39591493568181,218,-0.0716299008673649,1.0315577927802606,-1.0252482406034125,-0.06943857277672012,0.00011597781965115992,4.421610799830155,-0.046303999294866484,False,0.014284639370570763,0.0153257772349599
US500,02:00,240,none,follow,516,-0.031074911793025246,1.161630006701437,-0.6076687926735876,-0.02675112696276289,0.8763755848855427,11.343787048202291,489,-0.0020114971955553056,1.0350059785721597,-0.0429764959243621,-0.0019434643250372933,-1.282506208469628,13.492678332841804,-0.048898039479384654,False,3.9993352333133433e-07,5.162260411734759e-07
US500,02:00,240,none,fade,516,-0.06726877760929889,1.1601531556258244,-1.3171130750272697,-0.05798267003205445,-0.8974028703670945,11.46336936953362,489,-0.0868332942654943,1.0343235192581375,-1.8564544889889862,-0.08395177393604564,1.2897686980123508,13.475659005202957,-0.04816419188370001,False,2.7105362241381416e-09,3.6932725903849212e-09
US500,02:00,240,day,follow,263,-0.08101051360738565,1.2668907881921168,-1.0370031641737958,-0.06394435444825483,-1.854319417249508,13.587602624033178,283,-0.04961156066939664,0.9748135817811419,-0.8561592151424381,-0.050893382690409696,0.08463137057663322,6.236935260173291,-0.06805575738248688,False,5.2685139450690185e-06,6.280233518679349e-06
US500,02:00,240,day,fade,263,-0.014829266067516922,1.2669772604452008,-0.1898142054485966,-0.011704445320751924,1.8282058917711372,13.446349113802288,283,-0.03858500889198004,0.9762186896338292,-0.664912816865629,-0.039524964336067905,-0.08836148894988805,6.233555876415744,-0.02800947622375891,False,0.0005094558724436478,0.0005780544394194216
US500,02:00,240,recent,follow,159,-0.08204380917630355,1.1013740523647446,-0.9393112793352957,-0.07449222995597948,-0.01857431439434635,4.843446275879,209,0.01137748865804411,1.0491560655380727,0.156775956283479,0.010844419654771785,0.36572689535909403,6.115655184165945,0.006759260179731759,False,0.0003875989073234126,0.0004288237968696396
US500,02:00,240,recent,fade,159,-0.0041159113432833695,1.10349829583923,-0.04703194148409765,-0.003729875577336661,0.015707368315044403,4.800465236123733,209,-0.0929546849491634,1.0493213309359457,-1.2806661331543507,-0.08858552876863006,-0.3637908676768251,6.124964707650065,-0.10118364722566582,False,0.006595445056798899,0.007132818343118723
US500,02:30,60,none,follow,629,0.0011547331116947182,1.266431306115207,0.022867848391554136,0.0009118008265579565,3.7310535417218476,40.98323853818622,503,-0.10595522841070422,1.0143635058319622,-2.342678913861762,-0.10445488998916784,-0.14088664116825625,6.008828425563025,-0.04915699200170608,False,6.707629252397533e-07,8.876933093486197e-07
US500,02:30,60,none,fade,629,-0.22775714830260416,1.2695584613935906,-4.499296718610332,-0.17939870847112924,-3.832809871899876,42.01241395581603,503,-0.09290622208201968,1.011484196664191,-2.0600117196377936,-0.09185138273876978,0.16790560146293593,6.177104175153417,-0.1765041034203159,False,1.0427928445764274e-31,2.361754380097859e-31
US500,02:30,60,day,follow,313,-0.1941504812639266,1.575834652602201,-2.1797164100757747,-0.1232048558795955,-3.899313464166589,35.63008326391034,285,-0.1334527499569158,1.0941954152792535,-2.0589939316681094,-0.12196427447363857,0.2635674990835498,6.672681816952938,-0.13940879640636256,False,2.0676192698522406e-12,2.9180933676398447e-12
US500,02:30,60,day,fade,313,-0.030441529241903006,1.5681511933504564,-0.34343986241195174,-0.01941236876328405,3.82025071832661,35.091054123289496,285,-0.06689139634329487,1.0910095727074924,-1.0350566755658606,-0.06131146601884944,-0.22532571773352825,6.529023530433319,-0.08492543508027306,False,0.00014584085715093682,0.0001688138619532549
US500,02:30,60,recent,follow,210,-0.08595847977163554,1.8032072641529076,-0.6908006304453562,-0.047669772344232565,2.4724668862916026,30.456236725398018,238,-0.1747700023588635,1.1099204849712077,-2.4292012935257756,-0.1574617323721142,-0.44297677566251,4.926236216867327,-0.03308649734662502,False,0.0005326185732782617,0.0005926471667966788
US500,02:30,60,recent,fade,210,-0.11221561272046537,1.7966326796122838,-0.905114740030043,-0.062458850934784114,-2.6576702531593703,31.44824649195697,238,-0.006473159849687695,1.0937041537734726,-0.0913071839556374,-0.00591856566271066,0.48832997177010956,5.026722593147763,-0.1901517688823073,False,3.4306429000712836e-05,3.968298631340851e-05
US500,02:30,120,none,follow,601,-0.01653203908932268,1.13289197945691,-0.3577463054369591,-0.01459277617734382,1.424831158280721,12.743812627662846,498,-0.023423039301936045,0.9755337578425114,-0.5358159235524441,-0.024010485658372698,0.031217348441669946,5.240431289008225,-0.04552906084058285,False,2.2966593797034016e-07,3.043432684327272e-07
US500,02:30,120,none,fade,601,-0.125877533507238,1.1302874869682653,-2.7302130670133526,-0.11136771392990942,-1.4563360229374875,12.997503710212268,498,-0.10194628399627217,0.9739975958159688,-2.335759837319424,-0.10466790106485471,-0.01890623656450958,5.256219802018265,-0.09010032873368849,False,7.183885993741951e-16,1.151963293678729e-15
US500,02:30,120,day,follow,304,-0.1725474335889863,1.3136128032604497,-2.290223798412735,-0.13135334336017077,-1.904262265005049,12.975358276480511,284,-0.10400211069002377,0.9963268604326351,-1.7591362758604627,-0.10438553332273198,0.08124046240843902,5.95712359946332,-0.09457603383421662,False,1.3474778561240953e-10,1.7826323725954874e-10
US500,02:30,120,day,fade,304,0.03302313057749171,1.3105967434730112,0.4393250317567222,0.02519701864204407,1.8913964366719354,12.907248727266099,284,-0.023946548471931308,0.9957358646945155,-0.4052825877413273,-0.02404909707583741,-0.06684764601620011,5.903981966386324,-0.040001369134944655,False,0.0013570605056468967,0.0015452306386587358
US500,02:30,120,recent,follow,185,-0.08043740569463476,1.475776287417115,-0.7413501698618463,-0.05450514849741575,1.09421767054542,12.16930873689061,230,-0.16058284391500038,1.078100533253334,-2.2589353521317417,-0.14894978618591068,-0.3821387643189769,5.219500363055842,-0.11223345358811125,False,0.0005672710759042832,0.000628693393652263
US500,02:30,120,recent,fade,185,-0.04342024756490861,1.4770748912743856,-0.39983024572745834,-0.029396104301418757,-1.142211508454795,12.144475867970508,230,0.044362150960467556,1.0730497718729006,0.6269842722696781,0.04134211862608934,0.3968083395048986,5.2487247514192665,-0.022882355986030806,False,0.0010658728314431548,0.0011810839106667216
US500,02:30,240,none,follow,573,-0.03186673779154644,1.0561412703178847,-0.7222589034498018,-0.030172798551802608,0.1316251044197029,5.420906176009044,493,0.004425608796835647,0.9797587150406409,0.10029455275762153,0.004517039480125543,-0.43413853045930767,6.832366756004997,-0.036655955287134806,False,4.769269355191246e-08,6.388180511610721e-08
US500,02:30,240,none,fade,573,-0.06852923147676791,1.0551654615358659,-1.5546499073174527,-0.06494643160231847,-0.13287727375505978,5.40956594934286,493,-0.09233784382287927,0.9790843931121833,-2.0940307794462845,-0.0943104031403953,0.43835411965756954,6.810123014656743,-0.05863310454493323,False,2.9596548041740613e-10,4.1508690174475987e-10
US500,02:30,240,day,follow,294,-0.09399329732858006,1.1303645409395429,-1.425778379899908,-0.08315308373921051,-0.6658509970806964,5.4415392211586,281,-0.011239041193742886,0.9971281252031057,-0.18894328279430694,-0.01127141127571103,0.4349494225207452,8.446552226682668,-0.09582518236479985,False,6.111280269951235e-07,7.440619127016315e-07
US500,02:30,240,day,fade,294,-0.004216450277038835,1.1308039711640434,-0.06393421298079738,-0.003728719021651864,0.6616531717011903,5.433141200566983,281,-0.07869931858446133,0.9965828582895753,-1.3237644663074122,-0.07896916742029073,-0.4362921485537494,8.472256110588607,0.0014800966605213904,False,0.00037423701036078745,0.0004295749156318259
US500,02:30,240,recent,follow,157,-0.07055074640937828,1.0986744906544421,-0.804604390362637,-0.06421442111334874,0.026473194104819988,4.149513758432866,201,0.028294584675662135,1.0561225535288083,0.3798280510679132,0.026791005060086834,0.5796109939377524,7.425980847117747,-0.007067457437554159,False,0.0006626462466031947,0.0007297395166732365
US500,02:30,240,recent,fade,157,-0.013851118994383942,1.1016396872565883,-0.15754154971005702,-0.012573184458230044,-0.01915596386499979,4.130409904107518,201,-0.10853429413575026,1.052011260623662,-1.4626641816750785,-0.10316837680179208,-0.6049812885930607,7.537382347973118,-0.08825606624558263,False,0.0050333679915368,0.005453966353481447
US500,03:00,60,none,follow,699,-0.04879702161733874,1.1043117412909538,-1.1682618995616585,-0.044187723260367066,1.1494751903933218,13.736308669200689,506,-0.04509484059757923,1.0528530563299003,-0.9634614721568445,-0.042831086756563726,0.045702729534088105,5.939924536279891,-0.06951072379262623,False,5.077191099154686e-10,7.26129355591448e-10
US500,03:00,60,none,fade,699,-0.16846524366027904,1.1040728614740396,-4.03414187283353,-0.15258525912444068,-1.176225524459519,13.852862269316972,506,-0.13910313554880344,1.050098906789932,-2.9797647050080758,-0.1324666987551016,-0.04452066382935773,5.958830146625668,-0.13767485373715874,False,2.1848284822186564e-22,4.0084054463798526e-22
US500,03:00,60,day,follow,343,-0.12141667035118543,1.2139960422066742,-1.8522862721033508,-0.100014057813967,-1.9029969829709565,15.788739140144322,284,-0.2142599568903817,1.0556872499778105,-3.420305563396003,-0.2029577954028385,-0.13474987699096672,6.516427836375133,-0.17270913997856271,False,1.8355241504319787e-09,2.406826016101528e-09
US500,03:00,60,day,fade,343,-0.09317553378564628,1.2113859056312566,-1.424513052930382,-0.07691647504937103,1.8869521879061708,15.702473533425573,284,0.03135549195876202,1.0582033674804137,0.4993483853396374,0.029630875238489902,0.15989661016930526,6.4699617370064235,-0.036654297117775445,False,1.8386750818145596e-06,2.209869839420354e-06
US500,03:00,60,recent,follow,250,0.11266382753982922,1.3690237067004516,1.301198449648978,0.08229501577541386,1.606612032465206,11.973604806848146,249,-0.23440880978591055,1.04593553625051,-3.5364594657314203,-0.22411401244308402,-0.30002316966385806,4.607121910434046,0.05425848467747502,False,0.031214100161561446,0.03393925570837237
US500,03:00,60,recent,fade,250,-0.3133479822478465,1.373009773451686,-3.608471488262391,-0.2282197754937341,-1.6266525084430894,12.056754235195553,249,0.06085135520564908,1.0504023222213243,0.9141432463703528,0.057931474367806504,0.30439656905595214,4.619956845938986,-0.26704732859525465,False,1.8729308970157446e-14,2.5479289418712848e-14
US500,03:00,120,none,follow,686,-0.047758791027812074,1.0755471266393801,-1.1630166653289284,-0.04440418262009369,0.39575225734048924,8.356577954307788,505,-0.02203856200558681,0.9753833340163025,-0.5077543025580803,-0.02259476990942564,0.404534904571627,5.530861245637274,-0.06688431362614201,False,3.623626790025003e-10,5.212740557197002e-10
US500,03:00,120,none,fade,686,-0.09141632799280286,1.073532893867433,-2.2303369240195923,-0.08515465945665897,-0.38777489003576016,8.341920431670786,505,-0.0978379131150639,0.9744238953584488,-2.2563420869233344,-0.10040590504923273,-0.3911828809316609,5.578492859142488,-0.05896606273916856,False,8.854546258582782e-14,1.375961724270056e-13
US500,03:00,120,day,follow,339,-0.07855902454244153,1.2020972100114509,-1.2032513071623376,-0.06535164035668396,-0.7019004575396974,8.908513457802139,284,-0.12279817484131789,0.9727790570874559,-2.127339822022129,-0.12623439407606196,-0.6739766484379088,6.517591017078054,-0.13243447241856046,False,6.177707460888352e-07,7.622228019076791e-07
US500,03:00,120,day,fade,339,-0.05829418158332301,1.2003190774653354,-0.8941869962929365,-0.04856557116997627,0.718105714947626,8.958915342121877,284,0.00248040247759336,0.9730089155298082,0.04296002316192361,0.0025492083762077024,0.6899273047261495,6.4717447621410304,0.005785223045945882,False,6.381808412650386e-06,7.666430197654204e-06
US500,03:00,120,recent,follow,184,-0.06700273755933027,1.292517726365199,-0.703177475450297,-0.05183893125222697,-0.28382798536419185,4.813063266930098,216,-0.14223163478140552,1.0458343739192633,-1.9987577718872995,-0.135998240570725,-0.6497346390512216,6.169931483486562,-0.06932122977204003,False,0.00042083281886248287,0.0004692858935845516
US500,03:00,120,recent,fade,184,-0.05103134821824342,1.299077439464228,-0.532857291775683,-0.03928276072540374,0.27348423864261406,4.819382342513835,216,0.030276065488989763,1.0447638595206832,0.4259005201489401,0.028978859876412473,0.6517978544427194,6.120231843527061,-0.0531564194911731,False,0.0008756571792934187,0.0009694763243234103
US500,03:00,240,none,follow,634,-0.03424933117264707,0.9899807729099847,-0.8711039116402559,-0.03459595591131873,-0.10086094103982311,4.896740206283043,496,0.03513509955270593,0.948064502183375,0.8253613745626918,0.037059819739891586,-0.16934531965789762,4.814244154420694,-0.03518147902162195,False,4.609713854899397e-09,6.417513963786056e-09
US500,03:00,240,none,fade,634,-0.06743358603269252,0.988937558036717,-1.716927724461266,-0.06818791083894588,0.10804551806030875,4.856898846171016,496,-0.12155043007383409,0.9471927857661018,-2.857978494016423,-0.12832702265096174,0.1863613804536655,4.825898788260182,-0.058754292377852145,False,2.9884567789258974e-11,4.335955201972786e-11
US500,03:00,240,day,follow,319,-0.0633458875163623,1.0382559711648411,-1.089705967765407,-0.0610118210495753,-0.0034785634382868682,4.715996186594964,278,-0.06410215799292386,0.9676983147254925,-1.1044728981158036,-0.06624188243120765,0.10404416104372603,5.680321176532161,-0.100952179884181,False,2.9412368686992712e-06,3.547618558571189e-06
US500,03:00,240,day,fade,319,-0.03631234904310129,1.038056774922912,-0.6247821001139702,-0.03498108188330827,0.013317775845187837,4.702878112487592,278,-0.022998643135817558,0.9679534921957572,-0.3961595424335903,-0.023760070417893953,-0.08506663358636624,5.668916087208782,0.006875519086841638,False,2.3459178297109895e-05,2.7808009525300706e-05
US500,03:00,240,recent,follow,158,-0.12303195378121652,1.0750073474379533,-1.4385833571785447,-0.11444754686973672,-0.15351965198719925,4.131481414547206,209,-0.0026123105144282427,1.0269108150205242,-0.03677606122814037,-0.0025438533475529053,0.01266882161305156,4.826899835725814,-0.02887649122810829,False,5.3909892251396345e-05,6.047305508948002e-05
US500,03:00,240,recent,fade,158,0.040540748549521485,1.0788274919807814,0.4723547659446483,0.0375785274762387,0.15952686786629203,4.120320122754414,209,-0.07728106889064332,1.0269553663190487,-1.0879143234038982,-0.07525260729455507,-0.003202010638682164,4.847279634517565,-0.06289416505431442,False,0.025114432719352913,0.026805929459537324
US500,03:30,60,none,follow,711,-0.11093983001839795,0.9543103257798089,-3.0997928593774247,-0.11625131471541414,-0.005614150931581779,4.912589544495777,505,-0.027370046292591713,0.967964592689827,-0.6354212718898165,-0.0282758754806666,0.13296626292420136,5.079601316819059,-0.10701371158009126,False,1.1900341701534098e-16,1.9430144487523522e-16
US500,03:30,60,none,fade,711,-0.08816188498725909,0.9514422141851019,-2.4707752996904344,-0.09266131318628595,0.042062689951622455,4.925793824966242,505,-0.14022954380331848,0.9674681302206823,-3.257230873633515,-0.1449448714877375,-0.13896826229355935,5.1943502780180975,-0.06753967329074595,False,1.7622110909393866e-14,2.7747010265366612e-14
US500,03:30,60,day,follow,355,-0.09833709200328374,1.0298446152390919,-1.7991187732180507,-0.09548730997680994,0.06112962037148578,5.06037402378509,284,-0.13031413878969905,0.9861876571343033,-2.2268509305728585,-0.13213929199678912,-0.2767043448574021,5.989838722463629,-0.06628061427538642,False,3.407518318590068e-08,4.294957704081787e-08
US500,03:30,60,day,fade,355,-0.09413981719187978,1.0278083959378603,-1.7257400025236904,-0.09159276920089619,-0.04060000680662611,5.028439602956747,284,-0.040141401163146385,0.9841965054843165,-0.687337247025446,-0.040785961888162844,0.2746824283937454,5.892585182247713,-0.1048561948593749,False,4.3823730667382946e-08,5.520058906756511e-08
US500,03:30,60,recent,follow,319,-0.04275246056830467,1.084526400008253,-0.7040707922394626,-0.039420396375763035,0.207983909485939,4.748951364044706,272,-0.07885586753690077,0.9553475986974309,-1.361310046720824,-0.08254154576241866,0.2123163825377846,4.42735626824539,-0.01865989235637615,False,1.7904320885421065e-05,2.1259267030968864e-05
US500,03:30,60,recent,fade,319,-0.14473534243269892,1.0886472185960792,-2.3745579191964463,-0.1329497195789007,-0.16936431173016595,4.705297220469327,272,-0.07886801391861681,0.9540316060380608,-1.3633978153808373,-0.08266813533164057,-0.23655610238368244,4.441901582179232,-0.15560330090601684,False,2.630225306859832e-09,3.3401465945464152e-09
US500,03:30,120,none,follow,700,-0.12530152506797865,0.9885038891238248,-3.353721496440868,-0.12675875780219897,-0.286573245375036,7.176894290846024,503,-0.018189201359074213,0.9927964495355834,-0.4109011984098832,-0.01832117889581784,-0.8983359042782635,9.789977602441464,-0.11862655354034661,False,8.304279599566777e-18,1.3839223559317482e-17
US500,03:30,120,none,fade,700,-0.01729452600043007,0.9871764085907331,-0.46351406335975964,-0.017519184869013712,0.3153872782448843,7.148996912260364,503,-0.10103059245592574,0.9927972246204106,-2.2823189587427,-0.10176357261126925,0.8987656853287089,9.700438025443855,-0.007186197982649424,False,1.3381279699994311e-08,1.8718980100783624e-08
US500,03:30,120,day,follow,351,0.0018701125631329935,1.0379105079342545,0.03375680983360377,0.0018018052123347941,0.37923586914315804,7.240241876870597,283,-0.042466267483924264,0.9874155064576088,-0.7234980510504466,-0.04300749502737063,1.1659708180672872,14.049360602639657,-0.038164365642933004,False,0.00016734887659098475,0.00019626471686899196
US500,03:30,120,day,fade,351,-0.13934877245842237,1.0385668403238382,-2.513750982490752,-0.13417410131732269,-0.3575389038640451,7.209716576673038,283,-0.07842764328739599,0.9872165575375308,-1.3364414961986855,-0.07944320087481355,-1.1664199671179196,14.123925146958603,-0.08503341333537032,False,2.9737367062500277e-10,3.883610524289348e-10
US500,03:30,120,recent,follow,227,-0.0329223537292785,1.1652893333378733,-0.4256670506647084,-0.02825251445061733,-0.49999426870699826,6.421971904548653,260,-0.09912685397272465,1.091248607162382,-1.4647189307012536,-0.0908380119086596,1.1170662129766478,11.12318939677049,-0.05886279262857573,False,0.0003967493837821627,0.0004480607590720008
US500,03:30,120,recent,fade,227,-0.09020835500102796,1.1681156398844623,-1.1635200007689461,-0.07722553480231668,0.49789801023206287,6.478880642518362,260,-0.009218905816052515,1.0929799709116281,-0.13600467862976684,-0.008434652108366861,-1.1224592512160527,11.133438401110237,-0.06332038390162709,False,3.479790335162197e-05,3.992537190941715e-05
US500,03:30,240,none,follow,628,-0.06891883885463627,0.941861823350295,-1.8337096892523859,-0.07317298264567641,-0.31439456414726047,5.139174232368379,494,0.034925554278526644,0.9463360471823523,0.8202786319306137,0.03690608043782648,-0.2163125767198091,4.2552034532157474,-0.051029754639117804,False,8.162397599899309e-12,1.2013100180166919e-11
US500,03:30,240,none,fade,628,-0.03352112294681009,0.9416983722983349,-0.8920445845638687,-0.035596454165039614,0.33591149729496217,5.133577912891626,494,-0.12238321541226158,0.9462066842589237,-2.8747449658753728,-0.12934089078868963,0.23018400989278276,4.246904806654801,-0.044058075459530964,False,6.063087074812492e-09,8.38521382215592e-09
US500,03:30,240,day,follow,327,-0.044705546211937154,0.9564354909806695,-0.8452391379898222,-0.04674183113604334,0.21073288487315572,4.300713021896684,276,-0.04552711332144344,0.9417661984391804,-0.8031220626784903,-0.048342267323776326,0.10380831838624338,4.75232643713152,-0.0960994628717946,False,8.091369849439299e-06,9.692759206082761e-06
US500,03:30,240,day,fade,327,-0.0551552401460672,0.9553506470098889,-1.0439936427770404,-0.05773298036558119,-0.19247592338070657,4.2689442310809484,276,-0.04327008618059569,0.941316861757045,-0.7636712886399493,-0.04596760978001449,-0.08700349096477021,4.762328702665913,0.003199641419172522,False,2.6244549866469977e-06,3.179403444975293e-06
US500,03:30,240,recent,follow,172,-0.13664577752472368,0.9538099464039164,-1.8788780492426709,-0.14326310816941026,-0.5414989784549916,4.682809005577806,219,-0.011316991348036829,1.0371198691955335,-0.1614819877581202,-0.010911941506641003,0.0790059007651956,4.120819893423388,-0.11753074296454871,False,2.8338436767549015e-06,3.267109224220214e-06
US500,03:30,240,recent,fade,172,0.05009091981526756,0.9566177374528176,0.6867280721533949,0.05236252460532925,0.5552667156730391,4.710367122203246,219,-0.06943710032083591,1.0406786638595482,-0.9874087768205073,-0.06672290182573327,-0.07334490423248796,4.106790313474879,0.02310971646201919,False,0.0307357019119479,0.032848049404446966
US500,04:00,60,none,follow,753,-0.11226832743932283,1.012979025598235,-3.0412651657783734,-0.11082986380001356,-0.18264879954103794,8.514559260015924,509,-0.07533768354884182,0.9467774608041487,-1.7952430052309338,-0.07957274720593105,-0.05991694691474784,4.9030475333992465,-0.11189226099717671,False,3.9515161320172797e-17,6.612512328424272e-17
US500,04:00,60,none,fade,753,-0.08109900842244774,1.0116597776196974,-2.1997764534698994,-0.08016431039026091,0.21493207325699998,8.51239110614234,509,-0.08831578551210617,0.9454772861525969,-2.1073958829715456,-0.09340868025660037,0.06756975197954031,4.8904884933328265,-0.0531825142078095,False,7.018337537596346e-14,1.103481447211583e-13
US500,04:00,60,day,follow,373,-0.06329086062139919,1.0920422687416969,-1.1193243936988087,-0.05795642021652324,-0.12155946644722339,7.600113618541891,296,-0.05394117621740261,0.8901812894851129,-1.0425281874377599,-0.060595720056756716,0.08782259036248936,3.8719097449572595,-0.054451597592849704,False,6.085622267045217e-07,7.556903885845295e-07
US500,04:00,60,day,fade,373,-0.1264344563411741,1.091214804606969,-2.237739932351147,-0.11586578170254291,0.1485656905903224,7.625023661635602,296,-0.11096210236189955,0.8868202457851777,-2.1527070482853263,-0.12512355563517308,-0.07381259977964219,3.9293140071756607,-0.10741411994806316,False,2.431545587445066e-09,3.132165632740352e-09
US500,04:00,60,recent,follow,360,0.02296458446425517,1.1511374010190583,0.3785146361958661,0.019949472968149147,1.1356016680798129,8.483668818362673,286,-0.08964938522123196,0.9526213131772662,-1.5915124429486343,-0.09410810358863951,-0.19944939658943756,5.297619621703827,0.06484608148583762,False,0.000443346537472932,0.0005164173955859316
US500,04:00,60,recent,fade,360,-0.20927280696127476,1.1509716136242785,-3.4498438423715934,-0.18182273523001888,-1.1088681196960328,8.356831403912116,286,-0.06978713987047001,0.9519274028215592,-1.2398084369063722,-0.07331140973945863,0.19369025777878496,5.32723155033994,-0.22793644922674647,False,8.51835259676027e-15,1.2147706727522529e-14
US500,04:00,120,none,follow,723,-0.0956165217673365,0.9600253188953696,-2.678054451809134,-0.09959791672719151,-0.20387474221097435,5.27674125205562,504,-0.05020335019901504,1.0736034840047874,-1.0497939262207499,-0.046761538078979606,-2.028856815706316,19.739558205806734,-0.09056986963398317,False,1.2562522357099766e-15,2.0357806538941026e-15
US500,04:00,120,none,fade,723,-0.047792606084547135,0.9588085324451406,-1.3402875125872522,-0.04984582892964779,0.22385648204915864,5.275511680075456,504,-0.06917880649606607,1.0734576687516708,-1.4467830443759613,-0.06444483886962626,2.0274424211100768,19.631470508339017,-0.03508847721687687,False,4.207183901530762e-11,6.23884101080695e-11
US500,04:00,120,day,follow,361,-0.02203932642226591,1.0131605161740864,-0.41330785728241015,-0.02175304512012685,0.16183209958416597,4.722377215668421,293,-0.015947313692701522,1.1057656576285624,-0.24686427734678604,-0.014421965072511216,2.7077648764283166,26.90263090836979,-0.009143646293916643,False,2.2972159705176458e-05,2.752683662252278e-05
US500,04:00,120,day,fade,361,-0.11860086749593919,1.0129555944569708,-2.2245955249705345,-0.11708397499844918,-0.156106773985168,4.6840329536102905,293,-0.10435517738139226,1.106113241682051,-1.6149096115002828,-0.09434402685813688,-2.7268231934254934,27.006213830163983,-0.11345642880439583,False,1.7218313511753145e-09,2.226467923478682e-09
US500,04:00,120,recent,follow,283,0.027533975520417555,1.0985216208903312,0.42165138450306117,0.025064573147046285,0.31250109939774534,4.696828380672919,256,-0.07497045329403929,1.138576047430335,-1.0535328363984602,-0.06584580227490376,2.7323351904610833,27.481139287374173,0.026895874897652845,False,0.002268560875657473,0.0025508235216686447
US500,04:00,120,recent,fade,283,-0.15665427919097247,1.1017919489104802,-2.391860715150408,-0.14218136132314443,-0.3044791184052495,4.6890382693938655,256,-0.03722895395631422,1.1393295261673408,-0.5228191226684127,-0.03267619516677579,-2.733017448869199,27.67027881934576,-0.1492086018026686,False,5.743117702967155e-09,7.172907830143957e-09
US500,04:00,240,none,follow,643,-0.038916274866032406,0.9084884336213217,-1.0862188774346448,-0.04283629094859075,-0.3524462654714951,4.772231913777554,492,0.007660890321746622,0.9415575911241117,0.18047410925441737,0.008136401207918038,-0.28156192091446214,4.780980686848306,-0.019655653090521245,False,8.316522483266591e-10,1.1810877036486573e-09
US500,04:00,240,none,fade,643,-0.06415984640367398,0.9083070877008923,-1.791167081049544,-0.07063673428562077,0.37905848917777263,4.783468061793527,492,-0.09515145299984978,0.9415768898432437,-2.2415177656036565,-0.1010554252406204,0.29489042310949515,4.745923332099236,-0.0760820499512619,False,2.2183710990504585e-11,3.2233924421759334e-11
US500,04:00,240,day,follow,330,-0.10998873197514288,0.9089729369608417,-2.198134244291288,-0.1210033076924062,0.2431032822986322,3.8717706610815075,284,-0.07701502143033813,0.9668614238449558,-1.3423642506611764,-0.07965466356499101,0.1103203402128314,5.350074923658984,-0.09855625468638005,False,1.1139041908410733e-08,1.3993133303738887e-08
US500,04:00,240,day,fade,330,0.008041117133065065,0.9089268497018762,0.16071056417740848,0.008846825391617063,-0.2211364089579806,3.823471355604131,284,-0.0109122190075378,0.9652695798864456,-0.19051256484438708,-0.011304840880639285,-0.0993426805655323,5.313224969615924,0.005332154353667886,False,0.0004110395893116675,0.00047524418576881905
US500,04:00,240,recent,follow,191,-0.13801147706883587,1.0118822733623118,-1.8849589631993497,-0.13639084377893818,-0.18158592345215857,4.676722700166787,220,-0.09950156594360293,0.9358413643275578,-1.577026600752633,-0.10632311173282993,0.002528708850798291,4.227769136129727,-0.08830853042127641,False,2.506549020957629e-06,2.902940284570437e-06
US500,04:00,240,recent,fade,191,0.049759307528055775,1.0138885985067962,0.6782671320337572,0.04907768723441487,0.2016793638950852,4.64031610408024,220,0.016730803755559208,0.9397369006895363,0.26407170221543735,0.01780371053140821,0.015503913796122148,4.209576608753752,-0.005729699947947619,False,0.022863089336896673,0.024590986281601054
US500,04:30,60,none,follow,749,-0.1657520853543857,0.9823622955819048,-4.617726688917083,-0.16872806102172522,-0.755763932495518,10.012454304446692,507,-0.0913426034520348,1.108693079490822,-1.8550944612314177,-0.08238763742801099,-2.806385551450066,29.741662204775555,-0.1496690200293177,False,6.882273756043584e-25,1.3183585989196063e-24
US500,04:30,60,none,fade,749,-0.04465686798662173,0.9830133511933719,-1.2432823060038976,-0.04542854675616418,0.7879889822555778,10.121259488381758,507,-0.08097035490736688,1.1093470352903219,-1.6434730827099817,-0.07298920205450093,2.8056633046857975,29.28646126950452,-0.03367225453056305,False,7.512081839494471e-11,1.110295067774488e-10
US500,04:30,60,day,follow,378,-0.04036941520653999,1.034192145766202,-0.7589219658193779,-0.03903473389524874,0.3409985101304675,6.202093926156239,293,-0.030331733001801173,1.226840082584753,-0.42319748494933807,-0.024723461054432728,2.080744664292423,32.17360508764662,-0.06221063882757979,False,3.7296603492518654e-06,4.558736725535211e-06
US500,04:30,60,day,fade,378,-0.16286805490037012,1.0378331794661186,-3.051084662006066,-0.1569308614551643,-0.33003747325874594,6.138262800011976,293,-0.14005587126630734,1.2286931542564563,-1.9511546404661613,-0.11398767119449131,-2.0721230375708815,32.3536606554154,-0.1180075085310059,False,3.1427902008969145e-12,4.268937187952333e-12
US500,04:30,60,recent,follow,373,-0.10563522642058162,1.1473340268829086,-1.7781701259562355,-0.09207015912146589,-0.3755282427209852,10.191037111906963,257,-0.06357859418429393,0.9594729032235961,-1.062294097215453,-0.0662640851770647,-0.5629047195108471,6.786670982441257,-0.03911119913138556,False,1.4349727568006977e-08,1.8375798207109796e-08
US500,04:30,60,recent,fade,373,-0.09618508897234851,1.1474294104271354,-1.618960264434797,-0.08382658497183125,0.4039584030639819,10.264009090689802,257,-0.10461869149971435,0.9548604422935362,-1.7564506155347677,-0.10956437911327072,0.6566233820118642,7.018367500156886,-0.1370904041239095,False,8.998601131139145e-08,1.1280984260804707e-07
US500,04:30,120,none,follow,703,-0.08955265816169115,0.9719786876103926,-2.4428646306472697,-0.09213438453250056,-0.568614032424241,5.402930058423086,502,-0.04921938326836515,1.0255570720580047,-1.0752964013435307,-0.04799282712720774,-1.2291813120852373,12.333563511047466,-0.07185954588132444,False,5.1592411644471035e-15,8.284870348758548e-15
US500,04:30,120,none,fade,703,-0.0629736007554075,0.9735795755052574,-1.7150024097477345,-0.06468254094456138,0.5832540955883606,5.424984578424055,502,-0.07674708101820536,1.0247630495238396,-1.6779934752049084,-0.07489251398541957,1.2381861437542403,12.253757129031337,-0.06469638846394671,False,1.0477434158010153e-11,1.5551019720993897e-11
US500,04:30,120,day,follow,360,-0.05761515957568149,1.0432039574835439,-1.0478974741586211,-0.05522904621131131,0.39939788362493445,4.5683611915318725,289,0.018037041723520282,1.098629901814404,0.2791019148426975,0.016417759696629262,1.1420904576985,14.277059413596884,-0.0828500942624885,False,1.6222342839205864e-06,1.9853910308049337e-06
US500,04:30,120,day,fade,360,-0.09005479834278335,1.042931935689013,-1.638332860919903,-0.08634772343344596,-0.3973962389295087,4.529254568089941,289,-0.1430142842658685,1.100357860695608,-2.209501944197334,-0.12997070259984317,-1.1365165568906057,14.375091445905825,-0.0509958995998094,False,3.7926590627356085e-08,4.808593407756581e-08
US500,04:30,120,recent,follow,318,-0.039480766900277575,1.125910000001231,-0.6253101291002304,-0.035065650807111055,-0.0021165605175046485,5.299382480646392,280,-0.07502168501931898,1.0829578041227619,-1.1591891159552374,-0.06927479975093719,1.5252827949172711,15.521216159673063,-0.05755961356995431,False,2.3884509762573015e-05,2.8300991893190088e-05
US500,04:30,120,recent,fade,318,-0.10626430998468772,1.1256444567987782,-1.6834481685357605,-0.09440308557721053,0.013928790249968464,5.318744464878398,280,-0.04731391461491397,1.0845678517996002,-0.7299803510026831,-0.04362466998851847,-1.5202429394076467,15.68292203141333,-0.07430559581767936,False,1.720923742068536e-07,2.1189803353585504e-07
US500,04:30,240,none,follow,634,-0.045191513027465886,0.9338764106086906,-1.2184623253909153,-0.04839132085798221,-0.42316577735398303,6.759332163421049,492,0.004286878643528728,0.9158143470886898,0.10382843257640728,0.0046809472434630635,-0.2443760023110543,6.994772352766405,-0.018518034127010904,False,4.188191846776532e-10,5.973494592441729e-10
US500,04:30,240,none,fade,634,-0.06226205415107648,0.9345443020333202,-1.6775218277010306,-0.0666229027512241,0.4363267464772824,6.776728149364652,492,-0.09358018784900575,0.9162003376525533,-2.2655623382003824,-0.10213943829007162,0.26328210365283283,6.859347609590415,-0.08186921402042854,False,6.358387342604871e-11,9.129904926940518e-11
US500,04:30,240,day,follow,333,-0.0940226214828719,0.9583329425670636,-1.790350472846455,-0.09811060155254159,0.5075264625773163,4.750545152376161,282,-0.0753512840219512,0.9946649651172023,-1.2721501993341613,-0.07575544194730181,-0.08396070115917433,7.3264439284473095,-0.11081710360352684,False,1.2149121713438432e-07,1.499679000661695e-07
US500,04:30,240,day,fade,333,-0.011172340360918968,0.9581257111962658,-0.2127863573506029,-0.011660620553611662,-0.5013612269459713,4.6802211981911395,282,-0.013264386722439313,0.9936470817451507,-0.2241710716608288,-0.013349193054683921,0.10939142876911462,7.280520472916346,0.012240244870060172,False,8.903701396005366e-05,0.0001046821338698555
US500,04:30,240,recent,follow,197,-0.11088677115627178,1.0510310995887204,-1.480802994449999,-0.10550284496782536,-0.8670668624493857,8.006047020343884,242,-0.11633246441830022,0.9793682963914164,-1.8478323679040458,-0.11878316344008602,-0.35964026456348097,6.127566377514373,-0.08658936568303185,False,6.97009389573461e-06,8.07653856997738e-06
US500,04:30,240,recent,fade,197,0.018482776162620722,1.0496193199669968,0.24715448798270293,0.017609028160039848,0.8797885016958142,8.085213024912798,242,0.031319002917665706,0.9812247101650753,0.4965318754211296,0.03191827783505043,0.3879548932358991,6.197741762445837,-0.009145459382167919,False,0.006559108347528768,0.007161816040023111
US500,05:00,60,none,follow,732,-0.12093843831851492,0.9377495452782049,-3.4892576115262983,-0.12896667231401937,-0.27896334999930406,5.1446671964115875,505,-0.08637428723442564,1.1273091625100191,-1.7218175445539783,-0.0766198751033907,-2.330216293061824,24.648120527787146,-0.1043402790720102,False,6.818363203574712e-19,1.1715871525447715e-18
US500,05:00,60,none,fade,732,-0.09983732670404204,0.9371286115427006,-2.882367063929007,-0.10653535221776005,0.27970879936190773,5.041521451843091,505,-0.08957023571858673,1.127634637501011,-1.7850114184908297,-0.07943196558513523,2.3162301871769495,24.34290429322757,-0.09123870284541155,False,9.425390005233283e-16,1.5168625908760704e-15
US500,05:00,60,day,follow,365,-0.09546884454197067,1.0046374731901755,-1.815510333480942,-0.09502815402536617,0.24097122301602028,4.811542943514753,288,-0.047265049990246194,1.23144082753355,-0.6513625979706513,-0.03838190916969454,2.943593929602609,27.299439977595696,-0.041633206192981796,False,2.991027712521069e-08,3.7787483019082055e-08
US500,05:00,60,day,fade,365,-0.12242068088197758,1.003430743352336,-2.3308472854296483,-0.1220021229098338,-0.258130126011897,4.900377679729527,288,-0.12560847117368693,1.2368359145895946,-1.723467451622842,-0.10155629351640082,-2.91321528376002,27.223288405771463,-0.1470572784165074,False,6.378615014766288e-10,8.328222235676174e-10
US500,05:00,60,recent,follow,362,-0.18281097113823858,1.0706175615599196,-3.2487940274449536,-0.17075282313871062,-0.40992621718453437,4.505783720280084,263,-0.042620621307130936,1.2909904393321154,-0.5353953865796957,-0.03301389383579045,2.5983791903638465,24.6814665436249,-0.08894898606079008,False,7.250803981203335e-13,9.908297013946503e-13
US500,05:00,60,recent,fade,362,-0.03458986970873563,1.066316277323747,-0.6171875724758847,-0.03243865862720364,0.4091829666281702,4.415705374359796,263,-0.1274847771436149,1.2926823800137306,-1.5993531652474722,-0.09862034101699504,-2.5904487076747875,24.868720505873767,-0.09936777084737301,False,1.0129501985697033e-05,1.2221392739275753e-05
US500,05:00,120,none,follow,688,-0.07526601843576676,0.925377951854705,-2.1334084646054543,-0.08133543519695226,-0.6622752856537871,5.920327209786909,499,0.017866627884414673,0.9845298981232635,0.40538152842638814,0.01814736953999315,-0.16050124686511355,6.23385681356105,-0.049550343074877636,False,8.33004067304172e-14,1.303645139805393e-13
US500,05:00,120,none,fade,688,-0.08204393843459434,0.9251323283964004,-2.3261454218512587,-0.08868346280451264,0.6841644369381029,6.004423757271927,499,-0.14458565593251804,0.9834555469323704,-3.2841330863930587,-0.1470179881373538,0.19094527011959062,6.169689153159123,-0.09374901574858152,False,4.4180699961645224e-13,6.659970812572141e-13
US500,05:00,120,day,follow,349,-0.10315555454169989,0.9929663389522275,-1.940755408681232,-0.1038862552486412,0.7328838778964057,6.509544856741602,284,-0.08089365089580214,1.040882395452187,-1.3097003487141428,-0.0777164175792019,0.5579591007172403,6.455083762642142,-0.08117034657896247,False,5.463762554183568e-08,6.795270887477388e-08
US500,05:00,120,day,fade,349,-0.05307483705989919,0.9920550661687576,-0.9994604283148184,-0.05349989014709661,-0.7139585072296852,6.433519275354086,284,-0.04402373976794135,1.0406762371954013,-0.7129030367018229,-0.04230301240142114,-0.5270509312397904,6.4100049306229065,-0.0570761067121811,False,1.378518272840065e-06,1.6942654252095387e-06
US500,05:00,120,recent,follow,359,-0.16276756075968007,0.9669670848540751,-3.189358863170277,-0.1683279227485218,-0.4466058738619971,6.649753637117587,286,-0.11026089132716185,0.999111357188252,-1.8663393795422123,-0.11035896102458834,0.1730881580941955,4.5987012300221055,-0.09298935838409723,False,1.596220443321866e-12,2.1650709704395472e-12
US500,05:00,120,recent,fade,359,0.00817886769159307,0.9683034781482868,0.16004013725573724,0.008446595386844776,0.467538753573425,6.704110024708825,286,-0.012585974520463887,0.9983039392823767,-0.2132097593346385,-0.012607357364042077,-0.15130906095171265,4.516964703410492,-0.04398306569926826,False,0.0002262473370960975,0.0002650438666879184
US500,05:00,240,none,follow,625,-0.015561436821858978,0.9334268967383197,-0.41678241960445483,-0.016671296784178193,-0.8366303107709037,9.236667958856641,492,0.005245885072159952,0.9114520413544607,0.12766372175712154,0.005755525067851425,-0.3384844203552014,8.087810925013095,0.003661481389210498,False,6.299431679245443e-08,8.547983712750281e-08
US500,05:00,240,none,fade,625,-0.09020629688554939,0.9346721382193612,-2.4127791232067994,-0.09651116492827197,0.8391592209924525,9.184655983627334,492,-0.09321782374607461,0.9111666773855414,-2.2692569931778417,-0.10230600620025902,0.350504884644477,7.931444928477159,-0.10347683841108228,False,2.487584709867031e-12,3.6134385339524138e-12
US500,05:00,240,day,follow,319,-0.10428742068399297,1.0192586786616573,-1.8274388346192965,-0.10231693177332381,1.1579338300834532,11.242277434548878,278,-0.07066169619079782,0.9138623486848537,-1.2892159546845126,-0.07732203465050026,0.17597984414813275,6.989895405270407,-0.14306247000337727,False,4.140839311952938e-07,5.006111872494294e-07
US500,05:00,240,day,fade,319,-0.0008277794802277879,1.0179508755619866,-0.014523897583119122,-0.0008131821486678229,-1.1669147678166543,11.298815000004964,278,-0.015435275614372775,0.9144960360605409,-0.2814200004046074,-0.016878449994015,-0.12529254414000593,7.001773465755334,0.0464782721455786,False,0.00026406929809664613,0.00030602064079603917
US500,05:00,240,recent,follow,204,-0.18773566503155664,1.0781375886115454,-2.4870681246432507,-0.1741295981279418,-1.2435185831836053,11.370282664845586,253,-0.11697559184730136,0.8966630147456729,-2.075038960317784,-0.13045658170754373,0.5531987317171326,8.15081017599557,-0.13941177484170814,False,8.463112045652198e-09,1.0321105350461175e-08
US500,05:00,240,recent,fade,204,0.09580193601450582,1.07760356964017,1.2697854547603038,0.08890276416446513,1.2286184361342196,11.269389228106936,253,0.03357169108174949,0.899594595229669,0.5935900892842054,0.037318689173736694,-0.5700557023568436,8.341247578170693,0.044457994211446236,False,0.05929037787266966,0.06332783375508444
US500,05:30,60,none,follow,716,-0.058111150707515775,0.9963159616574729,-1.5606980884188209,-0.058326026023754515,-0.4338246437294877,5.425674999848538,506,-0.0681080581982031,0.9271360964508601,-1.6524573797723847,-0.07346069089416901,-0.1879246376322941,5.058235323902085,-0.04262233188659774,False,5.004207290239631e-12,7.598106872012346e-12
US500,05:30,60,none,fade,716,-0.1727776618553377,1.0000238176307772,-4.623105028763569,-0.17277354679879198,0.45077722168315987,5.379444243549702,506,-0.11917698760254421,0.923273887011857,-2.9036021516841752,-0.129080860272412,0.19789878773092115,5.169787127236138,-0.16358349196568117,False,7.52180086903841e-21,1.2790955264832732e-20
US500,05:30,60,day,follow,366,-0.12645104437003696,1.0298333704860234,-2.349070239322559,-0.12278786840084545,0.5467886782354939,5.482259728992925,289,-0.03343053400273427,0.942657928575425,-0.602890041889686,-0.035464120111158,-0.1335102052244781,4.821243879203763,-0.11398607037739082,False,3.2562271745421208e-09,4.154697821524708e-09
US500,05:30,60,day,fade,366,-0.0974869829506619,1.0257673549886135,-1.8181859569903935,-0.09503810242795653,-0.5433618769492601,5.470410230297672,289,-0.1498174461531359,0.9399382945595177,-2.7096423236983447,-0.15939072492343204,0.15049522028976245,4.867011281166829,-0.08512688097963426,False,9.011712242491639e-09,1.1591457996777559e-08
US500,05:30,60,recent,follow,352,-0.14916803291861422,1.0367441942616802,-2.6994512101863,-0.14388123294468466,-0.15413708885839095,5.035569719694772,259,-0.04109420098478859,0.980344295762206,-0.674608480665306,-0.04191813137734263,0.17279617960334798,4.057820727020038,-0.1105587670047653,False,1.2726781178268328e-10,1.6675520407997027e-10
US500,05:30,60,recent,fade,352,-0.08010921795247615,1.0356177527390198,-1.4512904491938103,-0.077354040852044,0.15259142433359169,5.0463425591027296,259,-0.14110703032127342,0.9780350862812666,-2.3219031406138555,-0.1442760411160683,-0.16532618241083302,4.139393858237998,-0.08712991054365034,False,2.46478871658404e-07,3.0572711727497574e-07
US500,05:30,120,none,follow,671,-0.04002125575173917,0.9388849640158287,-1.104179265215338,-0.04262636775069757,-0.5033328292358452,4.342694046634067,499,0.010501928566856271,0.9211246519325139,0.2546835690661408,0.011401202372364357,-0.46638903093010703,7.112556135547471,-0.019756419558484097,False,3.353762361025437e-10,4.844587715825454e-10
US500,05:30,120,none,fade,671,-0.1186044553737928,0.9404785204534505,-3.266731065316176,-0.1261107540410469,0.5056687018583124,4.388049402615735,499,-0.14150466752350538,0.9208612834084405,-3.4326286596057636,-0.15366556296052045,0.4961464065566137,7.102464903467562,-0.12698762876233646,False,7.942822025568723e-16,1.2445909305404261e-15
US500,05:30,120,day,follow,350,-0.13839634925863317,0.9908449270734555,-2.613081564819487,-0.13967508484642346,0.10012908679142937,3.952925151761744,285,-0.1484105872011277,0.9246524074092528,-2.70962261715231,-0.16050419164208254,-0.1457738642786581,8.050142818731027,-0.14471252258616002,False,4.2043361751713706e-10,5.442015505195242e-10
US500,05:30,120,day,fade,350,-0.01735546392133425,0.9864821153465401,-0.3291402792403229,-0.01759328795863417,-0.10085087905392956,3.980361175584146,285,0.019482296485474785,0.9216264792115043,0.356868022468934,0.02113903726175796,0.19831132122566197,8.057646813821215,0.002675944066037643,False,3.975311404770002e-05,4.7282032017272574e-05
US500,05:30,120,recent,follow,346,-0.16964788497483108,0.9435380537250981,-3.344468259527561,-0.1797997275309241,-0.11809652199988241,3.889177305701917,273,-0.06877196706070585,0.9308811183602052,-1.2206707799477874,-0.07387835643487022,-0.2875057622962328,4.094412111738498,-0.15057997944504906,False,2.169092522372077e-12,2.904300844719656e-12
US500,05:30,120,recent,fade,346,0.01570050183384559,0.9392378344003512,0.3109395780122764,0.016716215274557637,0.11042273347144729,3.9461529854358544,273,-0.059365976294251104,0.9281259964919679,-1.0568467119278622,-0.06396327278692367,0.32060356711135607,4.131937169295576,0.007207897384119842,False,0.0005088246941727138,0.0005891369127069653
US500,05:30,240,none,follow,624,-0.011887482465970794,0.9390453217383281,-0.3162245846390381,-0.01265911473150742,-0.4045693374918997,6.838430305246931,492,-0.014823721171725474,0.8934668639762436,-0.368011456147806,-0.0165912377609111,-0.20488133273739595,5.937173851252164,0.01755818069068906,False,1.252054573596323e-07,1.6847083700110206e-07
US500,05:30,240,none,fade,624,-0.0939544044608454,0.9406137556763327,-2.495158354884163,-0.09988627520473485,0.3962180192193412,6.832290533393145,492,-0.07335544852569134,0.8921625128751658,-1.823773736460616,-0.08222206993352507,0.2057529514398282,5.908840687926751,-0.11699697356903213,False,4.963659620407269e-13,7.35371264711291e-13
US500,05:30,240,day,follow,327,-0.15240536858629358,1.0069732547773067,-2.7368828367600986,-0.1513499667079025,0.5360302640447913,8.157822303659053,280,-0.07840684722769335,0.9153126357921575,-1.4333872890370776,-0.08566127480566914,0.1542023015862667,6.433483407788062,-0.15426717829174644,False,2.086126179624382e-09,2.6233656874237433e-09
US500,05:30,240,day,fade,327,0.04857118492018121,1.0025528958572318,0.8760830521981624,0.04844750348923033,-0.5660136306742418,8.209899031495835,280,-0.007813214266695227,0.9141520782303746,-0.14301786784413487,-0.00854695236466577,-0.14176264141752618,6.406255759021069,0.057721705762561366,False,0.004971231248444214,0.005572386760004509
US500,05:30,240,recent,follow,231,-0.1264683272009581,1.0214078134687326,-1.8818655342278061,-0.12381766179315562,-0.5221423275040213,8.526128183794805,260,-0.06801951568246413,0.9242077568162339,-1.186726389822978,-0.07359764639585131,0.46559577381785855,5.1188920513119,-0.1807686173204767,False,4.784258582524294e-07,5.699163221181975e-07
US500,05:30,240,recent,fade,231,0.03334284781200123,1.0214895453074282,0.4961063135723669,0.03264139898951814,0.5025320804724971,8.511735838830063,260,-0.016301915426267754,0.9263106077259593,-0.28377143230646734,-0.017598757145066108,-0.4644213639454299,5.178596677756696,0.08431484162881835,False,0.007010601722211168,0.007704827498422378
US500,06:00,60,none,follow,710,-0.10544205507756305,1.037772699311769,-2.707327499580097,-0.10160419053949886,-1.0132458514508413,14.305856686948783,503,0.020314836121231084,1.0472504573250476,0.43505759735479255,0.019398259489062916,0.8824211883758968,13.88960304207371,-0.06910622341426634,False,1.960489145627596e-16,3.255274092933073e-16
US500,06:00,60,none,fade,710,-0.12944686367211222,1.0380333016177705,-3.3228399274754983,-0.1247039603357328,1.0448778037421553,14.505942850437046,503,-0.20695435210818952,1.044395510258648,-4.444199642557223,-0.1981570679645459,-0.8144129466652016,13.65598667692906,-0.14280250831375954,False,3.358993745813999e-15,5.1700083021328536e-15
US500,06:00,60,day,follow,369,-0.1751577236476237,1.141833618965018,-2.946725285628566,-0.1534003910362968,1.7120815743460613,17.129938278382912,274,-0.19282610940061867,1.0946225446776088,-2.915927565971166,-0.17615762651536684,0.8977672548279607,17.3583149423694,-0.1484965870188555,False,5.617909479370903e-09,6.968328617685886e-09
US500,06:00,60,day,fade,369,-0.054918546488484536,1.141503607514872,-0.9241765171567797,-0.04811070777782806,-1.6733333075305659,16.84953330722719,274,0.00618529785316035,1.088629625075739,0.09404933966824236,0.005681728395669943,-0.8493096358775392,17.33682194822982,-0.05599687093127948,False,7.589804333333683e-07,9.470729375778234e-07
US500,06:00,60,recent,follow,353,-0.2808607891202464,1.11382496022103,-4.7376341270606845,-0.25215882131471695,-1.9576229224215012,17.997967512698217,232,-0.0836715694389677,1.04473139535682,-1.2198804230269655,-0.08008907343154009,-0.4834300793605732,8.769042780061161,-0.18377692777129873,False,1.1844036690065622e-21,1.8665729769147837e-21
US500,06:00,60,recent,fade,353,0.049780952454046574,1.1105680811622132,0.8421808599799631,0.0448247642791522,2.0167344141292145,18.52365786701675,232,-0.10038906044846596,1.041981616954065,-1.4674736948263791,-0.09634436809156446,0.5586457902948383,9.09755524951774,-0.021413533012693813,False,0.0018075633611399423,0.0020771077566743425
US500,06:00,120,none,follow,658,-0.02841102414518203,0.9406866115181651,-0.7747380267501418,-0.030202432773365137,-0.18873313108637124,5.668216270963999,496,0.00625548768023575,0.937941351282534,0.14853415442453338,0.006669380416677486,0.4656356609085532,9.270272090765829,-0.004860968194856567,False,4.560821999591332e-09,6.391970513012896e-09
US500,06:00,120,none,fade,658,-0.131409570374543,0.9428223533952136,-3.5752800995355787,-0.13937892955265832,0.19866342020858957,5.702540917728281,496,-0.1385885058119837,0.9386179001933757,-3.288358952450628,-0.14765167570683604,-0.4247531409521548,9.105485137052458,-0.14482961189020532,False,4.2635864745170305e-17,6.820650756889934e-17
US500,06:00,120,day,follow,346,-0.20366467481571635,0.9826852971793171,-3.855132411557134,-0.20725320242432843,0.00582429543877048,5.669257344126099,268,-0.16497418054822743,1.0230864699579807,-2.6398000671307496,-0.16125145370655045,0.6164253120511013,10.8110162002292,-0.1902701848879974,False,1.950947258389074e-13,2.62883446664884e-13
US500,06:00,120,day,fade,346,0.04656932364734119,0.9798819610175978,0.8840243288438502,0.047525442349177854,-0.0012467038085979608,5.624418132465934,268,0.03353735935682295,1.0175385054438737,0.5395670353583393,0.0329593024513536,-0.5721153524133421,10.786237702569698,0.04587651518810337,False,0.00339432652092509,0.003842397065551115
US500,06:00,120,recent,follow,340,-0.24538229110969512,0.9806624986258461,-4.613846139907025,-0.25022093885871766,-0.12277513602647504,5.5672334615625445,242,-0.060372868068998206,0.9499113889357467,-0.9887042391397781,-0.06355631564396573,-0.09349040967444429,5.215316036040921,-0.18530098404887874,False,5.854473783122681e-16,8.117514100979553e-16
US500,06:00,120,recent,fade,340,0.08760980561357644,0.9742201676934875,1.6581929311963992,0.08992813792902359,0.13719088948750785,5.595626263061626,242,-0.06530951816665599,0.9479776273299171,-1.0717316954391833,-0.06889352267796384,0.10588373030508094,5.20222901087369,0.03700484543861461,False,0.028120134452614205,0.030881778559750734
US500,06:00,240,none,follow,628,-0.030769711976074234,1.0477088716652563,-0.735974270005637,-0.029368570609856568,-0.3019762029381223,17.08843297105166,492,0.026982032052995146,0.8860913266117265,0.6754274700896085,0.030450622010002266,-0.4379402318710347,6.458417676791609,0.001419584952322665,False,1.104422052541718e-08,1.523422079628627e-08
US500,06:00,240,none,fade,628,-0.06501830737449114,1.0494836044918032,-1.5525293636932789,-0.06195266614572344,0.28025835544514377,16.971823677939835,492,-0.10307025972683508,0.8847607323885817,-2.5839855598915076,-0.11649506578866481,0.40229725346481565,6.299509177762011,-0.08640721265167868,False,1.5515514888913246e-10,2.2087689894996665e-10
US500,06:00,240,day,follow,328,-0.14838736020673784,1.1854923792291214,-2.266914102269127,-0.1251693918970852,0.25989279640182666,18.987019169044416,266,0.007917205075786547,0.8990208038508549,0.1436292759193666,0.008806475936790435,0.12336008998090259,4.9195257528063205,-0.19340550566230336,False,2.0524349560914043e-08,2.54942829494477e-08
US500,06:00,240,day,fade,328,0.054847167085873616,1.181962117426788,0.8404029441817089,0.04640348982189009,-0.28486895989390076,19.215541142659188,266,-0.08311851037418883,0.8954057063697671,-1.513975028058375,-0.09282776487004447,-0.13834884353662374,4.945482822626977,0.11093762124535063,False,0.004279518052297005,0.004809164912392116
US500,06:00,240,recent,follow,270,-0.1879220613818356,1.181356216250416,-2.6138386709064445,-0.15907315574830913,-0.3274642204457307,22.290387411365103,254,-0.12628134427306736,0.965998007039026,-2.0834343694005866,-0.13072629897047566,-0.5116926017003516,6.804794754993471,-0.16020535424580268,False,1.3717158275875733e-08,1.6770857210025716e-08
US500,06:00,240,recent,fade,270,0.10157511177620143,1.1772071210316293,1.4178043695194236,0.08628482614613092,0.3012129282856311,22.539814451618167,254,0.05309780043702325,0.9620717831934414,0.8796013999575976,0.05519110046110458,0.4557790646752944,6.7027772842221855,0.07750669002205446,False,0.04044276980100982,0.04370698362771261
US500,06:30,60,none,follow,703,-0.11388427408406622,0.956199837352444,-3.1578591473585904,-0.11910091346531972,-0.29092819753048776,8.45016531021645,503,-0.010431588075587625,0.9429264390093584,-0.24811704975535376,-0.011062992449916969,0.5977372938696123,10.034759927300517,-0.08541304368266095,False,4.5594919345437524e-17,7.511900396403708e-17
US500,06:30,60,none,fade,703,-0.11684744868344986,0.9563057901676215,-3.239665055204905,-0.12218628171535886,0.27433124390819025,8.554622829293256,503,-0.1773045983598598,0.9466408831141685,-4.200671642143094,-0.18729869111143826,-0.5401075345209807,9.615353483008665,-0.1263023872919183,False,2.3995174593992004e-16,3.8442959569016976e-16
US500,06:30,60,day,follow,365,-0.17699782678676843,1.0869241751000496,-3.111108217279571,-0.162842846669112,0.12709739669693149,8.36487117839871,292,-0.22699053846385644,0.9573357486835353,-4.051677822443751,-0.23710651020396845,1.4043586490977429,13.52249738454179,-0.17966920478124523,False,2.4621011173250117e-11,3.2446083751567357e-11
US500,06:30,60,day,fade,365,-0.05203747645895679,1.0844351460669106,-0.9167672178691361,-0.04798578932791803,-0.1536284096498828,8.400896262656795,292,0.04012142659564243,0.9493200327833796,0.7221961135605205,0.042263330815855156,-1.369469516106307,13.3380945677309,-0.025812475937272,False,1.9776975654374414e-06,2.4265505515087535e-06
US500,06:30,60,recent,follow,367,-0.11958993105136602,1.0701645535651187,-2.1408048778267377,-0.11174910498854329,-0.5480633863763194,8.663919702819724,248,-0.14007442215789878,0.8971265386016303,-2.458843999282723,-0.15613675009128108,0.3879829564255365,4.583441724019588,-0.11411669058480851,False,1.3314695116515408e-09,1.7357557644566464e-09
US500,06:30,60,recent,fade,367,-0.10712904720313171,1.0729608051505415,-1.9127420996233608,-0.09984432487084278,0.5267700778611519,8.473855922217256,248,-0.04014536398247671,0.8948777686247592,-0.7064761762690321,-0.044861282054388024,-0.400097307342468,4.487590700949826,-0.09269280008291521,False,2.954479731166102e-08,3.718998880224598e-08
US500,06:30,120,none,follow,660,-0.030013261338795574,0.9930740656483557,-0.7764321628707228,-0.03022258095039527,0.06784002540524331,8.3929087300111,498,-0.00864592292939696,0.8919680980583643,-0.21631005586736102,-0.009693085378521274,1.380975120689616,13.83704596316101,-0.026618063279273716,False,4.977303314447767e-09,6.963677104014016e-09
US500,06:30,120,none,fade,660,-0.1305205950756271,0.9933903844396822,-3.375445195189534,-0.1313890260265069,-0.0731876410246458,8.404922747118112,498,-0.12139925804583081,0.8931228814599602,-3.0333287954319124,-0.13592671351940197,-1.3229255866845873,13.342907191909045,-0.12349123887336859,False,8.078834869902656e-17,1.2961339611881936e-16
US500,06:30,120,day,follow,345,-0.16899512098550556,1.0901164760655164,-2.879458411276599,-0.15502482963604788,0.7166613839850613,9.678864730970826,288,-0.1807296811990344,0.94980578959147,-3.229170035507675,-0.1902806691426568,0.971059022565242,15.938089713413321,-0.16633093484524397,False,1.031272454388137e-09,1.3051381404248523e-09
US500,06:30,120,day,fade,345,0.010026191666509194,1.0887351500371436,0.1710500894705772,0.009209027251638875,-0.7137102702069937,9.617419953414334,288,0.052130666743563925,0.947994394658198,0.9332193904063939,0.05499047994092811,-0.9163508853913125,15.886103957688814,0.020291136868691797,False,0.0003297343971889238,0.0003832489000792665
US500,06:30,120,recent,follow,347,-0.22084070045288598,0.9988194564843225,-4.118668704115345,-0.22110172065551098,-0.5960717270126685,10.312953189789752,258,-0.111209132923114,0.9379040495100416,-1.9045478862663883,-0.11857197224088044,0.04225328715966472,8.466931080014207,-0.12895746489399468,False,3.5811877923282785e-15,4.984028708496073e-15
US500,06:30,120,recent,fade,347,0.06505800099897756,0.9941465841600631,1.2190317794877368,0.06544105470517099,0.608715957793013,10.291529176978148,258,-0.015306126550773876,0.9367444534882721,-0.26245449935222753,-0.01633970342047561,-0.012835154583134833,8.387139909598332,-0.017132206986272318,False,0.007808839209868909,0.008761287336325725
US500,06:30,240,none,follow,637,-0.036626986538862254,0.9557794732050378,-0.9671931362171753,-0.03832158731766871,0.9305708066969762,14.583483004704464,495,0.007343805699517779,0.9303716002588525,0.17561731474757594,0.00789341129659864,-0.6482558461111666,8.291228353414748,-0.022939257060254913,False,5.0197464629781775e-09,6.940403092924149e-09
US500,06:30,240,none,fade,637,-0.05473990461953649,0.9581713768877068,-1.441884785711087,-0.057129555254865176,-0.9434010954884016,14.56487856081259,495,-0.07915981975426781,0.9279354668415946,-1.8979712161403437,-0.08530746219206747,0.6086854726458675,8.11726614969216,-0.05727899845090892,False,5.2519873966155564e-11,7.670277919180868e-11
US500,06:30,240,day,follow,332,-0.15663470307869815,1.040663518777256,-2.742500400637002,-0.15051426349867492,-1.6157455032480752,17.754125005628712,287,0.052915502338292286,0.9212377130259964,0.9730881036443245,0.057439574596311674,0.6984665961639425,4.987780697474354,-0.157256755413865,False,5.963344285647105e-12,8.080484125831178e-12
US500,06:30,240,day,fade,332,0.06701961227871718,1.0370061304265323,1.1775778527251697,0.06462798079231341,1.6173923813965443,17.871448951088205,287,-0.12315273695487432,0.919700001187873,-2.2685002391901867,-0.133905335213452,-0.7255462463120746,5.042050304352209,0.07800619039122533,False,0.007084585957788369,0.007966929841088098
US500,06:30,240,recent,follow,283,-0.13926720467567757,1.0235895569349764,-2.288844191957231,-0.13605766464900004,2.010775439331932,22.179438327033466,260,-0.11401131867088116,0.962405928233143,-1.910189059278889,-0.1184648964914334,0.78704646159288,6.228471973195254,-0.11040838609262851,False,1.1511600761296546e-06,1.346953309449086e-06
US500,06:30,240,recent,fade,283,0.05556610872153467,1.022110087958365,0.9145459427858391,0.054364113392644756,-2.0437848132399847,22.49649749388827,260,0.04569165727117618,0.9595133587798275,0.7678432290626834,0.04761961556145537,-0.8207983347595095,6.327471775588134,0.03361318336035597,False,0.01389233435726004,0.015194301907962195
US500,07:00,60,none,follow,688,-0.06418709463435256,0.9894019832098342,-1.7016457790101511,-0.06487463712788985,0.8811799519655743,15.235778960795665,502,-0.11202596314353426,0.930258710519423,-2.6981544094922043,-0.12042452478728524,-0.43362145423043863,6.708039327430733,-0.04644275380263565,False,3.088423442994546e-11,4.4998525526807054e-11
US500,07:00,60,none,fade,688,-0.16445172279257617,0.9927440074216002,-4.345055943389455,-0.1656537048455197,-0.8634051921430391,15.350540367652574,502,-0.07953804527804799,0.9337586800264218,-1.908499806297827,-0.0851805150296406,0.48692674677018366,6.73649504645851,-0.1680143895031882,False,2.993798310948798e-22,5.352249872756065e-22
US500,07:00,60,day,follow,358,-0.2272033158386591,1.0907933933726777,-3.941065743584823,-0.20829179679586984,-1.3707997141616803,17.527844970340624,288,-0.1751779303244214,0.9916682383731704,-2.997845391918504,-0.17664973379786814,-0.01163935521636402,7.472612116297322,-0.23337661762156303,False,4.893728378832933e-16,7.033939745356344e-16
US500,07:00,60,day,fade,358,0.0014379781469506853,1.0891728546602544,0.024980262081967134,0.0013202478750714308,1.3754460995147268,17.302726424977525,288,-0.010816097644463209,0.9895670456884682,-0.18549047744543107,-0.010930131203932889,0.08012278581973035,7.7067822103091475,0.02384239110303271,False,0.00013969391115581573,0.00016441201600779842
US500,07:00,60,recent,follow,351,-0.147480423622984,1.1385513848474438,-2.4268073340894256,-0.129533392682795,-1.324784150924327,16.64409749086164,247,-0.1388721513847227,1.0756022445760867,-2.029139664798641,-0.12911106506611522,0.1887038833084298,6.541271409891527,-0.07485179192495069,False,8.249671933263349e-11,1.1003495636464127e-10
US500,07:00,60,recent,fade,351,-0.07636998997496414,1.139585361963988,-1.2555367516551907,-0.06701559402566062,1.3251516009046411,16.284174341417437,247,-0.04456526517460605,1.0777007362713877,-0.6499003817897312,-0.04135217103849466,-0.12997605377530327,6.560310894918746,-0.13604574356307347,False,1.7954385071826932e-06,2.173829329147147e-06
US500,07:00,120,none,follow,660,-0.025405477180348877,1.0506402444761107,-0.6212198035803894,-0.02418094805897809,-1.9250585435714587,26.85946277656844,499,-0.066269110235545,0.9081818911123901,-1.6300036407155083,-0.07296898438965242,-0.4075051021541099,6.588539094512716,-0.02139493878915644,False,5.6301508140825596e-09,7.93103225789458e-09
US500,07:00,120,none,fade,660,-0.12590113038190046,1.0532058003646356,-3.0710603779668606,-0.11954086308517442,1.896896453115329,26.464606886960315,499,-0.058698100946478746,0.908726868714977,-1.4429156850599365,-0.06459377725837824,0.4311053308333574,6.381582553304945,-0.1210736945558283,False,1.2827872664927948e-12,1.82987412264235e-12
US500,07:00,120,day,follow,346,-0.18161154385292252,1.1849649828898796,-2.850860607721396,-0.15326321577031776,2.182228673809185,30.73500622648384,286,-0.0940502849261574,0.9711007892563869,-1.6378677252026559,-0.09684914889027708,0.19219341868374637,6.532149688183694,-0.1745002794415137,False,7.919959223296983e-08,9.505696502648866e-08
US500,07:00,120,day,fade,346,0.03250279386915171,1.1839573979739302,0.5106492135877526,0.02745267179779673,-2.2112243273029044,31.077549325214047,286,-0.02709621566978663,0.9752633869297662,-0.4698613656017828,-0.027783484987669253,-0.16111115254263222,6.742011032204962,0.035566981029599376,False,0.0014133302141404798,0.0016105108007386296
US500,07:00,120,recent,follow,346,-0.15761320739229714,1.0223242505886043,-2.8677546556069595,-0.15417144541132735,-1.0493737413832924,8.307345532015521,255,-0.12128930665913522,0.99660213447136,-1.943438449524743,-0.12170283653212544,0.8233711893351323,6.551788899656198,-0.07955424994913365,False,3.0608037489998952e-12,4.169044544261737e-12
US500,07:00,120,recent,fade,346,0.011181137950286706,1.021398727605742,0.20362389597287037,0.010946888465875009,1.0465866240377104,8.237180613191576,255,0.0019653481605384896,0.99691820077608,0.0314811118094448,0.00197142369254419,-0.7946386628731582,6.607898717487225,-0.056971340543814204,False,0.0003256719575443308,0.00037917385612791266
US500,07:00,240,none,follow,640,-0.04829199070023167,0.9168166901281303,-1.3325471492894336,-0.05267355101648793,0.46370941369746616,6.463102900852622,497,0.001290922306548649,0.9396699335811283,0.030626894927685097,0.0013738039926731302,-0.459396794503951,7.7376425123398125,-0.02995473869654052,False,4.2322266230429045e-10,5.998181004866772e-10
US500,07:00,240,none,fade,640,-0.026139171087290875,0.9186974507615165,-0.7197957648942388,-0.02845242584011078,-0.4745525582693112,6.450622684197562,497,-0.06314537157481295,0.9380280971160707,-1.5007345132545749,-0.06731714302476742,0.4253284367734656,7.576010188772241,-0.02878052863440292,False,8.270844226927748e-09,1.1488267898916975e-08
US500,07:00,240,day,follow,333,-0.13766754960954414,0.9962469868019818,-2.5216608637111535,-0.13818616410722206,-0.9794683173765597,6.902326477194674,286,0.0038297149246838465,0.9206922142674239,0.07034528495750773,0.004159603899475867,0.35872041339286037,4.0881964591288495,-0.1559665795073851,False,8.010266797385211e-11,1.0608541718908482e-10
US500,07:00,240,day,fade,333,0.06512929258640239,0.9958751450470571,1.1934207491964621,0.06539905419903305,0.9692957685464224,6.8983147595060235,286,-0.06351025269503262,0.9192247316538388,-1.168436612045227,-0.06909110526298294,-0.3744287901345501,4.132837497116882,0.0981735968677467,False,0.008130339631958826,0.009110224930155468
US500,07:00,240,recent,follow,314,-0.0766516263280061,0.983878607599361,-1.380526285058725,-0.07790760540574627,0.37623927803641993,7.973301637635227,248,-0.10912896368116992,1.0884674836191692,-1.5788846837227615,-0.10025927767572315,0.7361028666927555,7.705066015749479,-0.09771105720391031,False,1.2506331854348211e-06,1.5112651215438337e-06
US500,07:00,240,recent,fade,314,0.005851369587124597,0.9825925671422447,0.1055234251926574,0.005955031396321895,-0.39404016437582545,8.012434155282671,248,0.049502985192016805,1.0903411248696193,0.7149815526505805,0.04540137399470855,-0.7773759077946223,7.903508228670711,0.040196448059417446,False,0.000460931550690644,0.000530396459155984
US500,07:30,60,none,follow,695,-0.05667455919571821,1.0084114320970898,-1.4816403361663995,-0.05620182139135208,0.2733426824598651,5.479984623620079,504,-0.09404844774708618,0.8752370207536309,-2.4123550138990044,-0.10745483282471861,1.4916328935902758,17.467480798020357,-0.06011156215502817,False,3.614550398740655e-11,5.320820346040045e-11
US500,07:30,60,none,fade,695,-0.17847849827179857,1.009014102604782,-4.663168076153523,-0.176884047320106,-0.2740884555325758,5.5496259989988745,504,-0.09078567686477329,0.874539093812134,-2.330522906462467,-0.10380974104775197,-1.447088053202478,16.696712311719168,-0.15455839082512152,False,4.623243650025293e-23,8.304022469297588e-23
US500,07:30,60,day,follow,358,-0.1936768893083076,1.0608613746964266,-3.45430496795776,-0.18256569041711945,0.6166074364487504,5.584660826313366,288,-0.1329281932177883,0.9734215220418942,-2.317460825513863,-0.13655768873791893,-1.6255453079735382,17.649439788730128,-0.14283866333624956,False,1.759140829021431e-11,2.2939381178233474e-11
US500,07:30,60,day,fade,358,-0.039854123888636066,1.0632781605708208,-0.7091986269873195,-0.03748231212351844,-0.5950747034680341,5.4701827106801515,288,-0.0480183944516286,0.974676660373573,-0.8360712934381295,-0.04926597342879244,1.6802386793281894,18.314151626903808,-0.0691393267475867,False,5.18006028638377e-06,6.301739069819603e-06
US500,07:30,60,recent,follow,351,-0.1273646492108151,1.054447202189598,-2.262963885920302,-0.12078807639333461,0.6114455035936546,5.181808590233289,254,-0.19092087106315037,0.8903911807622494,-3.4173496448028153,-0.21442358728183505,-1.1894576092103284,15.33417036511602,-0.13285154083155723,False,8.832415792621132e-09,1.1132737761869358e-08
US500,07:30,60,recent,fade,351,-0.10819636029175651,1.057366814466267,-1.9170813124026818,-0.10232623041642498,-0.6000883001326753,5.135971778472307,254,0.012861029889508971,0.8873275090042418,0.23099823421613946,0.014494118303558071,1.2386119008956062,15.527284955953467,-0.08123989067691366,False,6.767320885365813e-09,8.687273408756977e-09
US500,07:30,120,none,follow,670,-0.04287120967003148,0.9603363382854017,-1.1555261462073645,-0.044641869687628774,-0.09327411470262881,8.773780658152678,501,-0.08447880943777518,0.9369612422668625,-2.018110867727583,-0.09016254421942693,-0.7148310516448463,7.881772234731711,-0.02585589943311739,False,3.6496996244623395e-10,5.2476644988362e-10
US500,07:30,120,none,fade,670,-0.10617172202694569,0.9625331068503125,-2.855160892934432,-0.11030448851195401,0.06393863070919499,8.77941918496638,501,-0.03775586481589103,0.9358437392167416,-0.903025358255346,-0.04034419768356944,0.7008210364560664,7.816477890408624,-0.11192952232651775,False,5.011155839470496e-15,7.826364155720854e-15
US500,07:30,120,day,follow,346,-0.19779658884797738,1.01752907489369,-3.6158467818854327,-0.19438912727741256,-0.16902701951015403,10.61586288455092,287,-0.0437463805576595,0.9788429850966273,-0.7571292808793239,-0.044691928351860276,0.7425020439971899,8.628497165948755,-0.13672347020580974,False,1.2453200663098717e-12,1.6596050998084954e-12
US500,07:30,120,day,fade,346,0.0497910010106216,1.0144345236332042,0.912987614660239,0.049082518241093366,0.13486844297732642,10.654901396614552,287,-0.07598879381278768,0.9800861901507061,-1.3134883629517857,-0.07753276658362365,-0.7478576555324951,8.713942089770587,0.0013668539659029918,False,0.003650341023678418,0.004129278207517415
US500,07:30,120,recent,follow,338,-0.10037498571345327,0.985738607897698,-1.8720699836260681,-0.1018271830982909,0.4117127629765735,7.667753765858721,253,-0.1877390180074944,1.036286164828648,-2.881609335438498,-0.18116522672917998,-0.8635742713441009,7.851981379804629,-0.026628273729254942,False,6.929664326026741e-08,8.601566055440869e-08
US500,07:30,120,recent,fade,338,-0.04627700922997657,0.9852239362189165,-0.863552367894587,-0.0469710565575356,-0.4418247284920833,7.734046971179139,253,0.06817536215875392,1.0340756594298675,1.0486616806032434,0.06592879499391956,0.8518982792731962,7.8044132826596515,-0.10991354576579311,False,4.256627857907652e-06,5.156531723092204e-06
US500,07:30,240,none,follow,659,-0.07872520544698007,0.9376904572545768,-2.1552468235726128,-0.08395649634472786,0.1843489871733642,6.93934126103965,500,0.0008631963673330869,0.9223321461178868,0.020927013803126834,0.00093588450859736,-0.4149561930465821,5.059268249017683,-0.038801064958610486,False,1.0653560961809077e-12,1.5949298157856992e-12
US500,07:30,240,none,fade,659,0.010220483718735343,0.9383163179612374,0.2796178479967658,0.010892364891343135,-0.20201419910977444,6.948689472210599,500,-0.057520660274244656,0.92040463564899,-1.3974300161275366,-0.06249497019719598,0.4005490056447508,5.008465890737552,-0.013760490325343143,False,1.4510519885317708e-06,1.91488362849471e-06
US500,07:30,240,day,follow,340,-0.09034576127604914,0.997498992570031,-1.670070383663123,-0.09057228322935501,-0.74121368678809,7.889476730021879,287,-0.06708106584787997,0.9452981588471789,-1.2021871756634939,-0.0709628652294081,-0.008319763572685936,3.655035393174737,-0.1033777485165543,False,3.850753348831013e-08,4.8639852431672114e-08
US500,07:30,240,day,fade,340,0.022865628898229604,0.9964355464590078,0.42312959010813717,0.02294742392469463,0.728050934996764,7.87391509212964,287,0.01164458660410253,0.9429084699994081,0.20921628521355293,0.012349646836993456,0.0016201796057422604,3.685716468864077,0.051504209502492605,False,0.0007764598203945981,0.0008945954578515117
US500,07:30,240,recent,follow,328,-0.04537060134629682,1.006323942192979,-0.8165328318519264,-0.045085483355812146,0.543166126996603,8.573248054444207,254,-0.041085397419716986,1.0311637885911835,-0.6350043452134914,-0.03984371626921604,0.45962187740416977,4.726858168857856,-0.07909578793860675,False,1.0506951832152962e-05,1.2543602810665528e-05
US500,07:30,240,recent,fade,328,-0.019712164961823004,1.0052228505153615,-0.3551476084020383,-0.01960974618883454,-0.5658326891419732,8.602077403286689,254,-0.01409299538589692,1.0341854060391753,-0.21718096732145925,-0.01362714587113703,-0.47946633155129087,4.814331899868993,0.02787230379445888,False,5.3723232625276024e-05,6.341443783189433e-05
US500,08:00,60,none,follow,721,-0.09403232397546091,1.091659749457488,-2.312903451903441,-0.08613702577400265,-3.8558574452201415,56.491944805579934,507,-0.071604329684894,0.9851912662270299,-1.6365252484469284,-0.07268063790203487,0.5935125507664833,11.706782773463246,-0.0824486906106821,False,6.4061001751458966e-18,1.1541802196539718e-17
US500,08:00,60,none,fade,721,-0.1187893433193076,1.0927599494782183,-2.918907580913338,-0.10870579890489974,3.8180272130692283,55.89491057588112,507,-0.09728044688007663,0.984467804719729,-2.2249897711530284,-0.09881526487072037,-0.5575862549596645,11.331440049036322,-0.11133215451603744,False,5.372453677400371e-11,7.354309974068518e-11
US500,08:00,60,day,follow,369,-0.13193698728954842,1.2080934499120024,-2.0978731103685226,-0.10921091187040102,5.4032179657233295,71.572535845727,293,-0.15872124725785638,1.0516437978588815,-2.583450905509023,-0.1509268134143981,-1.4494783341516013,13.031161852286704,-0.12783969315753643,False,7.553788916913106e-06,8.727276162567835e-06
US500,08:00,60,day,fade,369,-0.07900379080918588,1.2080235060436948,-1.2562779248462943,-0.06539921650028577,-5.4542739177117445,72.12656494150382,293,-0.006802137936974426,1.057067225939371,-0.1101480053072183,-0.006434915178577837,1.4791760868895762,13.243200168774942,-0.06326596876962495,False,2.3861333478627085e-09,3.229563942627355e-09
US500,08:00,60,recent,follow,341,-0.13969917233890677,0.9610247156958929,-2.684333464370681,-0.14536480702033605,0.1396955038856397,4.216609979736477,250,-0.23519160830003796,1.1912603021495272,-3.121656817759581,-0.19743091235026874,-1.4369119935513197,9.395441510388688,-0.04907976757301435,False,4.276718788776793e-10,5.510640272799397e-10
US500,08:00,60,recent,fade,341,-0.06738615141211969,0.959818598627439,-1.296458686318331,-0.07020717405193369,-0.16127164025029925,4.318613758390373,250,0.07192362452786054,1.1871237134285173,0.957956060139335,0.06058646096803071,1.4927212347046528,9.838702224463924,-0.14413528710807358,False,5.317841244349064e-07,6.552021106685083e-07
US500,08:00,120,none,follow,701,-0.08062075935893956,1.0744614128499796,-1.9866212202615283,-0.0750336479232839,-1.2315870396228772,21.532098081966392,505,-0.01758396922626648,0.9553347227188388,-0.413625248536555,-0.018406081981636038,-0.3518807286471725,6.510301480146886,-0.05022558511100769,False,1.0627456451878358e-13,1.6740403184370664e-13
US500,08:00,120,none,fade,701,-0.04501774286949691,1.0760061035520594,-1.1077148819094516,-0.041837813671211074,1.202032517961362,21.2774643302903,505,-0.07898808954330667,0.9541185852992363,-1.8603940562624035,-0.08278644893866517,0.2985194714058866,6.441262421669392,-0.057350186116740365,False,7.28403470746802e-10,1.0385253453364402e-09
US500,08:00,120,day,follow,355,-0.08591660201615435,1.235006199565964,-1.310756835678223,-0.06956774957595295,0.9763613321498317,23.419670266668536,292,-0.0042758908474373565,0.933106793635841,-0.07830449347115431,-0.004582423873237909,0.09023274686110447,4.508193681871543,-0.14003312016448952,False,1.126917294068347e-06,1.3722574194595001e-06
US500,08:00,120,day,fade,355,-0.03878394851978705,1.2335828595534555,-0.5923765688857396,-0.03144008383338469,-1.0022952649736543,23.707582722649317,292,-0.08959856054508936,0.9308130375007785,-1.6448640189392765,-0.09625838587914538,-0.11483865242179322,4.504533747740198,0.03262298036143294,False,9.039083209115687e-06,1.0938354691134708e-05
US500,08:00,120,recent,follow,340,-0.0812406825532221,1.1813953587632668,-1.2679956442766729,-0.06876671890625013,2.626383164007745,27.44153002276154,245,-0.16911257161570456,1.0416460482943333,-2.5411995237845497,-0.16235128227349563,-0.29308096514002846,6.665604138128334,0.014362143723322115,False,5.7770419297174435e-06,6.854021253459839e-06
US500,08:00,120,recent,fade,340,-0.03955594534774129,1.1844957768178528,-0.615768842441097,-0.03339475422530278,-2.6337650042690655,27.489732498763413,245,0.07609147627102597,1.0415756559486171,1.143479100486042,0.07305419998677437,0.22239631677591662,6.8149758058203895,-0.1205348403784026,False,6.621862866310567e-06,8.04694696134118e-06
US500,08:00,240,none,follow,693,-0.05366763409319164,0.9149348126133202,-1.5441479702085996,-0.05865733094131729,0.01284191519591299,4.754497324937207,504,-0.003891075518754591,0.9323152846735864,-0.0936962314996733,-0.0041735618655194505,-0.46009899972374874,4.405836682250928,-0.03447989540564474,False,1.807520850311491e-11,2.682727132136272e-11
US500,08:00,240,none,fade,693,-0.011677927675718026,0.9155565881024536,-0.33577410988440004,-0.012755003707549348,-0.02329966295130498,4.759983144891871,504,-0.04964587659634595,0.9309191277679473,-1.1972545542273338,-0.053329956508017216,0.45313475864107533,4.381834200814524,-0.01447305867212863,False,2.895912230438912e-08,4.01703022765281e-08
US500,08:00,240,day,follow,352,-0.04888500626351273,0.975135617463649,-0.9405502155437151,-0.05013149493058596,-0.40932704336176073,5.438721341874871,292,-0.0641975899015381,0.9718135191798578,-1.1288265448745753,-0.06605957689878234,-0.09578222003696876,3.797643446802181,-0.08316162859614341,False,2.065026531844482e-06,2.527241281024424e-06
US500,08:00,240,day,fade,352,-0.015409097392250241,0.9735807701488371,-0.2969453607520022,-0.015827240907700508,0.40032423063955996,5.445467526749783,292,0.011709122111700554,0.9712334305663481,0.2060118196681361,0.012055929854960512,0.09788379807743604,3.8064797201852167,0.03474984581814731,False,4.650707997743166e-05,5.522078679469696e-05
US500,08:00,240,recent,follow,327,-0.03550572164637187,0.8999426606136081,-0.7134398782285142,-0.03945331541696556,0.6474666686875903,5.60283244913715,249,-0.03787169078946392,1.0030024121085346,-0.5958163145377994,-0.03775832473807235,0.3168061338226553,4.469973367535263,-0.05189926332742499,False,1.6691623598761665e-05,1.9844173555778844e-05
US500,08:00,240,recent,fade,327,-0.02504576161942036,0.8984157104345305,-0.5041163478904278,-0.02787769773895277,-0.6564314643849766,5.649778697774859,249,-0.012532485068835336,1.0062891290371903,-0.1965233182086454,-0.01245415925423573,-0.3297724360954794,4.5289587544208345,0.0037041545653901035,False,2.769771918780935e-05,3.2906483669288126e-05
US500,08:30,60,none,follow,736,-0.11447592437647493,0.9773012853902391,-3.177785625993616,-0.11713473223435328,0.2886660958344297,9.607479085425714,507,-0.1056007812223075,1.0447663760949166,-2.275893437569823,-0.10107597606368,-0.44706612692282144,8.17699770884094,-0.07988278871880024,False,1.595038518940054e-16,2.589923668873395e-16
US500,08:30,60,none,fade,736,-0.08928932330321256,0.9802601449004387,-2.471138535062452,-0.09108737488483869,-0.3246912610877365,9.66904996105364,507,-0.06032872408178051,1.0432758275109417,-1.3020539368689399,-0.05782624545774573,0.47284880687938136,8.17066407502343,-0.10326432864047344,False,4.263418994977844e-15,6.8783918898660575e-15
US500,08:30,60,day,follow,370,-0.18417130072927665,1.07450232276809,-3.296973517506122,-0.17140149148753991,-0.3642685046271683,11.285404578836022,276,-0.031062380284991,1.1377394587051317,-0.4535722257677524,-0.02730183966753099,-0.12027774998356724,8.203795463049945,-0.14051493607548934,False,1.6617912025381589e-12,2.2471626384372528e-12
US500,08:30,60,day,fade,370,-0.016855069719233524,1.0697190950540412,-0.30308306258600054,-0.01575653813899809,0.32256782388296024,11.315243095163254,276,-0.13019612896402874,1.1440433286673957,-1.8906456505837093,-0.11380349476420948,0.16222093205619867,8.099160248448097,-0.038591057407199654,False,3.068180196003818e-05,3.6739658204082805e-05
US500,08:30,60,recent,follow,381,-0.13627566628825222,1.0853569971390693,-2.450801804884538,-0.12555838000534944,1.1698873629435127,10.71321561846547,229,-0.06521414067797286,1.088020658305194,-0.9070315124274001,-0.05993832946109379,0.41133763110262267,6.640101492002283,-0.12759816315411174,False,5.569269284846526e-09,7.039487303550941e-09
US500,08:30,60,recent,fade,381,-0.059310896539751336,1.0916935937226477,-1.0604646958424093,-0.05432925216452234,-1.2004547681045765,10.757273994663779,229,-0.09541979583499038,1.0989373681416228,-1.3139634440257886,-0.08682914841302712,-0.3557104212762267,6.632336956761542,-0.051614811771464514,False,3.2309481806867036e-07,4.06913795550833e-07
US500,08:30,120,none,follow,728,-0.09030640568482401,0.9562517979275547,-2.5480736810390288,-0.09443789374361583,0.2699948513144647,7.6660840418632645,507,-0.02493834745589738,0.9891202846355166,-0.5677047693571292,-0.025212653954505615,-0.5005880041297414,8.54096084133782,-0.06262400454095995,False,1.3645478547300604e-14,2.1509183665892845e-14
US500,08:30,120,none,fade,728,-0.02769596669731815,0.9592427026123572,-0.7790291596818666,-0.028872741613662774,-0.2821211552216242,7.636297472569417,507,-0.06463647362100007,0.9864904436273302,-1.475328566778655,-0.06552164193636933,0.4430476734136889,8.443915481538067,-0.036153387152892694,False,8.984939431858201e-10,1.302334532380055e-09
US500,08:30,120,day,follow,365,-0.13036190596113048,1.04752118547177,-2.37757550960461,-0.12444798994916713,-1.3066748904478862,8.525908983335372,276,0.07064965863295734,0.9174697818574619,1.2793012956119663,0.07700488891298818,0.5109105310500162,4.946492939761672,-0.10898753942332973,False,3.616521447500015e-11,4.9010068640957546e-11
US500,08:30,120,day,fade,365,0.013421435431412849,1.0461700023252445,0.245099900887125,0.012829115154881157,1.297469250206278,8.595034528076372,276,-0.15675643008832474,0.9164881340216199,-2.841535322718778,-0.17104032694942328,-0.513291981538713,4.951882586411665,0.010816398294567212,False,0.00025566711735062396,0.0002998068381773633
US500,08:30,120,recent,follow,327,-0.11184391997361141,1.0076366330981592,-2.0071614550672794,-0.11099628209201491,0.5820632790675695,8.081777449649698,215,-0.11461723761946466,1.1492893954699257,-1.4623110704423494,-0.09972878725866911,-0.0034825464246611786,8.933835352650311,-0.012193625210048202,False,6.67511934537316e-08,8.2364014595588e-08
US500,08:30,120,recent,fade,327,-0.002472074785709083,1.0096043182260348,-0.0442776213380259,-0.0024485580549543804,-0.5904380833161127,8.149567413083664,215,0.030106995813070477,1.1496252173304609,0.38399924504880834,0.026188531148422255,-0.0888560449856166,9.068227712921631,-0.08487377271167952,False,0.0002002176969886107,0.000233112383676144
US500,08:30,240,none,follow,720,-0.03564276171931109,0.955575034805825,-1.0008587734994818,-0.03729980422369844,-0.06378341999814105,5.188304745463092,504,-0.00014072405446480162,0.9349760777282873,-0.0033789604488983806,-0.00015051086099092403,-0.7045726187534267,5.723820554249599,-0.019880333372006516,False,2.997900488051807e-10,4.3765107419452385e-10
US500,08:30,240,none,fade,720,-0.02779717070898517,0.956155912061645,-0.7800781755783303,-0.029071797139286044,0.05953080550448751,5.1807107134655,504,-0.05111171021796465,0.9333635179381845,-1.2293763645925724,-0.054760775663132054,0.7022310789325774,5.711432920997475,-0.026930228619484433,False,1.2667999545359208e-09,1.8233328465051187e-09
US500,08:30,240,day,follow,361,-0.05221387957553702,1.0306828057084092,-0.962530573364264,-0.05065950386127705,-0.555349727636549,5.595946873380061,274,-0.05745523072355325,0.9760146415958948,-0.974425233109113,-0.0588671811619623,-0.26244579504658916,3.963579807078593,-0.08646962015925186,False,1.3571682115793135e-06,1.6724730976633943e-06
US500,08:30,240,day,fade,361,-0.009927930119209769,1.0296025322407816,-0.1832072730575537,-0.00964248805566072,0.5523697538574524,5.60261928246431,274,0.007929936099254341,0.9746785314700201,0.134673940893561,0.00813595030896426,0.26590588610287946,3.973458689532964,0.04026230184111924,False,6.071796925254502e-05,7.207055265462704e-05
US500,08:30,240,recent,follow,334,-0.03516875788956992,0.9899541295534077,-0.6492548338082317,-0.03552564390577915,0.062196190830209754,6.255469820271811,240,-0.009110043348004738,0.9794440123370504,-0.14409418292674503,-0.009301239512677476,0.8296092105384657,6.103516267218166,-0.0899013866414637,False,1.5191700949612261e-05,1.814601370548892e-05
US500,08:30,240,recent,fade,334,-0.024940169168581477,0.9894619860796561,-0.46065258709335105,-0.02520578811460644,-0.06488313015830854,6.25589235168771,240,-0.0393709279629954,0.9821205455771681,-0.6210355704789887,-0.04008767369779243,-0.839173343273418,6.141653118843355,0.04356947478132511,False,3.277166121714955e-05,3.8889607966255315e-05
US500,09:00,60,none,follow,748,-0.12077057065373079,1.0523096771561347,-3.1388340348858166,-0.11476713868118468,0.10631247822478479,12.836739997789548,509,-0.03227428958716953,0.985501647207339,-0.738853318272737,-0.03274909755719502,-0.17371777197244806,8.168003661144597,-0.07531709431405809,False,1.0461748506463732e-16,1.7152963871281047e-16
US500,09:00,60,none,fade,748,-0.04003227950238325,1.052389884529949,-1.040361935914671,-0.038039399742295796,-0.11514774729519488,12.784187237956264,509,-0.08715707492571247,0.9830016923337718,-2.000355902978178,-0.08866421655774612,0.09430062593632284,8.152400843254895,-0.057295554004586406,False,1.2449907132288522e-10,1.8455055452459352e-10
US500,09:00,60,day,follow,381,-0.11357169087214831,1.1846830268300148,-1.8712439672742875,-0.09586673253523724,-1.8038389767354461,14.003391778311714,291,-0.011428454075343882,0.9179319783057849,-0.2123848246024031,-0.0124502189110322,-0.10998018370453476,4.504049612051657,-0.12043028839607396,False,5.553002674238514e-10,7.44185918809935e-10
US500,09:00,60,day,fade,381,-0.04412862024366132,1.1835185395659698,-0.7277928272560441,-0.037285956044122937,1.8105716382485628,14.131460479424264,291,-0.10588514623686889,0.9110788446093375,-1.9825564997337273,-0.11621952025707664,0.08437867668392736,4.506240022995543,-0.012474368718198058,False,6.986797639240893e-06,8.454312123647251e-06
US500,09:00,60,recent,follow,344,-0.11739331623424423,1.0388292140780435,-2.0959380308603377,-0.11300540516511205,0.47211506827374405,6.902715503662099,240,-0.046556446033722505,0.9846647862390328,-0.7324821306382732,-0.04728151822260929,0.5367232823423468,7.516084896780107,-0.02988376434599068,False,2.1094739945097284e-08,2.6418286093627608e-08
US500,09:00,60,recent,fade,344,-0.04441962412707465,1.0434772396314964,-0.7895345144533863,-0.04256884811666944,-0.4761635327757733,6.627783544433706,240,-0.06974383525614228,0.9911550859529396,-1.0901087681468973,-0.07036621840979358,-0.622277193607496,7.750070965872657,-0.10465854463274427,False,5.154128244633604e-06,6.2444424715532e-06
US500,09:00,120,none,follow,739,-0.08493295712147694,0.9120739308806823,-2.53144456637555,-0.09312069366950022,-0.0006359047591670818,4.356542812353683,508,0.0002062569477888081,0.974576825055274,0.004770065724317709,0.00021163744354080042,-0.38996705955218947,8.638053249973169,-0.057508784251716814,False,4.334252084176662e-15,6.967314588107692e-15
US500,09:00,120,none,fade,739,-0.004898442199225419,0.913449366138959,-0.14577925560315133,-0.005362576603376,-0.012374271376773445,4.329617977765409,508,-0.07255225973171685,0.9723581631604042,-1.6817310211168004,-0.07461474843375004,0.34653543227119027,8.454439071957626,-0.007546564865472526,False,3.305918303183313e-08,4.628295199640327e-08
US500,09:00,120,day,follow,377,-0.09040539274287732,0.9802439300444322,-1.7907330562993569,-0.09222744459002102,-0.4571314358489812,4.207582606177871,291,-0.05913246797734915,0.9265225739219536,-1.0887207362781737,-0.06382193984442544,0.004188828948931976,3.4145115888070334,-0.09724529049964127,False,8.48867011482961e-09,1.095557888048296e-08
US500,09:00,120,day,fade,377,0.003584384759731559,0.9816187360107993,0.07089938338001656,0.0036515040190635943,0.44123724237191575,4.2018996022507675,291,-0.01210279351475606,0.9228478877615074,-0.22371854999249216,-0.013114613659801535,-0.01129716093294188,3.412537531753728,0.032685171813497775,False,0.00011502229004244591,0.0001362279379819035
US500,09:00,120,recent,follow,332,-0.13223447638190527,1.0103275399274163,-2.384797734082993,-0.13088277925335504,-0.02442908625116299,4.265822099936529,236,-0.0981972495041753,1.0797044472504256,-1.3971738051134373,-0.09094826806932613,0.715276962640055,8.815520289152737,-0.012697648536943981,False,2.1874278320380463e-09,2.788919249879724e-09
US500,09:00,120,recent,fade,332,0.046499364101848406,1.0129521050654477,0.8364252682903811,0.045904800305285945,0.012879273599946011,4.24574288168203,236,0.028369369150004313,1.08264447437233,0.4025499863980828,0.026203772172255932,-0.7723208689389058,9.08334697668175,-0.051651640114578075,False,0.0036475256767038384,0.004115308980814615
US500,09:00,240,none,follow,735,-0.048041250433767314,0.9656598248018858,-1.3487573020798835,-0.049749662562200335,-0.21161484698897562,4.351500714262899,506,-0.007115996368664324,0.9248094389871254,-0.17308471707992054,-0.007694554216983277,-0.7825741267710854,5.916955750091764,-0.026196519732071617,False,1.8300272959252492e-11,2.754912077361463e-11
US500,09:00,240,none,fade,735,-0.014392809588769647,0.9662175953010758,-0.4038446254701944,-0.014896033418108901,0.20378124833388148,4.340153917672741,506,-0.04296983508739636,0.9232140413767919,-1.0469755607701374,-0.046543740846180494,0.7781987254037311,5.894337178010533,-0.019502656571554044,False,8.709559249224109e-09,1.2344484405778717e-08
US500,09:00,240,day,follow,374,-0.04048279215890221,1.038970647376577,-0.7535342237083023,-0.0389643271069516,-0.18831829819427995,4.37777778690215,289,-0.021728521372406873,0.9227857170018359,-0.4002932170765079,-0.023546659828029875,-0.12950129774237007,4.00678360530337,-0.046522654770434935,False,3.357143546957461e-06,4.1115929135212825e-06
US500,09:00,240,day,fade,374,-0.019795306621377216,1.037945658744576,-0.3688276041689315,-0.01907162138461101,0.18159568927624142,4.373038761429485,289,-0.027755620537336118,0.9205641251397296,-0.5125613048011121,-0.03015066498830071,0.13022971772200898,4.006669405970629,0.001474517189675129,False,2.092793653810852e-05,2.5181031634279064e-05
US500,09:00,240,recent,follow,335,-0.12030024744116831,1.0350609485661628,-2.1272718864133053,-0.11622527891504016,0.1567564474651666,4.349808512554238,233,-0.006869979280118687,1.000794051402583,-0.10478247982905847,-0.006864528491641828,0.31264925211446337,6.06072906034346,-0.014280001380295162,False,1.2166648694033243e-08,1.531884307587942e-08
US500,09:00,240,recent,fade,335,0.06119443750479827,1.035544473138264,1.0815973026746177,0.059093973356205344,-0.16056957094767593,4.3741271677716975,233,-0.039595891539665154,1.003161182967036,-0.6025004388398195,-0.03947111611969767,-0.3278282470621825,6.08803335422537,-0.03044710119750784,False,0.007332709630459523,0.008198067679263775
US500,09:30,60,none,follow,763,-0.11256146930153627,0.9457489976027447,-3.2875785088688234,-0.11901833318021335,-0.685379309282133,9.892747603385931,510,-0.023370407470086278,1.0370174253666873,-0.5089385152788998,-0.022536176247783445,-0.3537979548453853,10.445220670516218,-0.08290522238202017,False,4.365275133977728e-19,7.678731335797442e-19
US500,09:30,60,none,fade,763,-0.03693986301715693,0.9480113001075211,-1.0763265060837606,-0.038965635760847266,0.6773419900647463,9.921641071469825,510,-0.08730375536395744,1.032425893347323,-1.9096735157536904,-0.0845617646036578,0.26224259438192193,10.340347435832301,-0.03893487728399254,False,1.2863216190410324e-10,1.9026351866471505e-10
US500,09:30,60,day,follow,390,-0.11427647524003742,0.9751272718061518,-2.3143436008710188,-0.11719134367801248,-1.3962533323593151,13.103800710438962,279,0.053311776538431936,0.971534953176072,0.9165725079457171,0.05487376070634301,0.4078857601777343,5.063406946285536,-0.08743609193987477,False,3.093555769806121e-11,4.23132234746377e-11
US500,09:30,60,day,fade,390,-0.03079135440221732,0.9776743073090082,-0.6219663567392293,-0.03149449072357106,1.392561006148194,13.220767823395086,279,-0.16023300305394908,0.9690383434180369,-2.7619328281878377,-0.16535259326144705,-0.4336685177951307,5.005510695071195,-0.03645067693877199,False,7.243850623482248e-06,8.802272277074022e-06
US500,09:30,60,recent,follow,368,-0.06927337514258797,1.0542379300039633,-1.260525453618775,-0.06570943159133683,-1.303150786338831,11.342060583368307,255,-0.0838704291340538,1.0960643651049125,-1.221920348238443,-0.07651962038381381,0.6794185464813629,9.528774619434767,-0.054456347478361984,False,1.2289559559982464e-07,1.5570190347645444e-07
US500,09:30,60,recent,fade,368,-0.0836528655937352,1.0556575025487394,-1.5201333722775476,-0.0792424298522645,1.324220696534397,11.448578705548785,255,-0.02199435790008109,1.09949851613725,-0.3194381120423142,-0.02000399052592768,-0.7782369584081388,9.772963884620005,-0.06830272813821694,False,4.0380076592351407e-07,4.9624692375601e-07
US500,09:30,120,none,follow,758,-0.09539132933431506,0.9269007792098434,-2.833415442517305,-0.10291428324791513,-0.5456392549202056,5.438573834774468,509,0.011397618254670856,0.9258759001369216,0.27772835266061036,0.01231009280291812,-0.3792027758248961,5.071488062441111,-0.05593366246138421,False,3.662110662524842e-17,6.219757249122577e-17
US500,09:30,120,none,fade,758,0.014112554779230745,0.9271098458843393,0.41909169071486235,0.015222095679254973,0.5309795072795299,5.389159298248265,509,-0.07634030936732276,0.9236272901839452,-1.8647303970267919,-0.08265272169699446,0.3635369253580097,5.017307075136352,-0.0013183056298053037,False,4.254100835117878e-07,5.820582448196032e-07
US500,09:30,120,day,follow,388,-0.03841429081930348,0.9651123784700929,-0.7840265989249987,-0.03980292002906258,-0.2962268990219239,4.337125018677147,279,-0.07573064858120356,0.9378211696470652,-1.3488192205229625,-0.08075169449384859,-0.07975633296003959,3.296185792219944,-0.05741331879349739,False,1.9838199933090793e-06,2.4513731905632853e-06
US500,09:30,120,day,fade,388,-0.03995028290132665,0.9668668983097274,-0.8138962169964568,-0.041319320137205615,0.2811548094256613,4.3086349588083825,279,0.012113889087681073,0.9355931512400193,0.21627118540234938,0.012947817191292529,0.08020757275623884,3.311590404683562,0.00023054852001110494,False,2.228018907631599e-06,2.7435793402512883e-06
US500,09:30,120,recent,follow,320,-0.0786094826002763,1.0693544478395507,-1.3150075515218038,-0.07351115690320775,-0.1715613264910909,5.655321802811423,227,-0.04052286900282603,1.01371013649703,-0.6022812249848466,-0.039974808916143016,0.49639045889422284,4.89415178002467,0.03176897433639178,False,8.616131959894781e-07,1.0506744608544174e-06
US500,09:30,120,recent,fade,320,-0.0011415923204608435,1.0713026981913814,-0.019062235429457685,-0.001065611355584307,0.16028080597504127,5.566969342854865,227,-0.02304568932985732,1.014633588622503,-0.3422105517145857,-0.02271331206484583,-0.5252041825735596,5.009238500309377,-0.08917246033392537,False,0.0002563097551568776,0.00029716181777060324
US500,09:30,240,none,follow,741,-0.04668744216117711,0.9637359704700504,-1.3187155163327797,-0.04844422496589588,-0.26565175846597866,3.8676144017987557,499,0.003075639790646954,0.9230531157142727,0.07443189072726716,0.003332029043926661,-0.696031593963346,5.048947720735242,-0.025815221153597325,False,1.8244186314821696e-11,2.7526632896288058e-11
US500,09:30,240,none,fade,741,-0.015092323566363513,0.9639406680015533,-0.4262014356283267,-0.015656900956002816,0.2599512879812653,3.862761222967354,499,-0.052036983095633184,0.9218982847464916,-1.260896315789268,-0.05644547121588645,0.690394411147909,5.041554658741144,-0.01889111922823108,False,6.869509389280795e-09,9.772015845419523e-09
US500,09:30,240,day,follow,382,-0.007525428484937762,0.9779754556114286,-0.15039554057006504,-0.007694905267569191,0.0036159974193348083,3.787833591224703,276,-0.038206647706337325,0.9604761620439592,-0.6608560713973043,-0.039778860961037235,0.0869238942067494,3.8081236474068807,-0.022867231527754016,False,4.313322225797379e-05,5.165131498442985e-05
US500,09:30,240,day,fade,382,-0.05234941743681219,0.9782527726828193,-1.0459055005356064,-0.05351318074289327,-0.009025980166586504,3.7837194736094033,276,-0.010181331879418696,0.9583270415387276,-0.17650027742110866,-0.010624068233607547,-0.0866039025588887,3.817260491112902,-0.021597155147820887,False,7.282016945970479e-07,9.049448554397255e-07
US500,09:30,240,recent,follow,329,-0.10659584155185255,1.0306335240251532,-1.8760048061744143,-0.10342749296135938,0.016542315708251085,3.2057939427539024,229,-0.09479129822323687,0.970020373022034,-1.4787860896714446,-0.09772093541491389,0.3282745946092687,5.559619905240785,0.01322430665064439,False,4.241223731084291e-08,5.29603496964045e-08
US500,09:30,240,recent,fade,329,0.04856568539330745,1.0309140216698671,0.8544861436032413,0.04710934604870453,-0.020223575549858333,3.2173719060184114,229,0.047478495782113474,0.9706527149358344,0.7402029621133653,0.04891398854764659,-0.3370741650899642,5.581744795811146,-0.057943537379636686,False,0.004052433291357705,0.004563377549638962
US500,10:00,60,none,follow,765,-0.08623651531897779,0.8754376119215506,-2.724562125267408,-0.09850675153160496,-0.08187336437836124,3.5524556065675013,515,-0.024585467872981857,0.8756295526495438,-0.6371793336452184,-0.028077476141125383,-0.14452792803551284,5.8594386514194445,-0.06108266731035818,False,3.2988061062558153e-16,5.464021456259228e-16
US500,10:00,60,none,fade,765,-0.026589169028807643,0.8765724812660947,-0.8389723537390579,-0.030333109465634896,0.07938714021116124,3.508021145115256,515,-0.06757130649969441,0.872923469952724,-1.7566682838735461,-0.0774080533123413,0.13109327109813176,5.7532346794267575,-0.01619044395272847,False,3.2747047237986535e-10,4.828692137021251e-10
US500,10:00,60,day,follow,384,-0.06465572724236195,0.9231041407742652,-1.3725302157957144,-0.07004163927607468,-0.15297645067475757,3.566240357466285,293,-0.050881087448321524,0.8710087023721222,-0.9999256308376085,-0.05841627909084142,0.25258422557001936,3.2021197363843035,-0.0970873134660345,False,1.1304968853725222e-07,1.4286863794606715e-07
US500,10:00,60,day,fade,384,-0.045518538540767574,0.9263467632802201,-0.9628981084126744,-0.049137688331295226,0.12932139861109146,3.544367011021412,293,-0.037868863409829305,0.8703334201960906,-0.744784140555988,-0.04351075407548667,-0.2498594711564954,3.166921517227489,0.0205568636507092,False,1.1273236031664557e-06,1.3956048129862618e-06
US500,10:00,60,recent,follow,385,-0.04312002584730738,0.9379917463866198,-0.9020079396961878,-0.045970581312060124,0.09173352252078255,3.322245859382141,251,0.04043144417946418,0.9054166422239289,0.7074693706039445,0.04465507070883353,0.4482152636278788,4.530309757250135,0.0038552914014101584,False,1.4401186892403152e-06,1.7800508242936608e-06
US500,10:00,60,recent,fade,385,-0.06937659668511058,0.940744698734077,-1.447010146787329,-0.07374646572919086,-0.0900134646765021,3.295264468817383,251,-0.13828892422095268,0.9083005823613312,-2.4120964320744442,-0.15225017676575697,-0.47351357765777385,4.710437163584142,-0.07941488294930572,False,7.796031067656897e-08,9.879593766619244e-08
US500,10:00,120,none,follow,763,-0.06371894425341927,0.9291636886255918,-1.8942557361032997,-0.06857666203860334,-0.24908269954690876,3.5331468725675395,514,-0.02638689419191557,0.9506928520532166,-0.6292592473602595,-0.02775543555936878,-0.6605697694721621,4.7907321114353625,-0.040468246442324336,False,1.6088660863540819e-13,2.5450419458663793e-13
US500,10:00,120,none,fade,763,-0.01701732988222955,0.9291075929450078,-0.5059267906437662,-0.01831577958403013,0.24859507874364942,3.539550514040924,514,-0.03914851879444037,0.9490394182580469,-0.9352175396401144,-0.04125067730726834,0.6714277529010196,4.805232705265594,-0.01619580164713349,False,2.7366469145818065e-09,3.9493805679691745e-09
US500,10:00,120,day,follow,383,-0.043053968672157904,0.9872973874634574,-0.8534234845926931,-0.043607902967079865,-0.025428992528602107,3.504524158721253,292,-0.10261847207245257,0.9761283750481642,-1.7964288963171169,-0.10512804944061703,-0.34712358904569857,4.392917254431273,-0.05706736606565165,False,1.7994309238594453e-06,2.2199211102716827e-06
US500,10:00,120,day,fade,383,-0.036219523376806055,0.9870644739136817,-0.7181192965357293,-0.036694181924304,0.02298132187581399,3.4864492782816265,292,0.03910690971539362,0.9760418486350705,0.684662411849196,0.04006683706244976,0.3576197534652759,4.406126739286296,0.0010435907750670778,False,3.485281234173282e-06,4.274063852639932e-06
US500,10:00,120,recent,follow,358,-0.057037199427053945,1.0175159847953021,-1.0606167119110095,-0.05605533503095615,-0.06026537054398573,3.2755032930914414,249,-0.030198961377836096,0.9700058082397156,-0.49126672096207474,-0.031132763454930865,0.008374309740413782,4.202600709194396,0.018713999212444207,False,1.1894454338687614e-06,1.4625103135805441e-06
US500,10:00,120,recent,fade,358,-0.022117847675861287,1.0201489299566542,-0.4102237475372515,-0.021680998750644248,0.06485768405313437,3.2840425285662898,249,-0.03611386498009781,0.9703942894962483,-0.5872532262585667,-0.037215661067879185,0.010979780258730856,4.197581061156713,-0.0744327953126586,False,2.436807760770047e-05,2.9167413163866466e-05
US500,10:00,240,none,follow,742,-0.04625792337399207,1.0019408039788504,-1.2576101140831453,-0.0461683197153916,-0.31518013856154375,4.1511026820234855,504,-0.018680559309467826,0.9225731034891527,-0.4545737511639531,-0.020248324212811246,-1.213173994351486,7.247836261287213,-0.030856627374855256,False,2.5939160439326745e-11,3.9038841375438777e-11
US500,10:00,240,none,fade,742,-0.017193492067410884,1.0022387927116778,-0.4672989838919316,-0.017155085387277638,0.31214940157767707,4.160129682143842,504,-0.03220678408438428,0.9213437147146667,-0.7847673977624511,-0.03495631822306237,1.2191195557887282,7.252071107928061,-0.015115000710275757,False,5.4108039131824225e-09,7.71551341304148e-09
US500,10:00,240,day,follow,376,-0.025062234510615528,1.0385551363462886,-0.46793351712217723,-0.024131828569820823,-0.06692628808109159,4.581519247859021,290,0.02403789651054953,0.8851830635469802,0.4624474235442443,0.027155847756766015,0.1683869032424013,3.7331060083229457,-0.009486066327377096,False,1.2434182511616829e-05,1.5049096065728881e-05
US500,10:00,240,day,fade,376,-0.0372724789593403,1.0383730044409163,-0.6960313672039379,-0.03589507700983487,0.061313729574311096,4.549083517075817,290,-0.07391143377992888,0.883309512632535,-1.4249437424790987,-0.08367557772546794,-0.1618646689355552,3.747338936693724,-0.035932550837122164,False,4.6234944890459106e-06,5.64416117168989e-06
US500,10:00,240,recent,follow,324,-0.12323644744877514,1.0201023562262255,-2.1745426236286582,-0.12080792353492546,0.21110900165960136,3.8943520225997705,240,-0.027819979086256226,0.9742420742873343,-0.44238005537474356,-0.02855550978601161,0.7238864822896862,7.177241427235455,-0.00025652510286668605,False,1.4369660622524715e-08,1.799088824502942e-08
US500,10:00,240,recent,fade,324,0.0630996675600048,1.020507035416029,1.1129702948270792,0.06183168304594885,-0.2094200311761959,3.9210226673200816,240,-0.02193488121631398,0.9749975239201376,-0.34852777598963625,-0.02249737120164284,-0.7136874883833677,7.1668038718335625,-0.044650308349304696,False,0.009455431247736656,0.010514578336942231
US500,10:30,60,none,follow,767,-0.08426487529811347,0.9480525740436367,-2.46156802928648,-0.08888207005093259,-0.5676488037895663,7.021677507245213,515,-0.02782388571494864,0.9613050732213042,-0.6568408600339901,-0.028943866510255316,-0.28351477071092435,5.406962816863255,-0.05445392707859921,False,7.964704149811143e-16,1.3238005165560789e-15
US500,10:30,60,none,fade,767,-0.01894145252480798,0.9488379582352389,-0.552864763689017,-0.019962789600067785,0.5519539734082132,6.959753249568587,515,-0.05953229712468033,0.9598340966768356,-1.4075378479539173,-0.06202352816053807,0.29653864208416914,5.372108992228788,-0.016370514848000534,False,2.1412805421102893e-09,3.096860618708569e-09
US500,10:30,60,day,follow,388,-0.017009333826219202,1.0254030671897862,-0.3267447026793563,-0.01658794904216045,-0.3080440789330936,4.587802403204576,287,-0.13398185690794492,0.9824929759467469,-2.3102420622584767,-0.136369277122656,-0.6068067929741503,4.336536230138982,-0.09487239491946682,False,1.719563055778552e-05,2.0817622195601868e-05
US500,10:30,60,day,fade,388,-0.0836255203491929,1.0258761856306282,-1.6056827715795214,-0.0815161922272194,0.2962449229699112,4.509204193684647,287,0.047251796298128375,0.9831436487423305,0.8142209890663124,0.048061945330750415,0.6152133079466356,4.404556795284719,0.02443754885499212,False,4.906534102500156e-08,6.221547044453934e-08
US500,10:30,60,recent,follow,394,-0.07986642214989505,0.9787421472617142,-1.619735309365662,-0.0816010860197879,-0.7545909684447467,8.140019752400049,233,-0.10035038792186454,0.9333150741115354,-1.6412273135186268,-0.10752037624313804,-0.583422194570109,4.539550613104285,-0.07551121227313315,False,1.1116886292034338e-08,1.4427812297610216e-08
US500,10:30,60,recent,fade,394,-0.022592898104236148,0.979193440602661,-0.4579853214407248,-0.023072967166049407,0.7417029578056414,7.9967774948658334,233,0.0056595748148085155,0.9301406417563717,0.09287806201414943,0.006084644150288519,0.5781743770856007,4.499171140227757,0.007162803169892995,False,1.047938026957957e-05,1.273763379343442e-05
US500,10:30,120,none,follow,764,-0.03139237396362923,0.9720277022261368,-0.8926725830240518,-0.03229576059584974,-0.38902297846328027,4.36000832170649,513,-0.02300191219769615,0.9933923396151513,-0.5244472557172677,-0.023154911992382878,-0.777593642362983,6.773841385844769,-0.016127297626405215,False,1.7736748764336292e-10,2.637509202503147e-10
US500,10:30,120,none,fade,764,-0.04850075062660749,0.9717942216567395,-1.3794972115310784,-0.04990845751677982,0.39000738057052253,4.375446391319352,513,-0.04291481115382122,0.9925404864355858,-0.9793042907372254,-0.04323734068313627,0.7775537176838165,6.762231139326555,-0.04053748590275089,False,1.4540710545942424e-11,2.1973916828865507e-11
US500,10:30,120,day,follow,386,-0.02855926001039499,1.0680543347662304,-0.525348208685632,-0.02673951977981146,-0.27262148190965035,4.435050205745503,286,-0.1018138274754606,1.0334273177894624,-1.6661336785503162,-0.09852054975016915,-0.7516496134522337,5.142219031603749,-0.06037001109791916,False,7.282743590351058e-06,8.885753840609263e-06
US500,10:30,120,day,fade,386,-0.04956947928471263,1.0666619924708296,-0.9130218870632514,-0.04647159047065064,0.27288428207739696,4.415031228369006,286,0.03649496715053651,1.0315049137702088,0.5983353920338504,0.035380313426860314,0.7557482361058955,5.144628512813402,0.004062522923629685,False,1.4768556855192393e-06,1.8238359857903478e-06
US500,10:30,120,recent,follow,385,-0.06637279465741708,1.0113271387930636,-1.2877418422464646,-0.06562940131976246,0.0413659624322662,3.579115244702075,246,-0.08943501399439022,0.9925822036839107,-1.4132163343999466,-0.09010338253341375,-0.5824016446728875,4.965501663905471,0.01758855532794834,False,2.0608680555959726e-07,2.5888737011873464e-07
US500,10:30,120,recent,fade,385,-0.012522999425040801,1.0117630770013235,-0.24286218559598588,-0.012377403079539757,-0.03594644509071073,3.5779384824265255,246,0.019165435717384684,0.9918538101022437,0.3030669544872619,0.019322843268010478,0.5744213049562972,4.913451616628536,-0.07256607470410034,False,2.738159998275385e-05,3.2961460171013475e-05
US500,10:30,240,none,follow,737,-0.05179806499711921,1.0062565759283308,-1.3974573064008249,-0.05147600148533932,-0.5230318677988407,4.856211705756773,497,-0.0057235817628432314,0.9254906426420421,-0.13787135805632128,-0.006184375615623569,-0.9367135786260885,6.613760156120036,-0.02418492569603139,False,8.63155146985985e-12,1.3130958289835795e-11
US500,10:30,240,none,fade,737,-0.011493250350088602,1.0060832700888864,-0.31012921753140965,-0.01142375655354371,0.5197770619583889,4.858176920609053,497,-0.04598435174062201,0.9255395755441617,-1.1076263251290135,-0.049683830876260444,0.9379162668290777,6.601494026696853,-0.022018942096454327,False,1.4983158973160676e-08,2.1118738275556406e-08
US500,10:30,240,day,follow,375,0.005092479134886512,1.0806165253922237,0.09125849187418944,0.0047125682563832075,-0.010108403502738464,4.907277342407432,279,-0.0065807672950491305,0.9620443036148183,-0.11425719633008233,-0.006840399418532317,0.17040483679742197,5.505456832553561,-0.06157901287548398,False,0.00013106278624168025,0.0001549227636011451
US500,10:30,240,day,fade,375,-0.06709130115540352,1.080337610306694,-1.202603193535482,-0.06210216187545036,0.003449355691412686,4.880947225783026,279,-0.044964104178282296,0.9596647940832783,-0.7826155707511295,-0.04685396865187114,-0.16701865997282314,5.526433786568552,0.015676091591878185,False,4.0565505635934823e-07,5.053989360678158e-07
US500,10:30,240,recent,follow,315,-0.14140907302714414,1.0158756643857079,-2.4705406008183766,-0.13919919335074643,-0.03630302740864518,3.7229966473078235,247,0.033858425529655976,1.002791671662179,0.5306455383807341,0.03376416706127394,1.0502688266914637,6.346951807504334,-0.027473048502780057,False,2.166756569384994e-09,2.7462306298728045e-09
US500,10:30,240,recent,fade,315,0.08184613096166612,1.015337405847341,1.4306817750986276,0.08060978595914345,0.03862200225568536,3.7467097630973125,247,-0.0863730441547309,1.0025431149766981,-1.3540155254475394,-0.08615394476749108,-1.04843867907412,6.391597131749152,-0.017359685069663407,False,0.022836766886972303,0.02506502185681986
US500,11:00,60,none,follow,771,-0.04453536883449137,1.0232671170082503,-1.208490454166901,-0.04352272060173345,-0.052098451553928275,6.610372489440955,515,-0.05674183856599465,1.003890811433566,-1.2826865450953946,-0.05652192242398029,-1.0260893503021287,6.407580722275039,-0.024864854406303108,False,2.4363018182072916e-11,3.6876112653567684e-11
US500,11:00,60,none,fade,771,-0.07285333877069358,1.0224840327605678,-1.97842738123025,-0.07125132171893138,0.05261239718389972,6.595759796685479,515,-0.03840312734533069,1.0032188337607064,-0.8687094186901414,-0.03827991067648838,1.028503861755984,6.340077299240229,-0.05940315526536853,False,1.3764303664901964e-13,2.1729212880560035e-13
US500,11:00,60,day,follow,386,-0.08961578089344761,1.0834233192439018,-1.6250995381052717,-0.08271538862204716,-0.5463324913546508,7.5028094663043845,270,-0.1152543635760868,1.0027780732847484,-1.888575841354647,-0.11493506554102646,-0.24929256766972915,3.730199762480104,-0.035737161674560446,False,1.756607082201141e-08,2.2611357098716797e-08
US500,11:00,60,day,fade,386,-0.024965984085340686,1.0799365047484466,-0.45419685209971966,-0.023118011082657215,0.5524760402478552,7.523670587694861,270,0.022168506930866243,1.0017975490171132,0.36361212874271986,0.022128729454984473,0.2704516407310982,3.761910870628656,-0.04805944969485117,False,1.216599566823988e-05,1.4743908265144685e-05
US500,11:00,60,recent,follow,439,-0.053900937304070334,1.042610657292069,-1.08319442877876,-0.051698049436848345,-0.4044655256702027,4.289934855064174,261,0.07036242727076708,1.0425682824463933,1.0903264758658497,0.06748951455310072,0.6305302035828201,4.5763762352038695,-0.007691884870854401,False,1.1123704967680769e-07,1.4309180510049345e-07
US500,11:00,60,recent,fade,439,-0.06247497401586624,1.041992687622614,-1.2562430527917887,-0.05995720964070072,0.40332197112406226,4.289005143057569,261,-0.1634657626292998,1.0423494016684691,-2.5335748377856135,-0.1568243454331563,-0.6263663584410502,4.60364170636799,-0.0754946208299907,False,8.332868657298883e-08,1.0684209011870761e-07
US500,11:00,120,none,follow,765,-0.015666832897512584,1.0369937392879476,-0.41786480553713823,-0.015107933928579188,0.26300272806911307,8.781626387341946,514,-0.03948964386879781,0.9050048118336195,-0.9892678341719511,-0.04363473359748034,-1.0118919765484595,7.561485397608753,-0.0022027557847915918,False,4.402013869724479e-09,6.325825870184529e-09
US500,11:00,120,none,fade,765,-0.07412848478818286,1.0370034333499802,-1.9771319141595136,-0.07148335521774989,-0.2644071802883838,8.782150727474438,514,-0.03200819370496148,0.9043406181101677,-0.8024365252738201,-0.03539395783399636,1.0070286443993393,7.547285726055886,-0.06365893647358528,False,9.456660355184027e-14,1.501565804810846e-13
US500,11:00,120,day,follow,382,-0.012801396015606136,1.1300364248243993,-0.22140966347157887,-0.01132830387975803,-0.9419425206598386,10.948046068116799,270,0.01778792953784065,0.9316563000700516,0.31372675497783464,0.01909280228825069,-0.03529386546885139,4.796309270727934,-0.0013010120737924288,False,2.9322568638885465e-05,3.528142925669864e-05
US500,11:00,120,day,fade,382,-0.07481732932841845,1.1267994419588883,-1.2977387115467964,-0.06639808873028195,0.9435688607225792,11.034279507877274,270,-0.0877448464314152,0.9280472670051453,-1.5535792217912858,-0.09454782051626764,0.028256453451562073,4.8362709398431925,-0.06419574164465208,False,4.913705233430882e-07,6.080498393224227e-07
US500,11:00,120,recent,follow,398,-0.009499821371606756,1.0427298180386178,-0.1817545042417672,-0.00911053007909181,0.08530866824384402,4.409648364874146,273,0.03638254763350019,0.9915593523896146,0.6062555326575064,0.03669225401971132,0.5580721995968225,8.404441518450877,0.021718593124458438,False,2.7357307714950816e-05,3.3030983818349555e-05
US500,11:00,120,recent,fade,398,-0.07982123046726253,1.0430841481644535,-1.526653961030899,-0.07652424841056817,-0.08363570984439064,4.416669716703182,273,-0.1094458060034089,0.9902859677739781,-1.8260800938843798,-0.11051939496772584,-0.5782755192841391,8.405367018906205,-0.08694230970737571,False,3.6586337844474894e-08,4.681431620566457e-08
US500,11:00,240,none,follow,740,-0.05200610057503531,1.069981580181204,-1.3221899448509742,-0.04860466903199207,-0.507541751984047,5.170245714675326,497,0.0026942094690263437,0.9021148521144831,0.06658060230509538,0.0029865481792161366,-1.2876439409198959,8.613588930144937,-0.01834073141919597,False,1.4186668296203928e-11,2.149593864410079e-11
US500,11:00,240,none,fade,740,-0.016310266348819297,1.0691491234218833,-0.4149909528486737,-0.015255370828549341,0.5077922853944795,5.184395655857391,497,-0.05726869919667266,0.9028491811255712,-1.414100593456538,-0.0634310806211027,1.2858182478330138,8.602284791716164,-0.03290752844679821,False,7.959417895371965e-09,1.129557669354088e-08
US500,11:00,240,day,follow,375,-0.024682861532882516,1.156417096744921,-0.41332972299822374,-0.021344255115528604,-0.10999171156660234,4.909418827738296,264,0.04127428611372131,0.9487137231807458,0.706881069217804,0.0435055223775422,-0.4182564626846524,5.944376904558319,-0.03299721422203467,False,1.6044500839042752e-05,1.9368843603479632e-05
US500,11:00,240,day,fade,375,-0.04227324583786917,1.1558075792834202,-0.7082648533145325,-0.036574639754549644,0.10417501964810298,4.9066633102492005,264,-0.09478387816212937,0.9449886811018765,-1.6297081260943913,-0.1003016015510465,0.4241663204511014,6.010248871220511,-0.01812172498441123,False,4.553492026945812e-06,5.5570156282040035e-06
US500,11:00,240,recent,follow,323,-0.06128700484268551,1.1622574118732587,-0.9476922611898866,-0.05273100796484205,0.14768053039748835,5.172042698699433,257,0.06564215764649366,0.9570794968322826,1.099515603371176,0.06858589893917319,1.191260912179304,8.945951792640857,0.02743589098528772,False,5.555121522638566e-06,6.668732249076362e-06
US500,11:00,240,recent,fade,323,-0.003478145687014643,1.1618900605368372,-0.05380021283202065,-0.0029935239186120654,-0.15153496254447776,5.186271548997704,257,-0.1206778615024386,0.9563269326791692,-2.022962258493016,-0.12618891864140763,-1.1956130809587622,8.994118246938905,-0.07842811864547487,False,0.00021090335257186403,0.00024517926714151
US500,11:30,60,none,follow,770,-0.013302572937654853,1.0301562312950707,-0.3583256666583114,-0.01291316067751335,-0.2853955330475622,4.452561001909548,514,-0.054370192867578694,0.904437226884282,-1.3629000370964774,-0.06011494358196633,-1.0126257228906157,7.039049581715636,-0.002244100612813268,False,4.930070911828465e-09,7.095026368684772e-09
US500,11:30,60,none,fade,770,-0.11467956450589452,1.0284666744207978,-3.0941486466311456,-0.11150537723595048,0.2933673052035737,4.467234728617071,514,-0.04685090616914074,0.9042520873660441,-1.1746541970809032,-0.051811775525573485,1.0080619481694924,7.066573403952455,-0.09258196387657157,False,6.21612635396189e-17,1.0322785797033164e-16
US500,11:30,60,day,follow,383,-0.04366874763986863,1.0749491311920016,-0.7950276096923851,-0.040624013148831274,-0.09993017480920484,4.273946047160039,271,0.06395212199723156,1.0620371407804692,0.9912881166751973,0.06021646469937433,0.6310414176580207,6.16431212399539,0.008307250348603634,False,2.309621990270696e-06,2.8439490151266615e-06
US500,11:30,60,day,fade,383,-0.08297858795732452,1.0702008462796992,-1.5174002004803808,-0.07753552825694354,0.11103216458789539,4.346007951443198,271,-0.16264120967955592,1.0583122610811708,-2.529888690281013,-0.15367979344149504,-0.661376286054392,6.267030076570469,-0.1010280061167149,False,7.16974513137438e-08,9.068073349881964e-08
US500,11:30,60,recent,follow,422,-0.04031417837576893,1.128430165523745,-0.7339041630520138,-0.03572589568009082,-0.05427137573703161,4.407666842565029,270,0.09358385500282862,1.006601648636557,1.5276546131065132,0.09297009907502939,0.4990070143956719,6.306931898764463,-0.01890475908536593,False,1.2721665543882415e-06,1.5910308482629186e-06
US500,11:30,60,recent,fade,422,-0.08810774790404595,1.124415466578493,-1.6096947040100082,-0.07835871216904446,0.05927180705800694,4.408696120046992,270,-0.19075120450541427,1.0064398124007656,-3.1143065772509275,-0.18953066259411536,-0.5230944381201301,6.360420786679792,-0.07464683394457648,False,1.4287361085055483e-08,1.8525984406462932e-08
US500,11:30,120,none,follow,755,-0.007194017487376133,1.0517790101693036,-0.18794053786597464,-0.006839856488691593,-0.05968088666390156,5.317441110421105,504,-0.04474774816406731,0.8687550566238217,-1.156349476297194,-0.05150789951999493,-0.991491627894549,6.7652465701114375,-0.00024374927919175346,False,1.8873288020714216e-08,2.6677540344381138e-08
US500,11:30,120,none,fade,755,-0.09009705797188096,1.0518554020118565,-2.3535750087346052,-0.08565536460577629,0.056736632234413185,5.336246133088034,504,-0.03171249853502161,0.8690512426817654,-0.819219617226222,-0.03649094204981684,0.9868838504219682,6.755315545746657,-0.07224785936828322,False,1.3117091392766013e-14,2.0986315240115942e-14
US500,11:30,120,day,follow,377,-0.0027112855448631064,1.0842262749539031,-0.04855411091378238,-0.0025006639365739215,-0.3319852643735268,6.068501576111641,270,0.09991957294375932,0.9808914472066093,1.6738306015441957,0.10186608643424418,0.7547945216938745,6.003232533334254,-0.007413300189911477,False,7.193492110201026e-05,8.560483998910517e-05
US500,11:30,120,day,fade,377,-0.09351627636467173,1.0825530298056765,-1.6772920982025692,-0.08638493800295248,0.3327087977674951,6.083396242475027,270,-0.1752358043782732,0.9772304433309046,-2.946508787018284,-0.17931881428189994,-0.7703477440400666,6.067550196060365,-0.0635746156181273,False,5.0309556848084416e-08,6.350662291023441e-08
US500,11:30,120,recent,follow,429,-0.03450402113885203,1.08383865598469,-0.6593768885828011,-0.031835016169915444,-0.05751664607204461,4.294573916535847,281,0.007092153855862501,0.9685027184888214,0.12275253352300178,0.007322802218798686,0.20659750842677116,6.350847459717247,-0.0027802098116850972,False,1.5558696442045407e-06,1.945888257493244e-06
US500,11:30,120,recent,fade,429,-0.06287182111902123,1.084016561484285,-1.2012925088516622,-0.05799894886562828,0.056732164622829526,4.264324294064393,281,-0.08545867455692807,0.968661484749657,-1.478894795975703,-0.08822346702368805,-0.21236391008466057,6.342497590304678,-0.06832665622547299,False,1.0706423614929057e-07,1.3695096451762784e-07
US500,11:30,240,none,follow,739,-0.015934297869547455,1.066399641464136,-0.40619554904713556,-0.014942144811367457,-0.34380996202068953,4.870624213580427,497,-0.007168450683317672,0.8778354839371412,-0.18204986624785144,-0.008166052540012134,-0.8961746525029841,6.463585266568768,-0.004066107089854912,False,6.9134020660469295e-09,9.84498717647193e-09
US500,11:30,240,none,fade,739,-0.053739709907760794,1.0653678632764285,-1.3712541177883513,-0.05044239812386482,0.3438138170097314,4.877073084119662,497,-0.04913785031172792,0.8786594125513028,-1.2467339375272881,-0.055923660077856256,0.8895539579515634,6.455744193731781,-0.049556057876502385,False,2.6674759284985878e-11,3.9840732594665336e-11
US500,11:30,240,day,follow,372,0.003453444621643923,1.13088211140489,0.058898825116599045,0.003053761826114416,0.02252853891034968,4.218604268066025,266,0.08465526257069485,0.9934881044827242,1.38973536072117,0.0852101421131479,0.20334898432392584,6.004881233707912,-0.01828661616662119,False,0.00012240323698551011,0.00014469474326326334
US500,11:30,240,day,fade,372,-0.07252736203239353,1.1316420902000635,-1.2361303209088859,-0.06409037155870669,-0.020416660852667582,4.265864128699897,266,-0.1396631691848904,0.9898063767591181,-2.3012958992599017,-0.14110150476316766,-0.2175775328940232,6.051175100519764,-0.03438894477524241,False,3.602728451372223e-07,4.48987223205236e-07
US500,11:30,240,recent,follow,349,-0.04339174184721979,1.2270479099363079,-0.6606299785483555,-0.03536271199832133,-0.054498927627048166,4.514241394520555,268,0.06786019153406034,0.9961877093480103,1.1151705680782913,0.06811988433231504,0.34884656750144843,6.020496262875467,0.0026180426589707544,False,9.754477051801984e-06,1.1749074125796606e-05
US500,11:30,240,recent,fade,349,-0.02336822802991597,1.2265583847544002,-0.355918260102023,-0.019051867665145925,0.05011121601885098,4.510422728658297,268,-0.12572644815124479,0.9938149474960668,-2.071040153834157,-0.1265089124167579,-0.35909288278818763,6.042570374208556,-0.05596127838205356,False,3.718219558021471e-05,4.4230555793136525e-05
US500,12:00,60,none,follow,766,-0.04685150988548442,1.0127304624427693,-1.280395392736308,-0.04626256602618198,-0.48899318178346135,4.774440356516419,515,-0.050296603209472476,0.8945394014563062,-1.2759768523546244,-0.056226258035800135,-1.1944230991189941,11.96567336571526,-0.024147336518344473,False,1.0433258361874113e-11,1.596158933764357e-11
US500,12:00,60,none,fade,766,-0.09463010080485999,1.0134922474946328,-2.5841829487665415,-0.0933703252676939,0.48014240479442966,4.731141048029599,515,-0.05871481842977734,0.8938273759925855,-1.4907255145216856,-0.06568921472624976,1.2035156693001368,11.947374885151982,-0.08216089325743071,False,5.322984608179821e-15,8.526384074727156e-15
US500,12:00,60,day,follow,394,0.006426925584031191,1.0870471084479378,0.11735538352982637,0.005912278809340117,-0.02429871336911505,5.090781870566753,266,0.027457027865784744,0.9443248257731571,0.4742124323241257,0.029075829753077348,0.11958141724883409,4.975848575498578,-0.016348748915135772,False,0.00010052499272894087,0.0001196597590318088
US500,12:00,60,day,fade,394,-0.1461807223718101,1.085120796817464,-2.673992147594342,-0.13471377822684952,0.010529682425143651,5.047804510164256,266,-0.13295023527201377,0.93747750694738,-2.31296505890517,-0.1418169868468921,-0.12195170447631679,5.132944565386943,-0.0882793926752461,False,5.879311310633681e-11,7.841589859360069e-11
US500,12:00,60,recent,follow,420,-0.06478624884348591,1.0835437374683294,-1.225352478639213,-0.0597910786645837,0.19581285899117734,4.572194049442737,292,-0.15336307517053488,0.9775085313784286,-2.680968291504734,-0.15689180221708215,-1.067993330874851,12.774993883678347,-0.059150580275859725,False,1.332168467326247e-07,1.6947784302178888e-07
US500,12:00,60,recent,fade,420,-0.07481101199067604,1.084095725124815,-1.4142381320280764,-0.06900775481063985,-0.18048052344958534,4.558128020116286,292,0.04963843230304075,0.979135831939515,0.8662964579056888,0.05069616562261313,1.0556565752132965,12.7368631207204,-0.04691952092803918,False,3.429326844597784e-08,4.423687418985856e-08
US500,12:00,120,none,follow,750,-0.05134303556776125,1.0788398773810592,-1.3033323730820883,-0.04759096937758658,-0.3018001452203734,4.7273023583875355,505,-0.041774796287138864,0.9506585208617592,-0.9874963171979789,-0.043943009367097004,-1.3800519208904791,8.508420846611092,-0.029867254591258798,False,1.5909861078071914e-11,2.409897194795276e-11
US500,12:00,120,none,fade,750,-0.05387173090861129,1.0791550583708407,-1.3671233805380998,-0.049920287627562426,0.29499915905044966,4.714696525323865,505,-0.040408336596202354,0.9500934890585588,-0.9557632341955901,-0.04253090570722961,1.3787197604688035,8.493676164158297,-0.04911751159898138,False,1.990086139539411e-11,2.990519170279193e-11
US500,12:00,120,day,follow,390,0.009550756881783412,1.135620467195901,0.16608747491004472,0.008410166211046153,-0.2846037432231349,4.9398101565862715,265,0.06047625004531043,0.9929924076078478,0.9914295590478135,0.06090303368079093,0.5114994384509752,6.547799003868875,0.0026788718061918084,False,0.00013353772575106388,0.00015830674999931643
US500,12:00,120,day,fade,390,-0.11344028461193927,1.1353898949411776,-1.9731249412695788,-0.09991306520991751,0.27642720852311947,4.937009794080229,265,-0.14068787764459323,0.9882166784566623,-2.317541051623525,-0.14236541510745512,-0.5245910507441042,6.637808373976654,-0.08053437425322617,False,6.700211328646988e-09,8.62001582450021e-09
US500,12:00,120,recent,follow,412,-0.013510091200770392,1.1390462487754156,-0.24074957584651954,-0.011860880289360543,-0.07549035222536625,4.70290015252862,280,-0.1217476825833592,1.0418068800866223,-1.9554760347174158,-0.11686204507810156,0.4835298920731422,8.353750307551467,-0.007434755345219448,False,1.5627070332336036e-05,1.9039247698078562e-05
US500,12:00,120,recent,fade,412,-0.09015645373784552,1.1384577427848563,-1.6074168385739727,-0.07919174366306113,0.07508935465042241,4.726695522729697,280,0.04009936035437962,1.0406423982834434,0.6447850280448926,0.038533275619486745,-0.487181766939695,8.413832488079747,-0.06992982098048454,False,1.950818637444483e-08,2.5151201506707754e-08
US500,12:00,240,none,follow,739,-0.036724186212583325,1.1328528876904933,-0.88125355916909,-0.03241743620166923,-0.7761624347475742,7.89606661200064,498,0.000862663750106027,0.9510705890488825,0.020241536157988387,0.0009070449239406439,-1.0307545666386504,7.151829469365302,-0.011276648448409218,False,2.662873542722566e-10,3.928124811035845e-10
US500,12:00,240,none,fade,739,-0.033736591999786535,1.1321504452427171,-0.8100639147642403,-0.029798682800106027,0.7772825236854182,7.924894000259993,498,-0.0565210655240348,0.9519545624144875,-1.324978381179305,-0.05937370096811946,1.0237396355955597,7.130350840274761,-0.04392409318287455,False,1.0389966947019928e-09,1.4994464840663023e-09
US500,12:00,240,day,follow,385,0.1135410355876808,1.238477684318177,1.7988503300190397,0.09167790185108494,0.7944002796403046,8.492228961612417,261,0.049840429918203075,1.0377181565804534,0.7759301332427406,0.04802886949809188,0.44558706476112203,6.651280724712074,-0.014346971674900932,False,0.019985828575014956,0.022269873376757808
US500,12:00,240,day,fade,385,-0.1831004673482438,1.2390401644041018,-2.899575576489397,-0.14777605489189552,-0.793113562378863,8.483584617292493,261,-0.10370232137511018,1.0346491544928178,-1.6192564089838208,-0.10022945548720308,-0.4540376859588236,6.679550977700985,-0.04030098596623524,False,1.7288012802008593e-12,2.3857692252669093e-12
US500,12:00,240,recent,follow,368,-0.021098650186659695,1.182833814035407,-0.3421801793755668,-0.017837374901110262,0.18053602983026476,3.85179295277405,273,0.0013875518581036332,1.0685346199916241,0.02145566349525552,0.0012985558279005594,0.5131956615161579,6.400087591657511,-0.03731677758701768,False,2.6617156441850718e-05,3.190685978233179e-05
US500,12:00,240,recent,fade,368,-0.047854125816469015,1.1824569167201455,-0.7763507384193734,-0.040470079831073244,-0.1771083439079314,3.8928023810726464,273,-0.05815266532744267,1.0670584337426978,-0.9004565167445331,-0.0544981075904838,-0.520560105352796,6.405816329786652,-0.017416822362722538,False,3.479156122438324e-06,4.252723844969145e-06
US500,12:30,60,none,follow,755,-0.06954862487533449,1.0651293897943281,-1.7941537414281705,-0.06529594013809348,1.6220436326407222,23.516578665711656,505,-0.07419617550924287,0.8880783450332538,-1.8774826338344803,-0.08354688066002175,-0.4173771070590508,5.7436675794144065,-0.054638156789466125,False,1.1600584644998018e-11,1.7172527014707512e-11
US500,12:30,60,none,fade,755,-0.08221003751480109,1.0675886910742236,-2.1158961947523136,-0.07700534691134667,-1.6243189043607245,23.37257715180354,505,-0.04459391182713989,0.8882519946926096,-1.128197332218963,-0.05020412235896206,0.41847685212684876,5.680964748540793,-0.05885713335591679,False,3.2567825740581e-15,5.409833481229769e-15
US500,12:30,60,day,follow,384,-0.0611188284881835,1.1738555230945176,-1.0202955340061914,-0.05206673844074274,-2.7560676520757497,30.309506197863072,268,-0.04440376301119374,0.9381505193984678,-0.7748446696555453,-0.04733117137713142,-0.011391463289266065,4.7097754543760555,-0.09741260215588682,False,1.4268834747152403e-07,1.8268156372643517e-07
US500,12:30,60,day,fade,384,-0.08777571895827883,1.1765070721121897,-1.461993579810596,-0.0746070474533524,2.7252184162357325,29.89710109643294,268,-0.06882981025647365,0.9344342283493935,-1.2058553958698148,-0.07365934184373388,0.028324777862520484,4.737499500020817,-0.013452838380995038,False,1.2721789066792463e-06,1.5404539050564714e-06
US500,12:30,60,recent,follow,443,-0.041744169245125654,1.1644439671132378,-0.7545344798716246,-0.03584901500122263,-2.3735502132938278,27.52697291304333,261,-0.16165260402610615,0.9868966948931837,-2.646252395071372,-0.16379891113487066,0.5351084368836082,5.834046866591884,-0.004060813273132664,False,2.625957910239262e-07,3.382070717026155e-07
US500,12:30,60,recent,fade,443,-0.10762849239450212,1.1673737667088129,-1.9405247689168277,-0.0921971141239023,2.3380191995260797,27.129990105369497,261,0.044261796464469136,0.9864995349861647,0.7248571139702132,0.0448675289695802,-0.5447980271230831,5.943829641177476,-0.1074485541637302,False,4.996183398618266e-08,6.277714289159432e-08
US500,12:30,120,none,follow,743,-0.09697758396953078,1.03309421067526,-2.5587381199129617,-0.0938709974051093,-0.10926412250188558,5.891152894741181,498,-0.03069359601270931,0.8982286256386136,-0.7625626898070088,-0.03417125121222571,-0.7785702013466486,6.877288732151253,-0.06439075833172969,False,2.5417367924993006e-15,4.114145835821692e-15
US500,12:30,120,none,fade,743,-0.009701356126438016,1.0322912244675118,-0.25616784737571724,-0.00939788685256167,0.10152531249530469,5.8776058914112275,498,-0.05457976558468937,0.8994787394860958,-1.3541146442587242,-0.06067932813606326,0.7643918606732456,6.828042009376184,-0.01685103583107082,False,1.667205063940236e-08,2.3525971649412278e-08
US500,12:30,120,day,follow,378,-0.031052655372285104,1.100684121120757,-0.5485067067013395,-0.028212140773563765,-0.5010291572789207,6.643060138699039,264,0.03871371416931221,0.9755671105377942,0.6447771707355183,0.039683291647635364,0.32394594104764873,6.467033647497956,-0.06953343246472685,False,7.374251333111024e-06,8.983422442743206e-06
US500,12:30,120,day,fade,378,-0.07366720048787889,1.1028311449986479,-1.2987065875986485,-0.06679825902810281,0.49319944456515125,6.612166087477189,264,-0.11956796550153337,0.9733809425304856,-1.9958778752609942,-0.12283779173926922,-0.34862490923157197,6.4861137289696895,-0.009883837626434333,False,3.577642732422862e-07,4.448962978239968e-07
US500,12:30,120,recent,follow,419,0.015079652692514567,1.0952937286341995,0.2818173648214902,0.013767679206306121,0.27980959858048965,4.172931337960213,267,-0.05514273347457444,1.025344363504493,-0.8787678767965946,-0.05377972068437943,0.8223594177469595,6.5254670450039685,-0.04040577215405997,False,0.00011630783315286795,0.00013902550236504413
US500,12:30,120,recent,fade,419,-0.1196780585172511,1.0974980888360455,-2.2321212091179703,-0.10904625687701743,-0.2922934255389337,4.193543568758907,267,-0.025871298606334643,1.0221914228107962,-0.4135629521665269,-0.025309641647348592,-0.8504988626837404,6.602232991733975,-0.03962024648174877,False,1.9852178439900897e-10,2.6659959020391054e-10
US500,12:30,240,none,follow,0,,,,,,,0,,,,,,,,False,,
US500,12:30,240,none,fade,0,,,,,,,0,,,,,,,,False,,
US500,12:30,240,day,follow,0,,,,,,,0,,,,,,,,False,,
US500,12:30,240,day,fade,0,,,,,,,0,,,,,,,,False,,
US500,12:30,240,recent,follow,0,,,,,,,0,,,,,,,,False,,
US500,12:30,240,recent,fade,0,,,,,,,0,,,,,,,,False,,
US500,13:00,60,none,follow,752,-0.10817134265740355,1.0017394822231793,-2.9611905134255943,-0.10798350726611758,-0.2404723116718166,5.105808749044426,505,-0.06741385468259127,0.9577696259396209,-1.5817352366316504,-0.07038629421605935,-1.050267321281821,6.970591461434056,-0.08496614847608985,False,4.422046517861527e-17,7.42366253252937e-17
US500,13:00,60,none,fade,752,-0.050858684720184295,1.0017376039112498,-1.3922591086165057,-0.05077046576030322,0.23838347323099893,5.079263286307131,505,-0.060766947447066746,0.9573503229945369,-1.4264029276968861,-0.06347409719045294,1.029865571550132,6.884100466159801,-0.03354379537800602,False,1.52355714289327e-11,2.2971479080621065e-11
US500,13:00,60,day,follow,389,0.029500251889123003,1.0338345675251694,0.5627940219301265,0.028534789622813417,0.21140990378961788,4.456680846102985,271,0.040990977178828054,1.0577746310680265,0.6379399058714315,0.03875208950458549,0.5287461981650173,6.602714123847526,-0.03397348350635988,False,0.0005622316746514296,0.0006561585167412351
US500,13:00,60,day,fade,389,-0.18456610009699256,1.0357030230820556,-3.514726148248026,-0.17820368965203837,-0.2138336577278106,4.462016380447191,271,-0.16309317028633966,1.0552803741065508,-2.5442076784229997,-0.1545496100260766,-0.5639256940591412,6.684041242579624,-0.08280201192730376,False,9.185024280537052e-14,1.2780393457742703e-13
US500,13:00,60,recent,follow,420,0.06650756434011425,0.9724810585715238,1.401569174741758,0.06838957299364486,0.616447514339366,4.9259858132575856,244,0.01811409272338202,1.0727964164119563,0.26375104289649404,0.016884930305757252,0.9963277100744018,5.917395488849667,0.023723517330642926,False,0.004531661254690601,0.005187694356662067
US500,13:00,60,recent,fade,420,-0.2267999927643263,0.9770560077370164,-4.757165077893002,-0.23212588732719977,-0.5944865917167647,4.8984864624052324,244,-0.1420336977055777,1.0678597949051205,-2.0776484830040354,-0.13300781468057557,-1.0116053818668294,6.077158020829234,-0.1412038195636278,False,4.133940859076183e-20,6.415224583895408e-20
US500,13:00,120,none,follow,741,-0.12158951638393915,1.045234617207556,-3.1665871884588204,-0.11632748703709905,-0.7141427654892782,5.876940331489923,498,0.016037596526304067,0.8924823815216248,0.40100916938369674,0.017969650559332053,-0.89551198690742,7.720737129976635,-0.08061828988975989,False,1.3601711267912346e-18,2.3658666007608156e-18
US500,13:00,120,none,fade,741,0.014436495031857385,1.0428695475006557,0.37682602034389834,0.013843049752920614,0.7149165002882324,5.894144494390953,498,-0.1031282747954419,0.8953573606251193,-2.570372201889669,-0.11518113250718122,0.8749963585014483,7.657068442284081,-0.0020302179021553187,False,4.555220292904707e-07,6.207550219993614e-07
US500,13:00,120,day,follow,385,0.09272171633643311,1.0952160507176831,1.6611621496773867,0.08466066241055688,0.40804941630314145,6.09560338925446,266,-0.004967882232067166,1.0233289192121906,-0.07917660264233427,-0.0048546289846784435,-0.8354478096026676,7.319149200193674,-0.012099851392329409,False,0.015398661344927848,0.017199909292619525
US500,13:00,120,day,fade,385,-0.19766552220734793,1.097534797917054,-3.533808330711929,-0.18009954908262185,-0.4061652307276882,6.097920686820274,266,-0.07729856611667565,1.0208110228458518,-1.234999851018724,-0.07572269929176516,0.8130182679638654,7.303171729086731,-0.06943325878693944,False,5.050765751125783e-14,7.065439838024932e-14
US500,13:00,120,recent,follow,426,0.05797724636653215,1.1388901432424365,1.0507043975653971,0.050906794400265944,0.38350866023757924,5.904788395405388,244,-0.03606262100840484,1.0318928280714363,-0.5459056723354602,-0.034948029511751084,-0.35766289866686124,7.31683810990187,-0.004678680138751465,False,0.001522459504643843,0.0017685103340580172
US500,13:00,120,recent,fade,426,-0.16624197963313092,1.1398529986276378,-3.010209038021234,-0.1458451044417861,-0.3946109781355873,5.91937639198074,244,-0.04622163697474522,1.0301008179462758,-0.7009071712448766,-0.04487098366439301,0.3423259222333479,7.2785484284884605,-0.07655197135176117,False,5.910634429021094e-13,8.285402358301679e-13
US500,13:00,240,none,follow,0,,,,,,,0,,,,,,,,False,,
US500,13:00,240,none,fade,0,,,,,,,0,,,,,,,,False,,
US500,13:00,240,day,follow,0,,,,,,,0,,,,,,,,False,,
US500,13:00,240,day,fade,0,,,,,,,0,,,,,,,,False,,
US500,13:00,240,recent,follow,0,,,,,,,0,,,,,,,,False,,
US500,13:00,240,recent,fade,0,,,,,,,0,,,,,,,,False,,
US500,13:30,60,none,follow,744,-0.14202727926712685,1.0231429063731483,-3.7863602992467817,-0.13881470357898212,-0.549927814655032,5.801652033054762,499,-0.027861628728521944,0.876003829042147,-0.7104782200741233,-0.03180537322420932,-0.6826827811358943,8.187760416316506,-0.09671895819437565,False,6.499655359600751e-21,1.168960328898458e-20
US500,13:30,60,none,fade,744,-0.009428252160252856,1.0190203738398829,-0.2523682928183183,-0.009252270516167622,0.5378507950459749,5.72705440980065,499,-0.09601393729870554,0.8783356626518904,-2.441878413485283,-0.10931349070902818,0.6640174589063965,8.102913891516199,-0.020610006441858144,False,1.777788922928526e-08,2.5058314735547056e-08
US500,13:30,60,day,follow,403,-0.07221120836098073,1.0126598724357834,-1.4315071925988652,-0.07130845244937847,-0.07654443061103135,4.795301203088424,264,0.008239891731122021,0.9984497889480176,0.13409026195339857,0.00825268513482656,0.19314488513621117,7.845814211104706,-0.07759386441062893,False,5.471879964936439e-08,6.989540109933006e-08
US500,13:30,60,day,fade,403,-0.0767572819088956,1.0144639593902636,-1.5189220537151247,-0.07566289684162858,0.07525129098542084,4.865161403067695,264,-0.12662872322014143,0.9976763532881618,-2.0622651968845718,-0.12692364893965455,-0.22694474550415464,7.791567660683357,-0.03769331631527842,False,4.027277562750491e-08,5.149251168080025e-08
US500,13:30,60,recent,follow,436,-0.11518015975698884,1.1405332602354534,-2.1086911071054577,-0.10098798848988487,-0.14406567315518445,5.711411805914152,248,-0.010094088496514874,1.0054186460300347,-0.15810514876835863,-0.010039686986482778,0.43999473405081135,8.021672570280462,-0.06638622313836082,False,3.8975828919413913e-10,5.224123518132712e-10
US500,13:30,60,recent,fade,436,-0.03603900064141481,1.1395416648783947,-0.6603676277362736,-0.031625873587746954,0.12262696437742658,5.7572497710063635,248,-0.10943951203498653,1.008231918229067,-1.709383652533231,-0.10854597048188493,-0.45517000827467924,7.9759627607989625,-0.0502662595851461,False,1.4154105428817735e-06,1.77377128335689e-06
US500,13:30,120,none,follow,740,-0.0690825271678207,1.0210620096266865,-1.840483627993499,-0.06765752375125403,-0.628323785362875,7.354849049384552,499,-0.00045468520698411586,0.8674815477644585,-0.011708488992115637,-0.0005241439522902377,-1.213816198562013,9.688626563106924,-0.05442747828174453,False,2.4708980297311274e-13,3.886956756188766e-13
US500,13:30,120,none,fade,740,-0.032159742711863906,1.0186346351116138,-0.8588354980017102,-0.031571420805203726,0.6274628391296829,7.381449121697274,499,-0.08392228950675726,0.8690781467028074,-2.1570924894346892,-0.09656472185516314,1.188441565960638,9.570613996642694,-0.02620348347376377,False,7.108342314725367e-10,1.0304151749466179e-09
US500,13:30,120,day,follow,403,-0.010688143618486478,1.0881100470591911,-0.19718868170628268,-0.009822667888577141,0.4101567986278418,7.776967230462764,264,-0.037868418275911676,0.9520201640096271,-0.6462982529710658,-0.03977690778777322,-1.089000496394885,10.907565438074041,0.010632403867085928,False,2.377777482153743e-05,2.877406886395342e-05
US500,13:30,120,day,fade,403,-0.08899109076122898,1.0904152097157471,-1.6383517612848635,-0.08161211432884126,-0.40498857101346,7.8544015830116125,264,-0.04282456896977272,0.9492291824195267,-0.7330336011912695,-0.045115099454291464,1.0660411342959288,10.844179063532444,-0.08973243671672715,False,1.2314502487734134e-08,1.5956261295723946e-08
US500,13:30,120,recent,follow,429,0.02805825730617332,1.1281973227629363,0.5151150928327237,0.024869991037967647,-0.46203470138492025,7.301988885244769,220,-0.07073620644976251,1.0137056848129802,-1.0350020821919297,-0.06977982614629681,-0.9844083340351526,10.150685411042284,-0.019891098688712847,False,0.0002638176810772525,0.00031264009737210174
US500,13:30,120,recent,fade,429,-0.1311923412584907,1.1279307853509593,-2.4090991719285237,-0.1163124040609192,0.447417104711645,7.363575761326036,220,-0.011235300144894189,1.0120423355730477,-0.16466349876450564,-0.011101610821974594,0.9686037054551307,10.081517337834098,-0.059794545980315,False,3.101226907380147e-10,4.1102910113424634e-10
US500,13:30,240,none,follow,0,,,,,,,0,,,,,,,,False,,
US500,13:30,240,none,fade,0,,,,,,,0,,,,,,,,False,,
US500,13:30,240,day,follow,0,,,,,,,0,,,,,,,,False,,
US500,13:30,240,day,fade,0,,,,,,,0,,,,,,,,False,,
US500,13:30,240,recent,follow,0,,,,,,,0,,,,,,,,False,,
US500,13:30,240,recent,fade,0,,,,,,,0,,,,,,,,False,,
US500,14:00,60,none,follow,744,-0.1398901798120423,1.081645404694106,-3.5276767813573864,-0.1293309056784685,-1.2574529472195632,11.034970229586422,499,0.025833228358158617,0.8815407490576069,0.6546159208496652,0.02930463326372048,-1.6731602649797865,18.350163128339425,-0.09114674724615317,False,3.206470144409236e-21,5.9236031057518585e-21
US500,14:00,60,none,fade,744,-0.006545584570948292,1.0784320584447373,-0.16555492947848882,-0.006069538196395996,1.2789048188998888,11.109294812222203,499,-0.14595083062583664,0.887088672655308,-3.675274742895845,-0.16452789346183894,1.5973697673790577,17.74318467793164,-0.02505903932165635,False,3.0202728282463507e-08,4.2316326932896185e-08
US500,14:00,60,day,follow,393,-0.0009527467038382536,1.183399531015251,-0.015960347294847268,-0.0008050930213069141,0.8390300691207355,12.106906553894524,262,-0.10918361712398945,0.9202130360569323,-1.9205240152861536,-0.11865036990981556,-2.3674639804081017,22.3416438172645,-0.027116761437212734,False,6.0278936483264445e-05,7.211794805841311e-05
US500,14:00,60,day,fade,393,-0.14329710917011554,1.1850603694252313,-2.3971390657653595,-0.1209196703114934,-0.8255492005603724,12.2408661121788,262,-0.004608170264494349,0.916628872217176,-0.08137399355786364,-0.0050273021112109805,2.319237920136288,22.121133390275677,-0.08748846521454717,False,7.008702027437294e-11,9.443385616273054e-11
US500,14:00,60,recent,follow,401,-0.08320042440792685,1.235727582785606,-1.3482641510913311,-0.06732909871638093,-0.7593718629404194,11.29180342514735,247,-0.05953401346186046,0.913297048782495,-1.0244755161186028,-0.06518581609480127,0.7696934365566647,7.582856925521518,-0.09057501015655586,False,5.134750691750409e-08,6.590277632699946e-08
US500,14:00,60,recent,fade,401,-0.06150132564371882,1.2387836572239141,-0.9941712413420799,-0.04964654262677462,0.7572187335467873,11.262023224693639,247,-0.062174699062522695,0.9119553033453175,-1.0714912164235293,-0.06817735346726732,-0.8007853492702856,7.474546881509639,-0.02439316537513374,False,9.73751423795994e-07,1.208061305241275e-06
US500,14:00,120,none,follow,742,-0.0520737618352266,1.1305118067280517,-1.2547170592962213,-0.04606211233294365,-2.053383369497381,19.874365597345545,499,0.0022403705309730518,0.913823112728362,0.05476561715516921,0.0024516457285525145,-0.9763795139367809,10.294395159545804,-0.032083190502053924,False,4.7233962817938316e-12,7.333739745481346e-12
US500,14:00,120,none,fade,742,-0.04391378443526765,1.129142715550238,-1.0593853947074905,-0.03889126133525841,2.0683197829695628,19.97619676425957,499,-0.07906394410611972,0.9157199122679688,-1.9287062603545315,-0.08634075009934161,0.9466544211463986,10.162763952383704,-0.04594842884034812,False,6.603802076376009e-10,9.474985035600048e-10
US500,14:00,120,day,follow,393,0.09020958493779528,1.2787693726363363,1.3984815260047743,0.07054406124211234,1.99524406932399,20.76034872739161,262,-0.044394749330881986,0.9686107608555132,-0.7418788058454897,-0.04583342569069838,-0.8582311730798409,10.042678030252198,0.015768524234173863,False,0.004817651078971212,0.005517015881986057
US500,14:00,120,day,fade,393,-0.184503880082918,1.278924435093982,-2.8599398148750783,-0.1442648799413702,-1.9841988804996824,20.795026916715784,262,-0.02858120759231671,0.9665530011020017,-0.4786362049355721,-0.029570243493869712,0.848540714042195,10.002024405572808,-0.09261526539696618,False,6.867487512597654e-14,9.914459321094634e-14
US500,14:00,120,recent,follow,432,0.007783651634726217,1.2329903344807527,0.1312095940032478,0.006312824534836385,-0.9156280480874869,23.177985217522004,229,0.025334803399628725,0.9334503554112359,0.41071830047303987,0.027141029249988725,0.09907188976924293,5.046302532218961,-0.016611456290046334,False,5.3595387661472446e-05,6.472910725294205e-05
US500,14:00,120,recent,fade,432,-0.10454077745311051,1.2336326432431821,-1.761334111933138,-0.08474222697145564,0.9182100021250198,23.12692506802074,229,-0.09966028009962771,0.9322532415515099,-1.6177296391971732,-0.10690258360889933,-0.09199992470818717,5.017580588461562,-0.060631251258822225,False,2.3340927574673973e-08,2.9857751737881005e-08
US500,14:00,240,none,follow,0,,,,,,,0,,,,,,,,False,,
US500,14:00,240,none,fade,0,,,,,,,0,,,,,,,,False,,
US500,14:00,240,day,follow,0,,,,,,,0,,,,,,,,False,,
US500,14:00,240,day,fade,0,,,,,,,0,,,,,,,,False,,
US500,14:00,240,recent,follow,0,,,,,,,0,,,,,,,,False,,
US500,14:00,240,recent,fade,0,,,,,,,0,,,,,,,,False,,
US500,14:30,60,none,follow,745,-0.03094259569225487,1.0040500064461253,-0.8411617886220277,-0.030817783470543876,-0.36628549223368445,8.45303697189108,499,-0.03184533573905498,0.8673983326944774,-0.8201202241484092,-0.036713623416972624,-0.393791436829276,6.620872008201334,-0.04025245397658269,False,3.951607001919065e-10,5.80081842562833e-10
US500,14:30,60,none,fade,745,-0.10670222339978677,1.0035033611874842,-2.9022363281430894,-0.1063297120136418,0.37491110212838863,8.53373378380794,499,-0.08380115959157837,0.8681208385524783,-2.1563543028919807,-0.09653167608706417,0.3553362721934492,6.627669715555975,-0.07140067103618163,False,1.0266095200645405e-15,1.650633993577042e-15
US500,14:30,60,day,follow,396,-0.0026234712720191906,1.093909932999839,-0.04772460471422748,-0.002398251622804834,0.055737454560388804,6.81839504854277,269,-0.07873477217813893,0.8713237823515394,-1.482050994501172,-0.09036224394753527,-0.13758598360952742,4.396811331182858,0.010081303987076046,False,4.963531818129736e-05,5.954608849204022e-05
US500,14:30,60,day,fade,396,-0.13311088820017844,1.0957045601924993,-2.4175068045352104,-0.12148428786021735,-0.04195838045949282,6.91135251555553,269,-0.03042889668227266,0.8673198895885221,-0.5754174654717465,-0.035083822067898014,0.10308773856993254,4.36445826094227,-0.12010531422569988,False,2.6870673677131756e-10,3.5520146981568235e-10
US500,14:30,60,recent,follow,396,-0.05045353490099978,1.1426622537888342,-0.8786609204541437,-0.044154372592344046,0.40367263090575406,6.993202898548292,224,-0.0353497066592182,0.9988932643939419,-0.5296521490592121,-0.03538887278478739,0.40586934380744155,6.348520602341548,-0.06362368438334719,False,1.4748230801618529e-06,1.825106697643275e-06
US500,14:30,60,recent,fade,396,-0.08502619377752008,1.1457890578897802,-1.4767115124913974,-0.07420754561412404,-0.38738017791572243,6.947766781071294,224,-0.07867738022947308,0.9980374890334827,-1.1798506735161483,-0.07883208906878404,-0.45175832892878726,6.349269269099461,-0.04477334929385083,False,3.8213475611674555e-08,4.8965993291585213e-08
US500,14:30,120,none,follow,0,,,,,,,0,,,,,,,,False,,
US500,14:30,120,none,fade,0,,,,,,,0,,,,,,,,False,,
US500,14:30,120,day,follow,0,,,,,,,0,,,,,,,,False,,
US500,14:30,120,day,fade,0,,,,,,,0,,,,,,,,False,,
US500,14:30,120,recent,follow,0,,,,,,,0,,,,,,,,False,,
US500,14:30,120,recent,fade,0,,,,,,,0,,,,,,,,False,,
US500,14:30,240,none,follow,0,,,,,,,0,,,,,,,,False,,
US500,14:30,240,none,fade,0,,,,,,,0,,,,,,,,False,,
US500,14:30,240,day,follow,0,,,,,,,0,,,,,,,,False,,
US500,14:30,240,day,fade,0,,,,,,,0,,,,,,,,False,,
US500,14:30,240,recent,follow,0,,,,,,,0,,,,,,,,False,,
US500,14:30,240,recent,fade,0,,,,,,,0,,,,,,,,False,,
US500,15:00,60,none,follow,749,-0.008904942924989518,1.0432825135514432,-0.2335985382671352,-0.008535504821868583,-1.0193868717676224,9.149597220082283,499,-0.06693089667885113,0.9640676101185957,-1.5508486776132087,-0.06942552158828111,-0.6739729869159512,9.702026937453827,-0.017844673213258944,False,1.4421062821171397e-08,2.0442637513186472e-08
US500,15:00,60,none,fade,749,-0.11965354695746404,1.043363995309868,-3.138561478889091,-0.11468054053554744,1.0289852038237095,9.176864253148366,499,-0.033722561537036094,0.9639094456314677,-0.7815100955068479,-0.03498519667990604,0.6566162319677102,9.525817719854432,-0.08803755259124874,False,1.6864929871928617e-15,2.658234119649582e-15
US500,15:00,60,day,follow,399,0.07221571868671593,1.1687660889200708,1.234214326253031,0.06178799964451621,0.711784896426212,9.124208443572893,266,-0.032324048547040525,1.0111546912642724,-0.5213735170156127,-0.03196746138479064,0.25367748604310214,5.489265834205833,0.02650194156276696,False,0.003727554817873547,0.004263986271479263
US500,15:00,60,day,fade,399,-0.1983446685768625,1.167342721644784,-3.3939746899908223,-0.1699112564794983,-0.700564707863852,9.195941458959155,266,-0.06255703213496688,1.0096655635259686,-1.0105071963658097,-0.061958171492453716,-0.242776203900026,5.431706862090918,-0.13117065166892067,False,3.814198662482206e-14,5.40418507052319e-14
US500,15:00,60,recent,follow,390,-0.011982381637512798,1.1349331532310425,-0.20849957236957734,-0.010557786247939046,1.2637519667062136,9.756416644624494,220,-0.09802251298808891,1.0956915671044039,-1.326932568158228,-0.08946177549502739,0.026228817105844345,4.27925646435431,0.002431864392871323,False,3.209710031404367e-05,3.8574343773264935e-05
US500,15:00,60,recent,fade,390,-0.11258580930168176,1.1347406337611503,-1.9593830680926823,-0.0992172184127318,-1.2634655142942541,9.747274537099878,220,-0.002671974524917273,1.0981583629357505,-0.036089318440875894,-0.0024331413529230673,-0.00982684769688526,4.317519704248426,-0.10492821453166405,False,5.377713176104941e-10,7.186337570971965e-10
US500,15:00,120,none,follow,0,,,,,,,0,,,,,,,,False,,
US500,15:00,120,none,fade,0,,,,,,,0,,,,,,,,False,,
US500,15:00,120,day,follow,0,,,,,,,0,,,,,,,,False,,
US500,15:00,120,day,fade,0,,,,,,,0,,,,,,,,False,,
US500,15:00,120,recent,follow,0,,,,,,,0,,,,,,,,False,,
US500,15:00,120,recent,fade,0,,,,,,,0,,,,,,,,False,,
US500,15:00,240,none,follow,0,,,,,,,0,,,,,,,,False,,
US500,15:00,240,none,fade,0,,,,,,,0,,,,,,,,False,,
US500,15:00,240,day,follow,0,,,,,,,0,,,,,,,,False,,
US500,15:00,240,day,fade,0,,,,,,,0,,,,,,,,False,,
US500,15:00,240,recent,follow,0,,,,,,,0,,,,,,,,False,,
US500,15:00,240,recent,fade,0,,,,,,,0,,,,,,,,False,,
US500,15:30,60,none,follow,0,,,,,,,0,,,,,,,,False,,
US500,15:30,60,none,fade,0,,,,,,,0,,,,,,,,False,,
US500,15:30,60,day,follow,0,,,,,,,0,,,,,,,,False,,
US500,15:30,60,day,fade,0,,,,,,,0,,,,,,,,False,,
US500,15:30,60,recent,follow,0,,,,,,,0,,,,,,,,False,,
US500,15:30,60,recent,fade,0,,,,,,,0,,,,,,,,False,,
US500,15:30,120,none,follow,0,,,,,,,0,,,,,,,,False,,
US500,15:30,120,none,fade,0,,,,,,,0,,,,,,,,False,,
US500,15:30,120,day,follow,0,,,,,,,0,,,,,,,,False,,
US500,15:30,120,day,fade,0,,,,,,,0,,,,,,,,False,,
US500,15:30,120,recent,follow,0,,,,,,,0,,,,,,,,False,,
US500,15:30,120,recent,fade,0,,,,,,,0,,,,,,,,False,,
US500,15:30,240,none,follow,0,,,,,,,0,,,,,,,,False,,
US500,15:30,240,none,fade,0,,,,,,,0,,,,,,,,False,,
US500,15:30,240,day,follow,0,,,,,,,0,,,,,,,,False,,
US500,15:30,240,day,fade,0,,,,,,,0,,,,,,,,False,,
US500,15:30,240,recent,follow,0,,,,,,,0,,,,,,,,False,,
US500,15:30,240,recent,fade,0,,,,,,,0,,,,,,,,False,,
XAUUSD,02:00,60,none,follow,920,-0.14117768110474554,0.9209824673601668,-4.6495250853832575,-0.15329030259327997,-1.3155143695855491,24.54769199019432,515,-0.044001754459705,0.9606984741773367,-1.039409081041799,-0.04580183652043841,-0.9019964490285939,11.598077398917615,,False,8.809223701870785e-28,1.8905524245069176e-27
XAUUSD,02:00,60,none,fade,920,-0.056422077359317445,0.9226688621458796,-1.8548001453752356,-0.06115094989560487,1.2011858059945648,24.493015166364952,515,-0.12876853687032286,0.9623656625171715,-3.0364997991000977,-0.1338041680887853,0.8449510128130456,11.300577416769958,,False,8.231408458678314e-14,1.3348413567752138e-13
XAUUSD,02:00,60,day,follow,397,-0.17200608408317217,1.108376726846417,-3.0920867091995143,-0.15518738342022792,-2.791959430697703,25.847035612693794,195,-0.13426724959883293,1.2129688775823277,-1.5457446090058353,-0.11069307059753462,-1.4621287175684603,10.21240197053108,,False,1.2270091277365302e-16,1.8962408120126666e-16
XAUUSD,02:00,60,day,fade,397,-0.03427142387669963,1.1049174715351697,-0.6180129292530038,-0.031017179798128267,2.7165612214971766,25.27499378057125,195,-0.05087571666443225,1.21584311066224,-0.584319402454769,-0.04184398152876936,1.4113087826147956,10.02964980396955,,False,9.40822530189035e-06,1.1380504770868485e-05
XAUUSD,02:00,60,recent,follow,342,-0.19298926788773715,1.1209344910408918,-3.183948093929689,-0.17216819486795226,0.7537685143589904,28.695692307707162,224,-0.16339508700823918,1.0317895812802307,-2.37012834926428,-0.15836086152905396,0.30431719722002976,6.005017448325924,,False,2.55507385646436e-09,3.163929646259259e-09
XAUUSD,02:00,60,recent,fade,342,-0.012256758384583205,1.1167736523229927,-0.20296610560188946,-0.010975150030704978,-0.8766894971140441,29.22954485977644,224,-0.020298443894986577,1.0306229895102095,-0.2947724757266947,-0.0196953144860791,-0.37034369414955354,6.2289825454378605,,False,7.476759415345114e-05,8.826937068584361e-05
XAUUSD,02:00,120,none,follow,920,-0.11516606759416582,0.8857476647628005,-3.9437414545445937,-0.1300213053624102,-1.7039700235297246,23.96423438787068,515,0.010157873238458986,0.9757833609974641,0.2362397613054874,0.010409967667490678,0.4780082966543471,7.395156464011699,,False,5.310885279640847e-26,1.1384255309767212e-25
XAUUSD,02:00,120,none,fade,920,-0.006970073941065938,0.8846539271626077,-0.23897798182143876,-0.007878870739229504,1.6572803684920583,23.64461326331662,515,-0.1161647450598622,0.9761022519993388,-2.700739171055042,-0.1190087870629571,-0.5009185908621087,7.419857152815301,,False,6.674706597860947e-10,1.0119014010722616e-09
XAUUSD,02:00,120,day,follow,397,-0.11199325279889842,1.0704929074410814,-2.0845068081429114,-0.10461839776837792,-2.1909205240818133,25.143819678419053,195,-0.08308413988403217,1.1997682076776446,-0.9670258519489192,-0.06925015961612756,-0.7022769921283522,6.77262294786527,,False,4.460226170925602e-11,6.148509996014308e-11
XAUUSD,02:00,120,day,fade,397,-0.015488412727441135,1.0704835494885705,-0.2882850815198948,-0.014468613492323923,2.1349715023484612,24.737652224285686,195,-0.030154942708617082,1.2005988522361621,-0.35073401719894265,-0.02511658465477651,0.6990927570753618,6.7761938539632665,,False,2.3220890060709077e-05,2.7994757376790742e-05
XAUUSD,02:00,120,recent,follow,336,-0.018142801714563957,1.0772498613381574,-0.30871486795936703,-0.01684177679264401,2.2324340367578106,27.768213989875726,215,-0.045277015707072,1.0822456519988124,-0.6134387047997244,-0.04183617242855108,-0.593346757225189,8.005667181081083,,False,7.988981454653169e-05,9.375853473704744e-05
XAUUSD,02:00,120,recent,fade,336,-0.11152526419412825,1.0790575556211321,-1.8945160521131044,-0.10335432397758576,-2.2645131659534896,28.030426827260055,215,-0.06551526588967814,1.0821387063865626,-0.8877257275543782,-0.06054239211943937,0.5805972521583491,8.035808250708032,,False,1.4776314078183916e-09,1.9377939887946005e-09
XAUUSD,02:00,240,none,follow,920,-0.05239478959592927,0.8107725171162056,-1.9601215139179435,-0.06462329258802402,-0.24586797666129537,7.353045905138209,515,0.05218585768314861,0.8831296816866016,1.3410098213941237,0.05909195304531496,-0.13705110640708676,6.167889857778027,,False,1.9157858961429063e-15,3.289895062560151e-15
XAUUSD,02:00,240,none,fade,920,-0.030171632066403036,0.8109774349522715,-1.128454223472942,-0.03720403400395318,0.2250405023593951,7.3344003444092545,515,-0.1266383873126592,0.8837072082941683,-3.252075266060026,-0.143303558151473,0.12634426706675256,6.150786055948585,,False,1.7504059493672063e-12,2.8161858833979572e-12
XAUUSD,02:00,240,day,follow,397,-0.08856559183572023,0.9396292540512321,-1.8780353083489283,-0.09425589023954686,-0.8741159458027398,7.906006891139006,195,-0.0531473158301216,1.0603958176719932,-0.6998913646822663,-0.05012026164607279,-0.5361630353792138,6.251840413756035,,False,1.5361083530150139e-09,2.0305737462530463e-09
XAUUSD,02:00,240,day,fade,397,0.002538577342886562,0.9395959795263246,0.05383249431320879,0.0027017754420004293,0.8562645289565896,7.822851091572998,195,-0.02702178968990806,1.0617299386314623,-0.3553999410890636,-0.025450718404661666,0.5406171968827098,6.2552414860786625,,False,7.221559714088864e-05,8.633801834059644e-05
XAUUSD,02:00,240,recent,follow,395,-0.04666063864698114,0.9154121469932592,-1.0130539064041835,-0.05097227385527006,-0.9007509886157132,8.1032100337894,225,-0.08916256342389359,0.9983370303343032,-1.3396662757371116,-0.08931108504914077,-0.469536308012859,6.280818059297886,,False,3.6112236331152886e-07,4.553524441410792e-07
XAUUSD,02:00,240,recent,fade,395,-0.0396707127165327,0.9148783509401048,-0.8617974405483356,-0.043361735115677535,0.8875129264255284,8.044381387189116,225,0.01105741882193553,0.9988123109218564,0.1660585082055615,0.011070567213704101,0.4598331369648789,6.29479094465095,,False,2.0568338697495677e-06,2.5319087726526676e-06
XAUUSD,02:30,60,none,follow,920,-0.10065045056938278,0.8921572829806063,-3.4219070767677096,-0.11281693540977429,-1.7254040685162058,24.15762708225118,515,-0.012864609108513099,0.9424906527034437,-0.3097584464576896,-0.013649588005580963,0.24482050691480786,8.399153103520018,,False,2.0171149194234105e-23,4.142544340391583e-23
XAUUSD,02:30,60,none,fade,920,-0.06119115926473877,0.8916564643495044,-2.081541299967554,-0.06862638438827438,1.6630640800972456,23.78362533433751,515,-0.1314110221860198,0.945127636516343,-3.155331153859391,-0.13904050321752226,-0.27169934573389387,8.381306083165926,,False,5.1011884232922085e-14,8.224892673658588e-14
XAUUSD,02:30,60,day,follow,395,-0.08919645434578534,1.0242955089340575,-1.730696320362892,-0.08708078241855072,-2.507312286927054,30.371878515501464,204,-0.03386374853322921,1.1792492511630002,-0.4101516897021153,-0.02871636212601541,-0.11775164214029332,7.705545994328499,,False,5.806917106053346e-10,7.848120368435e-10
XAUUSD,02:30,60,day,fade,395,-0.0812672623531617,1.0245859273277527,-1.5763976951031458,-0.07931717602750685,2.4342373824289734,29.855388967166554,204,-0.11927115809661437,1.1806378763009604,-1.4428919421169983,-0.10102264249754643,0.11099045199551946,7.6860535359731825,,False,5.711423856242895e-07,6.980410018290481e-07
XAUUSD,02:30,60,recent,follow,374,-0.054834479759173056,1.046467779722703,-1.013359789717587,-0.052399587279890546,-2.6281760366640876,29.49107471320149,222,-0.04400011313368072,1.037460597966566,-0.631915006383755,-0.0424113582915066,0.8430699393896104,7.617267946643776,,False,2.1351525392344734e-07,2.713491275285276e-07
XAUUSD,02:30,60,recent,fade,374,-0.11395557343050303,1.0490805096906306,-2.1006928312380317,-0.10862424034939705,2.547595411884372,28.81094567821998,222,-0.10421896013875406,1.0423500353626756,-1.4897371134332045,-0.0999846084357757,-0.8413958171842972,7.5501362758749835,,False,2.7916649461340127e-07,3.380624375485141e-07
XAUUSD,02:30,120,none,follow,920,-0.08251029923359723,0.8039547224422485,-3.112938101982399,-0.10263052996684685,-0.8007762997130352,12.386035839284181,515,0.003909782201246976,0.8814288705972585,0.10066277726263251,0.004435731948055772,0.7202535891633634,9.333959003265726,,False,1.4866101607410976e-20,2.836630084461953e-20
XAUUSD,02:30,120,none,fade,920,-0.029397687679155383,0.8032484416288147,-1.1100874522066049,-0.03659849948733571,0.7680092779881063,12.206406785319459,515,-0.10253293939543202,0.8817450192401953,-2.638906526534749,-0.11628411520122363,-0.7398452382710341,9.326934982806726,,False,3.306707621700273e-12,5.2628827733966896e-12
XAUUSD,02:30,120,day,follow,395,-0.06248356583438642,0.9041928812904084,-1.373419693144652,-0.06910424437893574,-1.5648114674422506,15.933940520215195,204,-0.06726426000607573,1.080736063052979,-0.8889550650790842,-0.062239303661303244,-0.6496377041586054,9.431805615360297,,False,2.3229031430215577e-08,3.0154207117077526e-08
XAUUSD,02:30,120,day,fade,395,-0.05510738671361407,0.904966591684405,-1.2102520237478576,-0.060894387947563085,1.5243065435524408,15.598037912697153,204,-0.03780300842263884,1.0808158293378796,-0.49956240777721234,-0.034976364516975486,0.6418882134119644,9.500767556598923,,False,7.932301322286163e-07,9.781742943727757e-07
XAUUSD,02:30,120,recent,follow,342,0.024114154272957638,0.9230539348843321,0.48312333002058494,0.026124317725788562,1.5664106969029796,16.0235703963523,219,0.004284009784256375,1.0668453669454505,0.059425252529124784,0.00401558643547582,-0.6345575782673372,8.589353506090175,,False,0.0008132459501531183,0.0009384147329308488
XAUUSD,02:30,120,recent,fade,342,-0.14163187414852255,0.9276255953801527,-2.8235880271611977,-0.15268215415129854,-1.5804655128723784,16.073660952873908,219,-0.10578539032158499,1.0691316479434694,-1.4642544910288915,-0.09894514910775368,0.6135450904495287,8.617854137214655,,False,1.862908274334392e-12,2.5567537191901573e-12
XAUUSD,02:30,240,none,follow,920,-0.04391609658942071,0.7897340280816634,-1.6866959182975918,-0.05560871765409039,0.21798447236014026,6.230815914771399,515,0.05413913244310306,0.8627487191131993,1.4240675273317878,0.06275191286143143,-0.12296646054119248,7.994515876281016,,False,3.436346275185846e-14,5.71957501104611e-14
XAUUSD,02:30,240,none,fade,920,-0.03743684262192235,0.7902096397665552,-1.4369802661706903,-0.04737583640840169,-0.23724960070155263,6.222066106219088,515,-0.12800655733318103,0.8632384919263564,-3.3651547058261895,-0.1482864336222178,0.11867670313320572,7.977766332676895,,False,1.1377424465119415e-13,1.885399805236419e-13
XAUUSD,02:30,240,day,follow,395,-0.0753654604874213,0.8469208975618115,-1.7685936271247702,-0.08898760286160119,-0.4846644044378431,7.094484173982557,204,-0.07166819267801074,0.9949495146801876,-1.0288225906166657,-0.07203198918193096,-1.5039401936964851,8.883636468882429,,False,6.146033594659348e-09,7.99476492694965e-09
XAUUSD,02:30,240,day,fade,395,-0.009645709197708704,0.8468470415255089,-0.22637462176082185,-0.011390143349066838,0.47327462440395063,7.018401814712852,204,-0.007434099656174164,0.9965883298154005,-0.10654367312339844,-0.007459549177694258,1.5072821068546571,8.954365875148746,,False,2.507913284941208e-05,3.027150337217063e-05
XAUUSD,02:30,240,recent,follow,408,0.01628995258095253,0.8840593659500358,0.3721932324312083,0.018426310730215358,0.12455389261086848,5.265148200900739,211,-0.10352262823003854,1.012077027493404,-1.485808880621794,-0.1022873016754777,-1.315954404249165,8.079438278991763,,False,0.00020417425936342543,0.00024193310230242237
XAUUSD,02:30,240,recent,fade,408,-0.10083064405631188,0.8841333184415278,-2.3035883081071753,-0.1140446151651057,-0.13218694735661587,5.272046668329021,211,0.02488784532960528,1.0152252816870997,0.3560951859543256,0.024514603584582427,1.3148016410874277,8.11576899891435,,False,2.6936159653795893e-10,3.5845852204097804e-10
XAUUSD,03:00,60,none,follow,920,-0.10757921589056278,0.8197781566521594,-3.9803929287323254,-0.13122966868243818,0.02447618473732619,6.770729813139471,515,-0.02218980728764694,0.9361520129976858,-0.5379114261679647,-0.023703209499696707,1.0656356828799414,10.105356556289056,,False,1.3966728919703197e-22,2.682636007810434e-22
XAUUSD,03:00,60,none,fade,920,-0.04871116436603504,0.8176511810326039,-1.806984203977502,-0.059574504991869726,-0.06080131409210067,6.6970451288591875,515,-0.11286830343148105,0.9356508670894186,-2.7375482795865578,-0.12063079018201178,-1.0853603613966143,10.164542539831535,,False,8.919724452299604e-15,1.5076250589560824e-14
XAUUSD,03:00,60,day,follow,402,-0.10227173166081584,0.9038848394552922,-2.268587495042002,-0.11314686030407127,-0.032009168851093006,6.997956269823716,198,-0.06182957579394014,1.1057353244387933,-0.7868241440354211,-0.05591715705141393,-1.0210488604625918,11.144256602054798,,False,5.55548916809013e-10,7.323721496529882e-10
XAUUSD,03:00,60,day,fade,402,-0.06075321257399021,0.904054615537772,-1.347372275480577,-0.06720082120022305,-0.015271709708816302,6.902159334051148,198,-0.08063093432415304,1.1073310093055757,-1.0246058366607083,-0.07281556611940086,1.0233384644584231,11.22615370883354,,False,9.693719680917315e-08,1.231302773667998e-07
XAUUSD,03:00,60,recent,follow,421,-0.05450405369401548,0.8303166507595456,-1.3468713178730376,-0.06564249150508666,0.6444309751579224,7.156799931580299,237,0.07186940398998287,0.9857921198554369,1.1223617927315237,0.07290523279950978,0.9551016632220795,6.8310147068384754,,False,1.0816978889722385e-07,1.373444580886661e-07
XAUUSD,03:00,60,recent,fade,421,-0.10648900610804743,0.8306471144552328,-2.630445213710975,-0.12820005542050986,-0.699738294577235,7.389686008337054,237,-0.20979158315661048,0.9910392405167442,-3.258902612823777,-0.21168847264536336,-0.9723125203036848,6.902149576683761,,False,4.820523443988467e-12,6.68987349343755e-12
XAUUSD,03:00,120,none,follow,920,-0.05801120188758164,0.7888251775420241,-2.230617027940008,-0.0735412655923893,0.3372891601630595,4.884690587782485,515,0.022059608240498674,0.8858006710528443,0.565152177228859,0.024903580411921658,0.19939736172299255,11.379297435775788,,False,7.604467079443469e-16,1.3022000005116186e-15
XAUUSD,03:00,120,none,fade,920,-0.0526305710693777,0.7886598979915294,-2.02414787912891,-0.06673417933815494,-0.3599735328999247,4.874776148396921,515,-0.11857767488075835,0.8855345159442954,-3.038792537451188,-0.13390519821162733,-0.21020309826538797,11.276150402737896,,False,8.145391411083128e-16,1.4128765654646109e-15
XAUUSD,03:00,120,day,follow,402,-0.10657203259077504,0.8673572040333039,-2.4635324401029384,-0.12286983044033493,-0.24763435675326345,5.100962381537789,198,-0.0897085452555787,1.033412815214949,-1.2214974546355313,-0.08680804411828334,-1.379132019099685,11.590560968141444,,False,8.715396324093654e-11,1.168635671089147e-10
XAUUSD,03:00,120,day,fade,402,-0.009027508712427395,0.8666085911227805,-0.20886128838917348,-0.010417054255983464,0.22923210905504685,5.114946964666843,198,-0.012559254905247855,1.034990549569379,-0.17074975369695033,-0.012134656601911285,1.3833597450151986,11.696987483032128,,False,2.275337940352378e-05,2.754435828271099e-05
XAUUSD,03:00,120,recent,follow,391,-0.04142567589557933,0.8091182047068753,-1.0123857162538865,-0.05119854633673319,0.14019628541275103,4.778368936136977,229,0.009343663006633302,1.058003026750086,0.13364354822316893,0.008831414249668679,-0.5206875792283794,11.597288314934616,,False,7.603251480827876e-07,9.460854376675698e-07
XAUUSD,03:00,120,recent,fade,391,-0.07142262259154973,0.809126851185616,-1.7454505853520963,-0.0882712302612303,-0.1700136499650546,4.844625670289388,229,-0.10762919923100321,1.0616120569924954,-1.5342001045317746,-0.10138279658947397,0.5167581949213241,11.616435340303436,,False,1.169728621397742e-08,1.5076229805051446e-08
XAUUSD,03:00,240,none,follow,920,-0.034861567872881895,0.7814523815675185,-1.3531262208665868,-0.04461125040396311,0.8196175727005698,8.097071534189263,515,0.02327623213234459,0.8763616366448672,0.6027440563506095,0.026560076524409688,-1.2388202058179298,17.866073214053817,,False,7.380611200307177e-13,1.1887537197585235e-12
XAUUSD,03:00,240,none,fade,920,-0.046560677256174444,0.7822557551272912,-1.8053625756543168,-0.059521041489299036,-0.8349820984334804,8.063259272008553,515,-0.09679965432110853,0.8776296837096271,-2.503030359000238,-0.11029669588196803,1.2371235922384343,17.92490681717718,,False,2.2277388194245098e-15,3.8572781551814536e-15
XAUUSD,03:00,240,day,follow,402,-0.0826937275288656,0.842302897826331,-1.968417876461225,-0.09817576045656165,0.5548038793751483,10.429675484700601,198,-0.04051878585540005,1.0490963623575364,-0.5434675742788704,-0.0386225587174337,-2.5933340973317334,20.225629250154743,,False,9.173549616970853e-09,1.1764716896884254e-08
XAUUSD,03:00,240,day,fade,402,-0.001848755978521259,0.8417921182697533,-0.04403396195519241,-0.002196214407805637,-0.5650501241314562,10.369122999999549,198,-0.037820975042999604,1.0499598524420752,-0.5068653729406115,-0.036021353535597336,2.6140443916110856,20.432047522302533,,False,4.418959820214542e-05,5.315588034975963e-05
XAUUSD,03:00,240,recent,follow,387,0.01505793681838945,0.7979093581248082,0.37125079678775025,0.01887173858165742,-0.031997893777346666,4.1824097930415665,241,0.0028220501637528407,0.877503087764353,0.04992574995413938,0.0032160002660989854,-0.39615971968527214,6.487852419760378,,False,0.00030331527644174994,0.0003561805750123565
XAUUSD,03:00,240,recent,fade,387,-0.09886144257894243,0.7978292413401585,-2.437656324978558,-0.12391303484048707,0.015141382346801848,4.155095087079306,241,-0.07827830905389717,0.8778621133292559,-1.3842790641367506,-0.08916925319516286,0.40117111044258674,6.561050305658876,,False,2.9651507013481435e-10,3.906004643132292e-10
XAUUSD,03:30,60,none,follow,921,-0.09489921747280139,0.7333115665182818,-3.92738892612255,-0.12941186503218138,0.015227517718512024,4.922016818420448,515,-0.05312808884602552,0.7804899970699886,-1.5447580483101737,-0.06807017264215032,0.03876256195255926,4.8078802267730065,,False,1.443652038175224e-22,2.781787959130121e-22
XAUUSD,03:30,60,none,fade,921,-0.062170074016658826,0.7327092794347385,-2.5750134854315423,-0.08484957917364036,-0.045178608752293056,4.936521381986927,515,-0.08276014304737815,0.778132235829503,-2.4136341385317355,-0.10635742774382602,-0.05323665243479043,4.806590183944361,,False,1.7594050576374128e-17,3.1282530294139855e-17
XAUUSD,03:30,60,day,follow,424,-0.12499676847352878,0.7592788276302535,-3.3898495524722554,-0.16462564729172002,-0.030694458437828826,3.8385748076754656,212,-0.1116036030985061,0.8457220975627427,-1.9214030162821778,-0.13196250094461603,-0.3416620782858327,5.6472599787496875,,False,1.305155085347448e-13,1.830984454456861e-13
XAUUSD,03:30,60,day,fade,424,-0.038016901024684226,0.7602800024966857,-1.029641581447132,-0.050003815567738745,0.017180903550888495,3.8844924856351404,212,-0.033848701339904155,0.8453276449118418,-0.5830219012644217,-0.04004210857605893,0.3572907506616981,5.672676612545403,,False,2.856138882479697e-07,3.6196665906022225e-07
XAUUSD,03:30,60,recent,follow,411,-0.0950350746417767,0.7319312852692603,-2.6322947663651868,-0.1298415255016945,0.2900978034057266,4.525671561889,276,-0.05258700995142521,0.8506714489554085,-1.027001699136412,-0.06181823783553571,0.25971406956768245,4.676718358316878,,False,8.79927291628242e-11,1.1723163024142074e-10
XAUUSD,03:30,60,recent,fade,411,-0.06784885669931974,0.7304218948739197,-1.8831705847660385,-0.09288995466247808,-0.28605354075060696,4.505661593894408,276,-0.08589400247309369,0.851792581523256,-1.675265049499763,-0.10083910606440116,-0.26431158053033077,4.646098159316563,,False,2.398117616359738e-09,3.1529277823273908e-09
XAUUSD,03:30,120,none,follow,921,-0.05263660599208775,0.766052516552621,-2.0852548966598716,-0.06871148498925672,0.6258311950866431,6.035102883935479,515,-0.0009700901114882599,0.8483003699866406,-0.025951713363266588,-0.0011435691245820596,-0.17406314800616735,7.80472010883352,,False,4.102588701252511e-15,6.897973784431891e-15
XAUUSD,03:30,120,none,fade,921,-0.05964196127426281,0.7678279123655704,-2.3573161730296097,-0.07767620884022602,-0.6544162615977691,6.051284314965698,515,-0.10041903528855659,0.8485403451290101,-2.685636081631415,-0.11834326542633528,0.17218051543266827,7.76989634024663,,False,2.0907360323105342e-17,3.7636396173281307e-17
XAUUSD,03:30,120,day,follow,424,-0.09015671681577041,0.785229846106203,-2.364200025416081,-0.11481570302356621,0.04086149784638846,6.415985027669535,212,-0.11447903718574981,0.9286718007745911,-1.7948643859674567,-0.12327179213395364,-1.2967103004116796,9.535517146550232,,False,1.8045146889676442e-10,2.4132830976896835e-10
XAUUSD,03:30,120,day,fade,424,-0.02631484372457941,0.7850776113976968,-0.6901939229264263,-0.033518779981166855,-0.06224402110901253,6.407354232086466,212,0.005499683794012897,0.9303319188132372,0.08607315640160622,0.0059115286520841715,1.3171999940122066,9.662854882378857,,False,1.508718352182985e-06,1.8848956284343324e-06
XAUUSD,03:30,120,recent,follow,419,-0.03313933740877539,0.7688573001561789,-0.882277268710202,-0.04310206510628664,0.49673230595142176,5.009117755508661,256,0.010463707868493414,0.9594093771218357,0.1745024906866571,0.010906405667916069,0.8811542506932071,8.24911707965241,,False,8.710549489507783e-07,1.0892860121252374e-06
XAUUSD,03:30,120,recent,fade,419,-0.08163208301056837,0.7659031371641074,-2.1816950266793995,-0.10658277665871128,-0.5214551874086818,5.022674184319842,256,-0.11573364932048466,0.9591375226405944,-1.9306286589953727,-0.1206642911872108,-0.8679327234005517,8.095821218932574,,False,1.7536367120254774e-10,2.3649353560436634e-10
XAUUSD,03:30,240,none,follow,921,-0.03473282748794781,0.7500893612262362,-1.405260854686979,-0.046304919498080924,0.4267274257735911,5.609968933224716,515,0.0009168686497455618,0.8366423445250021,0.024869720031711024,0.0010958908017811454,-1.3059945429009423,12.629184491348823,,False,3.169711483865686e-13,5.167107655971015e-13
XAUUSD,03:30,240,none,fade,921,-0.048664827406963006,0.7510166138054313,-1.9665068253256477,-0.06479860300343607,-0.45013523580654896,5.592726447984563,515,-0.07655477760230654,0.8375724003309739,-2.0742139733542833,-0.09140078824475982,1.307069387384831,12.697517691051276,,False,1.0907307463607596e-15,1.890355693566636e-15
XAUUSD,03:30,240,day,follow,424,-0.042367874057326886,0.7693127311481274,-1.1340094697332312,-0.05507236828655727,0.22464270543132106,5.948532237182003,212,-0.10980341823426287,0.9499863692091195,-1.6829314122255474,-0.11558420393513243,-2.1993528221112664,15.280778207860864,,False,1.9799175469420051e-07,2.513037445748438e-07
XAUUSD,03:30,240,day,fade,424,-0.04392898403695596,0.7693741114538571,-1.1757000018084067,-0.05709703950649577,-0.23815535587899492,5.911701498932382,212,0.02839212501492382,0.9522065409192643,0.43414486504007577,0.029817191748666146,2.2089728697542403,15.393860673668641,,False,1.1205520931121814e-07,1.4334942650804137e-07
XAUUSD,03:30,240,recent,follow,420,-0.008352911173339314,0.7836005884955791,-0.21845790011456753,-0.010659654032899491,0.27147046417096055,6.6006349656451695,244,-0.04443242464619873,0.9536496034352865,-0.7277900162546849,-0.04659198146378075,1.7141661164477882,14.21279815677116,,False,1.5103422890273561e-05,1.843559946538822e-05
XAUUSD,03:30,240,recent,fade,420,-0.0780742521637297,0.782856979299461,-2.0438548525855973,-0.09972990498672489,-0.2943608480335831,6.55829400880058,244,-0.03451248159547063,0.9530288876986163,-0.565672461087037,-0.036213468490773365,-1.7017241725102121,14.064041528358821,,False,7.302935442692323e-10,9.710009945308033e-10
XAUUSD,04:00,60,none,follow,921,-0.05597923842140352,0.8245827618320535,-2.060262460048461,-0.06788795620348545,0.5457170853442627,7.355572763092311,515,-0.007564658635730141,0.8555803968361206,-0.20064674735268065,-0.008841552078219354,-1.0880985216374919,11.30121934193825,,False,4.351068394263322e-15,7.3204824324553e-15
XAUUSD,04:00,60,none,fade,921,-0.1030618014734161,0.825181440830566,-3.790339338430421,-0.12489592757888714,-0.5859263146246814,7.334491666792289,515,-0.1319726001407578,0.857225570756417,-3.4937535812499427,-0.15395317713668408,1.063490303805498,11.224379496237988,,False,2.0982255986736396e-23,4.1911622380015986e-23
XAUUSD,04:00,60,day,follow,417,-0.16517093161144575,0.8668753159806359,-3.890854666698444,-0.19053597278242873,0.06400025524073476,8.72468245247321,221,-0.15198259042328757,0.8749833043714754,-2.582201998986851,-0.17369770333213483,-0.5009193512047238,4.417296668857339,,False,2.56887008890157e-14,3.588577827738719e-14
XAUUSD,04:00,60,day,fade,417,0.0020739226024091683,0.8668248098830077,0.04885727483608101,0.0023925510423370073,-0.10808363289808687,8.806959123464459,221,0.004028124700317874,0.8779021103090519,0.06821076975953118,0.004588352907478301,0.48959164704821506,4.446073145903838,,False,4.878826330493141e-05,5.881859047299064e-05
XAUUSD,04:00,60,recent,follow,400,-0.13793688047685898,0.9295184559336347,-2.9679212843237472,-0.14839606421618737,-0.4557036581955357,7.594428531207254,237,-0.1079585509272887,0.8709025895869127,-1.9083658561694543,-0.12396168322165135,0.3752507006634084,5.649089437227193,,False,1.9867121926088393e-12,2.7352297828821787e-12
XAUUSD,04:00,60,recent,fade,400,-0.026670752200327295,0.9292178047572427,-0.5740473775638641,-0.028702368878193208,0.42021913337317424,7.584000563342976,237,-0.032095301205767535,0.8702245612466687,-0.5677854930837088,-0.03688163105829645,-0.4016880070677277,5.634714328699284,,False,5.210376583906248e-06,6.386967970219996e-06
XAUUSD,04:00,120,none,follow,921,-0.020522402474080773,0.7897698116703917,-0.7886012959698796,-0.025985296184815102,0.16778468715223643,6.888631209789489,515,0.016810657711305084,0.8131848823654213,0.4691362842005019,0.02067261464872003,-0.5126861482153993,6.043445081155909,,False,1.585352690109503e-11,2.5012446364671833e-11
XAUUSD,04:00,120,none,fade,921,-0.09344670761290197,0.7910496776108872,-3.5850074441569335,-0.11813001162598018,-0.20680168566769533,6.883790715656875,515,-0.12281002991415539,0.815469682631721,-3.41766611150887,-0.15060036262515272,0.5016314484277845,6.062735362161106,,False,1.4052762929458799e-21,2.6849191959529142e-21
XAUUSD,04:00,120,day,follow,417,-0.10611913266508426,0.8000452755644809,-2.7086142207887556,-0.13264140906301924,0.07258498315027564,6.866084087258201,221,-0.10675659953177274,0.9452666257744176,-1.6789452886576628,-0.11293808182882953,-0.9180172090735998,6.074191448574862,,False,3.149895336302425e-11,4.244108843184639e-11
XAUUSD,04:00,120,day,fade,417,-0.010389345423557416,0.7996866952047582,-0.2652994458625931,-0.012991769759152045,-0.10690880561091437,6.933547980947964,221,-0.005800976090130325,0.9469868293279516,-0.09106537354762226,-0.006125719926059695,0.9274304681174925,6.1039025225775685,,False,1.2586388934235967e-05,1.5386379908691672e-05
XAUUSD,04:00,120,recent,follow,435,-0.05786363381048574,0.8202356910379057,-1.4713353496494075,-0.0705451304335057,0.028198145432101595,6.839646610466041,271,-0.12219373904191416,0.8589716086043695,-2.3418268988677253,-0.14225585318291342,-0.28763929034807345,4.749278379951928,,False,2.191314084028578e-08,2.8432810416835263e-08
XAUUSD,04:00,120,recent,fade,435,-0.05787094159861897,0.8179473563700815,-1.4756379782562166,-0.07075142568519431,-0.07909008646076664,6.840906240176635,271,0.013522646017613604,0.8570360940805077,0.2597450096736636,0.01577838566078329,0.28024735655462574,4.759171435935914,,False,1.903720348082048e-08,2.4753084563551246e-08
XAUUSD,04:00,240,none,follow,921,-0.04073223627581506,0.7488961495922473,-1.6506176007077962,-0.054389699156542085,0.2870084478086736,5.0725170573149185,515,0.0021803826355041435,0.8949457603221053,0.05528911192755661,0.002436329364496223,-2.422987662384061,24.785341160822085,,False,4.714051976760991e-14,7.822081542472416e-14
XAUUSD,04:00,240,none,fade,921,-0.04321492474459303,0.750007991829209,-1.7486290338233261,-0.05761928568147029,-0.3086482868803757,5.059415083803185,515,-0.07910258759448162,0.896734991550835,-2.001843803744723,-0.08821177754832529,2.4204044042559016,24.822735952548893,,False,8.52237844650798e-15,1.4474882600678558e-14
XAUUSD,04:00,240,day,follow,417,-0.07080590706509317,0.7477963524449034,-1.933544518112437,-0.09468608242550909,0.1765693023477791,5.358345731323867,221,-0.09166926461106444,0.9141100194935573,-1.490806971440072,-0.1002825290787774,-1.400112066422446,10.335445338499149,,False,3.300591617314274e-09,4.311324814532729e-09
XAUUSD,04:00,240,day,fade,417,-0.014828560763714112,0.7476395719459596,-0.40501839514663457,-0.019833836142619188,-0.19404197713378957,5.351535984538223,221,0.00998975711558329,0.9159916547020218,0.16212856884333315,0.01090594773904684,1.3979049221856354,10.333414369972248,,False,6.567112845322804e-06,8.080782369057405e-06
XAUUSD,04:00,240,recent,follow,413,-0.08269404108782219,0.7974276431372425,-2.1074532762420772,-0.10370099632173149,0.038379123886158606,4.954393862465436,257,-0.14097915411042788,0.985525870860025,-2.293260722218017,-0.14304967355895143,2.83286781854816,28.27445898317381,,False,1.0611407788115107e-09,1.397903753378231e-09
XAUUSD,04:00,240,recent,fade,413,-0.0033538829945157244,0.7966773149904556,-0.08555403209183525,-0.004209838703083826,-0.06072339733782036,4.8987746387508295,257,0.062353728908215215,0.9859643176906275,1.0138362002023362,0.06324136461070222,-2.810584794831562,27.931265638960973,,False,3.000430261660824e-05,3.6323926268074073e-05
XAUUSD,04:30,60,none,follow,921,-0.06363681927987849,0.7998265009395029,-2.4145849527945273,-0.07956327929260729,0.8101710370045457,9.480737832690421,515,-0.017667224636169956,0.8762452035054145,-0.4575581463255537,-0.02016242093593473,-0.8685111508022378,10.46400493391258,,False,7.528374830120606e-16,1.2742310138215903e-15
XAUUSD,04:30,60,none,fade,921,-0.09988928227006134,0.8032485656876277,-3.773972654217295,-0.12435662699820732,-0.863269252041643,9.549640922959922,515,-0.13682570654397108,0.8798388509047547,-3.5291342449216376,-0.15551223545456155,0.8614200193668237,10.426382537568882,,False,6.2687383220909176e-24,1.2748155654800076e-23
XAUUSD,04:30,60,day,follow,424,-0.12898461663320965,0.8774514183550025,-3.0268978520136107,-0.1469991545230195,0.6051104092993654,10.186879520522135,213,-0.08800824775373808,0.9416693630552537,-1.364001145302505,-0.09345981849530989,-1.5334605392491796,13.068558745984008,,False,2.649254416149248e-11,3.5329115899357306e-11
XAUUSD,04:30,60,day,fade,424,-0.03937304727047618,0.876198615608489,-0.9252932497249042,-0.04493621259962045,-0.6834670543633463,10.383615239101587,213,-0.07844037567032001,0.9457658226215447,-1.2104472020891404,-0.08293847567138035,1.5473480981020278,13.10656176546924,,False,3.381050419510642e-07,4.293370731141219e-07
XAUUSD,04:30,60,recent,follow,389,-0.05424330320805612,0.878232718894303,-1.218179582917387,-0.06176415663077158,0.8461660942370549,7.839749555928951,234,-0.041583955481793354,0.917720276149375,-0.6931438891501353,-0.04531223354492479,0.8294973341750647,6.02361065034091,,False,5.150138964503027e-07,6.392621672301319e-07
XAUUSD,04:30,60,recent,fade,389,-0.11250859512249073,0.8791595411533218,-2.5240200979627265,-0.12797289895176112,-0.9060305838199264,7.945379129005958,234,-0.11577419232366787,0.9201994481917621,-1.9245877629752899,-0.12581423793631907,-0.8003329809948969,5.860309219388932,,False,1.699129017710253e-11,2.3186006008066763e-11
XAUUSD,04:30,120,none,follow,921,-0.03968990307992493,0.7652946396004372,-1.5739146655702148,-0.051862251512237376,0.2172918627012851,7.509143723250093,515,0.023072547442968515,0.8307501268700822,0.6302730623442245,0.027773149466610605,-0.7115453976243284,8.121376574075022,,False,7.708314072763303e-14,1.274492824617803e-13
XAUUSD,04:30,120,none,fade,921,-0.0803336491782881,0.7666226057337944,-3.1801359702135774,-0.10478904297557791,-0.2586679881626068,7.475491164186852,515,-0.13613976194993457,0.8320064626194545,-3.713315938592645,-0.16362825058031136,0.7189068553816826,8.188156319267417,,False,5.002531016504171e-20,9.332509632446818e-20
XAUUSD,04:30,120,day,follow,424,-0.08708039346661348,0.7801021352726456,-2.298538827484506,-0.11162691336074716,0.26501772138541907,5.011017441680949,213,-0.07150139920751182,0.8930470960707838,-1.1685033980676771,-0.08006453357510783,-1.3440198134693508,10.836541203024,,False,3.954032757175392e-10,5.245037826596633e-10
XAUUSD,04:30,120,day,fade,424,-0.036266396818044826,0.7797124306753472,-0.9577515850592504,-0.04651252871091553,-0.3029249224293906,5.03948691706678,213,-0.05015631741040006,0.8963279477388988,-0.8166735794752322,-0.055957551627086655,1.3759927069124183,10.958059202415123,,False,3.4316943749207653e-07,4.349719940917064e-07
XAUUSD,04:30,120,recent,follow,438,-0.04027931813063224,0.8398286247858958,-1.0037567808250363,-0.047961354188065415,0.573963961999188,6.735664252950258,256,-0.03670212255783672,0.926485925472431,-0.6338293381261533,-0.03961433363288458,0.9871688507160548,8.707610782179207,,False,3.33370416994668e-07,4.221709778326986e-07
XAUUSD,04:30,120,recent,fade,438,-0.08241489742128762,0.8386777956341341,-2.056589587458305,-0.0982676515943441,-0.6181470078197684,6.842996655920932,256,-0.07767561910694429,0.927499903739083,-1.3399569107240858,-0.08374730692025537,-0.9696107980788765,8.496459455710287,,False,2.1073644800021432e-10,2.85836903054528e-10
XAUUSD,04:30,240,none,follow,921,-0.05331340958967056,0.7638133007797198,-2.1182589814256647,-0.06979900655729207,-0.3595398334903531,6.271033639424132,515,-0.02274740533244977,0.9165871727115803,-0.5631987803850299,-0.02481750346249677,-2.4038332311110286,21.684990022621097,,False,3.7922111633047384e-16,6.619717429226269e-16
XAUUSD,04:30,240,none,fade,921,-0.029305706464617658,0.7641029683987439,-1.163938740625633,-0.03835308548274687,0.3325975315305424,6.197414594486608,515,-0.05204618613251703,0.9178195259272889,-1.2868716468135994,-0.056706340039926556,2.4044520487698673,21.74644019398037,,False,1.4728316298987896e-12,2.3717426721158644e-12
XAUUSD,04:30,240,day,follow,424,-0.024702904113388224,0.8016264166879163,-0.6345398775916995,-0.030815980610336333,0.14691079299683343,4.206950215097375,213,-0.14279669785964108,1.0892330670488615,-1.9133179640371696,-0.1310983867268468,-3.256220369085534,23.23343361856452,,False,2.1067168643210503e-06,2.6222970399982853e-06
XAUUSD,04:30,240,day,fade,424,-0.06015021238880858,0.8017792206461517,-1.544775229165724,-0.07502091703041852,-0.16509624636410986,4.180512601346914,213,0.06297559639587573,1.0917678197754717,0.8418443502299318,0.057682224420964365,3.259712689849238,23.2672167053237,,False,1.4794780412370336e-08,1.923494549182003e-08
XAUUSD,04:30,240,recent,follow,420,0.00392349793447653,0.8234356989780494,0.09764913086673671,0.004764789696810461,0.7323825622045557,6.847851564781749,265,-0.060401375032330326,1.0800269062458123,-0.9104061595343741,-0.055925805813751714,2.6360250374970087,21.446682524708486,,False,5.4590515443187445e-05,6.58024624024593e-05
XAUUSD,04:30,240,recent,fade,420,-0.08936083928692946,0.825179923504969,-2.2193368851938153,-0.10829255140790074,-0.7597392606408324,6.877613033088464,265,-0.015028505461781189,1.0806596432799382,-0.22638612051552887,-0.013906788835167177,-2.618194129783705,21.24003694411742,,False,8.403642396031462e-11,1.1434573943792282e-10
XAUUSD,05:00,60,none,follow,921,-0.05930077406756802,0.7450600895652636,-2.4154545894816244,-0.07959193479571498,-0.19130323927973514,11.107484644670347,515,-0.04774798809926614,0.8919482203933279,-1.214839902129177,-0.05353224212747509,-0.05899203975118676,8.001570176158591,,False,6.215882617166299e-17,1.0950211355220727e-16
XAUUSD,05:00,60,none,fade,921,-0.10793536925119454,0.7462741674172705,-4.389299222474488,-0.14463232678244875,0.12767077972446325,11.051062197515623,515,-0.11593622138676014,0.8945144352816791,-2.941273450394229,-0.1296079938053233,0.0619885067908538,7.926411339815056,,False,1.901592567475677e-23,3.653197798280124e-23
XAUUSD,05:00,60,day,follow,413,-0.10309992880905473,0.7616442367708932,-2.7509407145838396,-0.1353649431474235,0.0426354667229898,6.460615645145813,217,-0.2042557430378924,1.0538222217111877,-2.8552016841063677,-0.19382371981701396,-0.741801415881859,7.166912878809547,,False,2.448573099311471e-11,3.302053588739452e-11
XAUUSD,05:00,60,day,fade,413,-0.06872709236406528,0.76282836205668,-1.8309486508511086,-0.09009509318553456,-0.08068261756631928,6.285516333840339,217,0.030736411272122087,1.0525104041959505,0.4301863520875742,0.02920295243599298,0.7589203781150436,7.237100824108347,,False,4.578236287785554e-09,5.9760963179706396e-09
XAUUSD,05:00,60,recent,follow,406,-0.09692139137357922,0.6949459458775236,-2.810163775432338,-0.13946608646114833,0.21427250851998053,4.562552843794878,232,-0.15247325930397365,1.0085386574462116,-2.3027411770431754,-0.15118236487836909,-0.07814139705636869,6.951301925582446,,False,2.929545723245757e-11,3.926965338155052e-11
XAUUSD,05:00,60,recent,fade,406,-0.07395515289291991,0.696836896458917,-2.138455996941282,-0.10612978914970535,-0.2486157921642368,4.547667531602021,232,-0.016614332278460195,1.0087661410032591,-0.25086287058037765,-0.016469954336429813,0.08129142277924412,6.867837726552706,,False,6.038822247605038e-10,8.00271584146725e-10
XAUUSD,05:00,120,none,follow,921,-0.051560287871108376,0.7540588235029587,-2.0751042620423803,-0.06837701020669254,0.40586419299016263,9.668448363037157,515,-0.04356972114478325,0.9749783926684372,-1.014129471444613,-0.04468788382636505,-3.3670055782241493,43.004555503259425,,False,3.2032406441857708e-15,5.411748625902212e-15
XAUUSD,05:00,120,none,fade,921,-0.07027099244974845,0.7557343475894847,-2.8218683026742535,-0.09298372195717601,-0.4306102000659945,9.582027973948374,515,-0.07128892088371475,0.9782345513463373,-1.6537987418123763,-0.07287507968881318,3.356388648088971,42.95673815319152,,False,7.94343493289523e-19,1.457151661931504e-18
XAUUSD,05:00,120,day,follow,413,-0.07762613199480962,0.7787426237601974,-2.025764826464295,-0.09968137048924841,1.070575514121381,9.890536607547647,217,-0.1591288935947905,1.2112370579322695,-1.9353065232166047,-0.13137716729575882,-4.120888402523507,39.92288113664685,,False,1.0692273193016735e-08,1.3664043196220588e-08
XAUUSD,05:00,120,day,fade,413,-0.04739785255216934,0.7797111107935324,-1.2353783001018814,-0.06078899209725421,-1.0667784166697678,9.742588251544491,217,0.03727302455870693,1.2107374456814681,0.45349711431786577,0.03078539008738403,4.162885606703132,40.54583514318229,,False,5.36900867849585e-08,6.92988940404862e-08
XAUUSD,05:00,120,recent,follow,419,-0.02492694670183219,0.7739537205348286,-0.659266646059643,-0.03220728325281105,1.5824647961011309,11.83694896943938,257,-0.08346878835964623,1.1191894561524842,-1.195603178472057,-0.07457967719477336,4.242465119772683,48.570523496286036,,False,3.4858882930620453e-06,4.2920901352318925e-06
XAUUSD,05:00,120,recent,fade,419,-0.10000346525466101,0.7774479565121761,-2.6329992430916853,-0.1286304303934392,-1.5759321359432052,11.713598093173426,257,-0.0329446790871766,1.1171319480553323,-0.4727672358692562,-0.02949040992384619,-4.239477051238624,48.3602941978585,,False,3.5320707785239703e-13,5.076409989150775e-13
XAUUSD,05:00,240,none,follow,921,-0.07584524262218532,0.7635069718337611,-3.0147073025668987,-0.09933798304424542,-0.5159605023771439,5.990436262039975,515,-0.03370068661592237,1.0254097421616077,-0.7458387176719091,-0.03286558068473182,-3.0440156814253387,30.04872805110488,,False,6.569983753956246e-20,1.2348595860095335e-19
XAUUSD,05:00,240,none,fade,921,-0.0028635986929878504,0.76341655030575,-0.11383620254755561,-0.003751030406454999,0.4943209436133619,5.936386663671347,515,-0.03658252711724935,1.0265098763514113,-0.8087497985796457,-0.0356377741315816,3.0400077413998896,30.098000617085585,,False,1.1421849193151311e-09,1.7261502900898305e-09
XAUUSD,05:00,240,day,follow,413,-0.01051881275458959,0.8248150918327742,-0.2591702522334967,-0.01275293439553384,0.025710521939345594,4.7265960106169835,217,-0.17422996185741751,1.0712386361863315,-2.3958878247076596,-0.16264346334415808,-2.882904530312382,24.07903918269243,,False,1.4277044764892413e-05,1.7411980075078914e-05
XAUUSD,05:00,240,day,fade,413,-0.07012277456585778,0.8253343053773884,-1.7266496315872932,-0.08496287396389487,-0.042953926010059075,4.747802208940144,217,0.10028921284179634,1.0718308348080616,1.378344706537514,0.09356813555355091,2.89458987002666,24.296698433545124,,False,8.373728010657635e-09,1.0881440277699672e-08
XAUUSD,05:00,240,recent,follow,437,0.05957156826402018,0.7686353780852877,1.6201655071315153,0.07750302674385894,0.6740198826231703,6.48867261373601,256,-0.09182289071904512,1.1106004300803947,-1.3228576288218898,-0.08267860180136812,1.6553301610709523,20.64114814274221,,False,0.006636081751490463,0.007576727752467772
XAUUSD,05:00,240,recent,fade,437,-0.14045543982319242,0.771136074141967,-3.8075732094093158,-0.18214092756518405,-0.6992122660358691,6.524925101586201,256,0.02013328478613495,1.1097716895185643,0.29026921448852705,0.01814182590553294,-1.6491415134334662,20.482142318180845,,False,1.3783394654712095e-16,2.0619809996269844e-16
XAUUSD,05:30,60,none,follow,921,-0.08034749550725778,0.7344631534164402,-3.319954610207735,-0.10939622380443746,0.697674895957262,7.99835501401615,515,-0.03195076522100769,0.8574668566679879,-0.8456049879528171,-0.037261807815131755,-1.1545300012963546,14.467531837489176,,False,8.96771619587836e-19,1.5892269855873272e-18
XAUUSD,05:30,60,none,fade,921,-0.10085072364278506,0.7331773227591398,-4.1744552534961334,-0.13755297731148744,-0.7504978161778055,8.060933182570377,515,-0.13486394587490616,0.8560404319669451,-3.575239988786905,-0.1575438972724991,1.1774231845269778,14.648508743444012,,False,1.1131892506969382e-25,2.3222725477807733e-25
XAUUSD,05:30,60,day,follow,410,-0.09993969038773536,0.7157353720789269,-2.8273361573278266,-0.13963218011351075,0.5757487561583571,4.797264536905321,234,-0.1347879652323733,1.0327644466499215,-1.996446916274341,-0.13051181774275647,-1.8466602944648058,13.575724378410603,,False,6.544917601425769e-11,8.680244252618793e-11
XAUUSD,05:30,60,day,fade,410,-0.0849634354964658,0.7186626766676852,-2.393860851896878,-0.11822436068396731,-0.6238734324328531,4.824186526297474,234,-0.042150356861904645,1.0333272308071333,-0.6239809202817759,-0.04079090882854306,1.8786894936235043,13.791305629835316,,False,3.9395145471530886e-11,5.364685893222417e-11
XAUUSD,05:30,60,recent,follow,368,-0.09511380167907951,0.7813743756844357,-2.335115061816993,-0.12172628721765505,1.3424459125844845,9.200095003008032,217,-0.06262081980619252,1.0213641854163398,-0.9031668541645936,-0.06131096106592609,1.3476074454949727,14.362431712506348,,False,1.634660538738361e-08,2.0416538323547056e-08
XAUUSD,05:30,60,recent,fade,368,-0.09105747602415097,0.785390885164839,-2.224096674400599,-0.1159390537172324,-1.3776095326838567,9.247040651737462,217,-0.10895106384078576,1.0191779077951677,-1.5747489992810146,-0.10690092770602179,-1.2948668870942548,14.158252191012116,,False,9.954885571649643e-11,1.3410955685862898e-10
XAUUSD,05:30,120,none,follow,921,-0.05639998013634092,0.7140384492694943,-2.397105608344766,-0.07898731531059931,0.30166753493965176,4.513664121744604,515,-0.05955850329557988,0.9326808182386054,-1.4491533492041269,-0.0638573262480704,-3.0906855567470237,34.195301499723634,,False,1.8918037428179806e-16,3.2776068369726825e-16
XAUUSD,05:30,120,none,fade,921,-0.06994381248731996,0.7140801031441766,-2.9725706399183887,-0.0979495328036019,-0.32972209621268217,4.53025107205167,515,-0.05532749949262686,0.9339379120861082,-1.3443942674911593,-0.05924108955920157,3.0998901442754203,34.45785442938229,,False,1.8400182591829727e-19,3.41528564945765e-19
XAUUSD,05:30,120,day,follow,410,-0.035150266780802325,0.7508606705634928,-0.947897105159573,-0.046813301267228935,0.17180517956588628,3.787271310621117,234,-0.1336861874599285,1.1609688566169982,-1.7614645078654678,-0.11515053715521963,-3.6145619148923434,29.56982994213858,,False,6.61789669932044e-07,8.288031441001905e-07
XAUUSD,05:30,120,day,fade,410,-0.09386233661215351,0.7526784816183465,-2.525072136385541,-0.12470442413916039,-0.1854708947959259,3.779736784093907,234,0.011603661522867284,1.163461378397409,0.15256362858144482,0.009973396400016783,3.6357327416638037,29.824677330105914,,False,4.755392260770753e-11,6.41869625139352e-11
XAUUSD,05:30,120,recent,follow,393,-0.05057114608567079,0.7442347961793319,-1.3470666988734539,-0.06795052629262592,0.668534567186893,5.118370244769541,229,-0.11227978337030595,0.832289143423907,-2.041479755606771,-0.13490477949574653,-0.14770095594523766,5.341679556402566,,False,2.2028973995933824e-07,2.7586891206261873e-07
XAUUSD,05:30,120,recent,fade,393,-0.07916325709621565,0.7458158744136888,-2.1042062527738454,-0.10614316456920225,-0.6880717280043784,5.155204540969836,229,-0.008534843372176167,0.8305974311644015,-0.15549725008987797,-0.010275547517900824,0.1355583337466988,5.468701527432333,,False,4.6030266623170826e-10,6.123964417609255e-10
XAUUSD,05:30,240,none,follow,921,-0.0643329648282381,0.7526673960096082,-2.593942100860332,-0.0854732982580487,-0.26992818941238433,3.896118394805127,514,-0.004868568733784515,0.9384543185518337,-0.11761689983560303,-0.0051878590545540865,-2.967893709226262,28.338678411884562,,False,6.901550744014457e-18,1.2437218366361467e-17
XAUUSD,05:30,240,none,fade,921,-0.008276104773638429,0.7518636336584827,-0.33405403040185777,-0.011007454547798577,0.2585413936969945,3.90326795782668,514,-0.06047545536488954,0.9385844716794421,-1.4607885021575797,-0.06443261868234267,2.9682601441573544,28.446067652694605,,False,2.955500175058133e-10,4.529924641015707e-10
XAUUSD,05:30,240,day,follow,410,0.050559798430372914,0.806642637905747,1.2691591576654497,0.06267930314425138,0.013863665129195315,3.8345458818083324,233,-0.0989129892757801,1.1373903873071431,-1.3274608881098386,-0.08696485426605724,-3.2992935534139702,26.929489686771163,,False,0.00411620864104698,0.00469845555457234
XAUUSD,05:30,240,day,fade,410,-0.1244092360555878,0.8071849987860992,-3.120839754252261,-0.1541272895837795,-0.026846477558714606,3.8536872445607533,233,0.03015024936122877,1.1386545109864534,0.40418193420042553,0.02647883890180932,3.298609533641783,26.97006242678667,,False,1.4246695536241733e-12,1.9593209387202173e-12
XAUUSD,05:30,240,recent,follow,428,0.07910110953020288,0.7467701979568042,2.191378931676566,0.10592429872888201,0.2539732239277728,3.3200282188259096,251,0.016204090587755158,0.9605195817973473,0.26727313024193283,0.01687013039071382,1.7561838991210115,15.992490686499112,,False,0.03380419492302355,0.03745753569954979
XAUUSD,05:30,240,recent,fade,428,-0.1531500807224986,0.7480094691752349,-4.235766573993639,-0.20474350530797947,-0.2712768089044556,3.328479435732989,251,-0.08400429375962752,0.9602364164812328,-1.3859902442715286,-0.0874829284932346,-1.7524222325246475,15.840043475512443,,False,3.143968348791108e-17,4.67289384189549e-17
XAUUSD,06:00,60,none,follow,921,-0.1046901634592842,0.7790185076929558,-4.078382150201572,-0.13438726092570194,0.6286239846368342,8.32956189042503,515,-0.1012884613065449,1.0331196589238811,-2.2249126361772396,-0.09804136474573436,-3.5961257132205966,51.10947981703876,,False,2.5634852571462815e-21,4.7054123269633944e-21
XAUUSD,06:00,60,none,fade,921,-0.07612950637869814,0.7805638362772758,-2.959882033324753,-0.09753142900109331,-0.6539721703538983,8.293114137974397,515,-0.061505779053297883,1.0367356164539883,-1.346329988803768,-0.059326387631660565,3.576747644936773,51.30934321310695,,False,7.932120780963996e-20,1.4924538798909099e-19
XAUUSD,06:00,60,day,follow,423,-0.11284191097871989,0.8212583257587457,-2.8259262957410614,-0.13740123836731552,0.7318870040117844,9.575242550651176,231,-0.09029254164153351,0.9346470459173823,-1.4682845549314463,-0.0966060311600395,0.3073135628841738,8.741929180999543,,False,9.898985891976625e-11,1.3082120928931685e-10
XAUUSD,06:00,60,day,fade,423,-0.07243831425397126,0.8215348233905262,-1.8134790451522866,-0.08817436850091608,-0.7451830953771972,9.515605975152035,231,-0.08524084274807887,0.9350701481319803,-1.385509577543882,-0.09115983749279906,-0.36772520780394585,9.148050693680132,,False,1.4853249279226118e-09,1.976288811937441e-09
XAUUSD,06:00,60,recent,follow,348,-0.15361230358284353,0.8155389810397063,-3.513750332102337,-0.18835678876686898,1.1496825186700095,11.468463374137624,248,-0.04203241132196482,1.2569298131319753,-0.5266221458908201,-0.033440539704623504,3.8961058926240044,46.956892106863805,,False,2.555858775452114e-10,3.2196868501798514e-10
XAUUSD,06:00,60,recent,fade,348,-0.03255214721990948,0.8138200245421502,-0.7461753384180124,-0.03999919667523923,-1.177145997950606,11.327097715276206,248,-0.12183133794410067,1.2507876090945875,-1.5339149625373336,-0.09740369752486691,-3.92010180111903,47.00045396971197,,False,4.385982652526413e-06,5.340696790617053e-06
XAUUSD,06:00,120,none,follow,921,-0.1018914602187831,0.7212504308790758,-4.2872767197458685,-0.141270571020104,0.13651129314507532,5.142320458986234,515,-0.0761036807875,1.0116877346226305,-1.7071150529184294,-0.07522447706246772,-3.8634667890535273,45.476288810932246,,False,1.1870752990373815e-23,2.309763662021032e-23
XAUUSD,06:00,120,none,fade,921,-0.024101594234811858,0.7220371305062485,-1.013015415067398,-0.033379992823794655,-0.15438156852752222,5.170458084002308,515,-0.03773879781882463,1.0132347311677579,-0.8452430492274526,-0.03724585888931234,3.8662969609038327,45.749590397281715,,False,2.7078807901924846e-12,4.3548659132101035e-12
XAUUSD,06:00,120,day,follow,423,-0.06232021643295903,0.7654986922213738,-1.674382527996728,-0.08141126440348863,0.20403343969420154,5.060033592676379,231,-0.10201512745411455,0.8966133496730578,-1.7292801870803252,-0.11377828301498463,-0.40551703634843966,6.284681640650784,,False,1.1897863605144856e-08,1.542766864337006e-08
XAUUSD,06:00,120,day,fade,423,-0.06659095743002973,0.7647670349917604,-1.7908379261739962,-0.08707351962515902,-0.21231785181108126,5.064867286045938,231,-0.020224680471998074,0.8986276745833176,-0.34206439362477836,-0.02250618475708085,0.3992532932646472,6.395684583505576,,False,3.431125980035572e-09,4.511612760521917e-09
XAUUSD,06:00,120,recent,follow,373,-0.08555797884242937,0.8121065083924026,-2.034707291673895,-0.1053531500588449,0.0835672898600973,5.564397269587864,236,-0.013010862406335814,1.1567100691902954,-0.17279754557421176,-0.011248162139232956,3.9583592421252654,44.41307322307795,,False,5.904968601707401e-09,7.576127145555174e-09
XAUUSD,06:00,120,recent,fade,373,-0.046049050636761256,0.8138920093212416,-1.092718541389726,-0.056578821403056416,-0.09557118763724648,5.583854128066389,236,-0.10202367757887017,1.1545732851848938,-1.357486349757973,-0.08836483477316215,-3.942368654437001,44.16415484040711,,False,6.936873931282896e-07,8.604855263573725e-07
XAUUSD,06:00,240,none,follow,921,-0.059560602002806065,0.818980943273355,-2.207064866501154,-0.07272525996117866,0.020943871594922614,6.797323546472901,514,-0.04865103929933206,0.9489936789595557,-1.1622789223408663,-0.0512659255567133,-2.9575567509994425,29.74442108256919,,False,4.602588720603693e-16,7.960036085002212e-16
XAUUSD,06:00,240,none,fade,921,-0.0015792616223747546,0.818697544417874,-0.05854103669591093,-0.0019289927435872198,-0.03314011251474386,6.792704442648221,514,-0.008921222302110442,0.9490070067352537,-0.21312603331677993,-0.009400586337924913,2.9591150468466116,29.774817770678254,,False,1.5456628182621444e-09,2.329209460930423e-09
XAUUSD,06:00,240,day,follow,423,0.04730904122592366,0.8436478841348932,1.1533287247688069,0.05607676154422653,-0.7157269619769513,7.4866880250840575,231,-0.03804376335935328,0.8276679736033556,-0.6986076080661466,-0.04596500598389112,0.5634612915262752,3.7817541834057207,,False,0.0028855738324289905,0.0033074224437686845
XAUUSD,06:00,240,day,fade,423,-0.10994595355411484,0.8428525276835926,-2.6828589493002233,-0.13044506594324246,0.7038185461587242,7.492665032644965,231,-0.022742039704584667,0.8281597880563631,-0.41737003349216173,-0.027460932096158335,-0.5627185781211946,3.7880635332702624,,False,1.5980908917556665e-10,2.1109902733769712e-10
XAUUSD,06:00,240,recent,follow,422,0.03851673393617594,0.8252099480300934,0.958829139884294,0.04667507223843032,-0.25147826333544937,7.915112307204259,267,-0.013946859598975837,0.9120574870170457,-0.249867543300397,-0.01529164531568083,0.9735717843875279,7.083127700880889,,False,0.001400675226238062,0.0016238505898171275
XAUUSD,06:00,240,recent,fade,422,-0.1005935781423588,0.8249756535945835,-2.5048709142668497,-0.12193520827439272,0.2431265437281345,7.917177570242716,267,-0.04459056070138807,0.9124576914809466,-0.7985200544240523,-0.04886863371058468,-0.9694486033367284,7.031034015910185,,False,1.4940170889674226e-10,1.9901888602487037e-10
XAUUSD,06:30,60,none,follow,921,-0.09240477372370312,0.7291716731578273,-3.845868531988807,-0.126725676716877,0.34775724869792,5.875958419850688,515,-0.12682482089679226,0.9249469814001012,-3.111652087877183,-0.13711577360338675,-2.1856749609137425,24.39319862976266,,False,2.3268917899556386e-21,4.3392162364786805e-21
XAUUSD,06:30,60,none,fade,921,-0.08601308233096004,0.7290453964425754,-3.580467651018921,-0.11798042035608002,-0.3736488338894267,5.8544395507206035,515,-0.0346328276229902,0.9303534662682993,-0.8447799266577186,-0.03722545127058476,2.155370187896549,24.286145317109558,,False,4.965249783498062e-22,9.630168948194454e-22
XAUUSD,06:30,60,day,follow,418,-0.0734349378049953,0.8045551796191162,-1.8661005340373913,-0.09127396064961023,0.34977540468183854,5.6379243775059456,236,-0.08560097736440131,1.0381261144145433,-1.2667316122122143,-0.08245720454944575,1.0683047805555277,13.51664779736259,,False,6.088882897714754e-09,7.904900529860064e-09
XAUUSD,06:30,60,day,fade,418,-0.10928979293877165,0.8054014112213029,-2.774312366761836,-0.13569605344128421,-0.35656813823916605,5.575844263771734,236,-0.086657145462491,1.0394354912079842,-1.2807455008450481,-0.08336943099930333,-1.0365520010685103,13.144515050037613,,False,4.702030013450435e-12,6.479206804965804e-12
XAUUSD,06:30,60,recent,follow,370,-0.1710630551453482,0.763057262303716,-4.312210533911346,-0.22418115074207998,-0.49012003983299435,7.203045618563219,213,-0.014490374299974566,1.1131601396254545,-0.18998169538704607,-0.013017331275309723,3.1510308188774387,25.113927952648353,,False,1.7614020466647353e-16,2.5240874846433214e-16
XAUUSD,06:30,60,recent,fade,370,-0.007830154340318092,0.7635206677035928,-0.19726515910981487,-0.01025532729044323,0.47965271850873414,7.189571366184233,213,-0.15139599277617832,1.1144775416471642,-1.982589768883172,-0.13584481258583248,-3.1044955645657937,24.55358885470198,,False,4.7430211403520196e-05,5.655769875949121e-05
XAUUSD,06:30,120,none,follow,921,-0.09476678987927503,0.7220544628142139,-3.9830524754776904,-0.13124604134419526,-0.2881835476369805,4.966793816277277,515,-0.10084586395815465,0.9269051753322453,-2.469030179657424,-0.10879846897176604,-3.0603375844697966,33.78908136621064,,False,1.2279991691240694e-23,2.437710972127763e-23
XAUUSD,06:30,120,none,fade,921,-0.021519406046849276,0.7212286388717889,-0.9054972419212558,-0.02983714856430532,0.2622195635359044,4.9300307112790795,515,-0.0015452989469135724,0.929263070695476,-0.037737875268403095,-0.0016629294713681507,3.0385997979445505,33.64247064732539,,False,7.718590122478627e-12,1.22536162857278e-11
XAUUSD,06:30,120,day,follow,418,-0.027871576415178564,0.7781737752904235,-0.7322731041663132,-0.03581664828627329,0.3375944516477882,4.845693884888368,236,-0.06007754643445509,0.954955650833087,-0.9664624528580357,-0.06291134712072174,0.6645484977618533,7.460668454375482,,False,1.6507185211461385e-06,2.0542772935046903e-06
XAUUSD,06:30,120,day,fade,418,-0.09144563514301918,0.7787218960883991,-2.4008704991323695,-0.11743041463500653,-0.36426563328534944,4.922428332270563,236,-0.048630946548801554,0.9557697609765587,-0.7816555901841596,-0.050881445024074455,-0.6539922866777955,7.322702002441619,,False,5.83559032293152e-11,7.90928651375917e-11
XAUUSD,06:30,120,recent,follow,372,-0.006033454508065027,0.7745248999983864,-0.15024572653051926,-0.007789878037591299,0.42991222889536085,4.519584217162416,225,0.05088000139488813,1.1294886508841835,0.67570401909384,0.045046934606256,3.836017154622335,33.42172937759469,,False,5.446100849130106e-05,6.489283206558893e-05
XAUUSD,06:30,120,recent,fade,372,-0.1141690076524256,0.775006399912563,-2.8412824401278267,-0.1473136320749174,-0.44588296568841174,4.571702221316296,225,-0.15462520310334146,1.1278494064998148,-2.0564607590193407,-0.1370973839346227,-3.8385352422825827,33.42235270332563,,False,9.007604716951257e-12,1.2175833634811354e-11
XAUUSD,06:30,240,none,follow,921,-0.043918109320129024,0.805423977200714,-1.6548128942628584,-0.05452793877923565,0.09997785905366881,6.292024284584837,514,-0.04207509477015815,0.956288615697032,-0.9975109612650774,-0.04399832234695162,-2.0515871762587508,19.311018741129207,,False,3.527202150515363e-14,5.881084586255433e-14
XAUUSD,06:30,240,none,fade,921,-0.012786834526360069,0.8053274468148176,-0.4818594264493115,-0.0158778079363044,-0.10940595744129743,6.272574288352104,514,-0.010859479242904226,0.9560420974214854,-0.257521529462996,-0.01135878772722773,2.054366621632924,19.343491824752522,,False,1.0485702588475648e-10,1.6259188486630817e-10
XAUUSD,06:30,240,day,follow,418,0.013726670200325196,0.8233913827698179,0.3408372265244544,0.01667089368138619,-0.47917622936868615,6.287683325465452,235,-0.022630445415428583,0.9747375586446038,-0.3559092967155256,-0.023216962570824465,0.2534713083232283,4.625855142863878,,False,0.00016207978972216205,0.0001927818119943288
XAUUSD,06:30,240,day,fade,418,-0.07197481608584656,0.8225928833286014,-1.7888904962598544,-0.08749749425815877,0.46754407345240484,6.311804719049158,235,-0.03303604317163333,0.974750845106293,-0.5195511802363505,-0.033891782025622014,-0.2478988092653176,4.626884806225419,,False,1.0953864620617918e-08,1.414217959210805e-08
XAUUSD,06:30,240,recent,follow,427,0.03923392416499683,0.7916308040234653,1.0241250772765975,0.049560886167630575,-0.0530899777611879,6.748909185288703,244,-0.08223639184288106,0.9437223918047393,-1.3611773087429013,-0.08714044782344867,0.1763408465178475,4.8595932142032625,,False,0.0015333282755665288,0.0017782983416978495
XAUUSD,06:30,240,recent,fade,427,-0.097626907259328,0.7910167192168313,-2.550338375945421,-0.12341952437615518,0.044626114701854104,6.7613002268564255,244,0.028743949861503464,0.9442965730870361,0.4754807578220292,0.03043953634983077,-0.17503562195168546,4.859347595926504,,False,5.504324117366088e-11,7.423657471266146e-11
XAUUSD,07:00,60,none,follow,921,-0.12976986315486919,0.6974068773769858,-5.64699542604225,-0.18607482570711964,-0.18981804136255157,5.136964487901359,515,-0.08419744408036499,0.8274158967397053,-2.3092909954691367,-0.10175951950177778,-0.9282963350961756,15.497722857868228,,False,5.935131977108299e-31,1.29850141262665e-30
XAUUSD,07:00,60,none,fade,921,-0.04684406448379364,0.697002211309727,-2.039624543278739,-0.06720791372493586,0.17655098266165203,5.160307645617599,515,-0.07621474543857804,0.8272872479365365,-2.0906738535824005,-0.09212609722762785,0.9190200117531154,15.732563990153544,,False,2.2201312257178266e-15,3.782848704710502e-15
XAUUSD,07:00,60,day,follow,413,-0.08459019513394565,0.7032996206878274,-2.4443009099283515,-0.12027618478055825,0.32101303078177895,5.192526678426692,229,-0.059812877135916286,0.9662213322953848,-0.9367761236561996,-0.06190390869742339,1.5841348525885557,14.846530958238649,,False,2.759649043968839e-10,3.650520125828699e-10
XAUUSD,07:00,60,day,fade,413,-0.09702217737356215,0.702500100210119,-2.8067236373204283,-0.13810984132890894,-0.3315558918571402,5.225751180640164,229,-0.10916885735908016,0.9675692137915388,-1.707396804864334,-0.11282795670119411,-1.5322318514718125,14.59597560274652,,False,4.611042865594467e-12,6.3406967246646065e-12
XAUUSD,07:00,60,recent,follow,375,-0.13650704702439542,0.6813094503782549,-3.8799514631120564,-0.20035983200968127,0.4498073535162229,4.964965229766382,209,-0.034110229332730405,0.9101458492450767,-0.5418097169915226,-0.037477761790622066,2.573186020536982,18.130378420162494,,False,3.8910700818910763e-13,5.230179376705641e-13
XAUUSD,07:00,60,recent,fade,375,-0.04318891403452239,0.6834154645363327,-1.2237793368487373,-0.06319569321397221,-0.4478656311501302,5.018755481212626,209,-0.13067306204777243,0.9068098856866228,-2.0832575529790947,-0.1441019381353885,-2.566273029632584,18.044397890374142,,False,2.518119844607789e-07,3.159474067203802e-07
XAUUSD,07:00,120,none,follow,921,-0.10834242025398004,0.7509603078847802,-4.378358968781308,-0.1442718331667178,-0.7256832436826859,7.316355917544994,515,-0.05327170127121196,0.9439744477512737,-1.2806779802714785,-0.05643341448289756,-2.305759525343419,26.118364088565254,,False,1.0468109996877114e-26,2.2197076821723744e-26
XAUUSD,07:00,120,none,fade,921,0.002345878507198163,0.7493962499104391,0.09500004607141223,0.003130357948119597,0.7031835673154873,7.3299350140941195,515,-0.03800980137346688,0.9440316003935154,-0.9137190563987567,-0.04026327228624832,2.2954037471781206,26.17100883078447,,False,3.749224200392035e-09,5.597516792623793e-09
XAUUSD,07:00,120,day,follow,413,-0.009461892135078245,0.8202771764568039,-0.23441877429098534,-0.011534993788257026,0.10385998008882182,8.281051765566456,229,0.025589146686937975,1.1090799250896262,0.34914891807297926,0.023072409939139494,3.1004551113322045,27.362490355470996,,False,1.6053005842081e-05,1.955342144033003e-05
XAUUSD,07:00,120,day,fade,413,-0.09917748813064924,0.8212650652300213,-2.454170781431417,-0.12076184940713561,-0.13453887215789376,8.463043224015394,229,-0.12118324488820612,1.1108402223526763,-1.6508542105695625,-0.10909151689839704,-3.083823183759538,27.16557298840573,,False,1.1239428217493695e-10,1.5047280941505047e-10
XAUUSD,07:00,120,recent,follow,360,-0.015895047564819968,0.6997554470802135,-0.43098960385040447,-0.02271514660034923,0.5246465820232379,4.778916033167813,233,0.09432689221758674,1.12767515825786,1.276819401147086,0.08364722014743316,3.2090031308883185,25.313899512950712,,False,2.3425997080833822e-05,2.80374316788027e-05
XAUUSD,07:00,120,recent,fade,360,-0.09164505356856303,0.7009871346987457,-2.480562833918611,-0.13073714057241315,-0.5658688272841979,4.898232420804794,233,-0.1900571579335381,1.1281273890898038,-2.571603734929518,-0.16847136216316858,-3.2027009312054306,25.245292073792555,,False,1.2522707890999098e-10,1.6591887337094084e-10
XAUUSD,07:00,240,none,follow,921,-0.05587852200530148,0.8037144168945877,-2.1099539012800155,-0.0695253448621792,0.07320651718722969,6.968600467409631,514,-0.04017632447753138,0.9621192308815523,-0.9467228666299451,-0.04175815552581709,-1.5486265765209013,13.84465887835117,,False,1.111902719671423e-15,1.907563180528188e-15
XAUUSD,07:00,240,none,fade,921,0.0024874780144702696,0.8036241407307184,0.09393687137090292,0.003095325150646244,-0.08009079079480233,6.95316757205943,514,-0.009203831875914132,0.9614194633760912,-0.21703877348194203,-0.009573169908162912,1.5535114857618366,13.864610189441933,,False,3.8855790350588995e-09,5.79596189890224e-09
XAUUSD,07:00,240,day,follow,413,0.002766277993255246,0.8096061050445386,0.06943797916499386,0.003416819581792884,-0.5096745856248112,7.7184916414359,228,0.015062612585817809,1.1692232200453492,0.1945227040241968,0.012882580783191763,0.8124532280096948,13.066274783737532,,False,5.80775236026412e-05,6.981757516231332e-05
XAUUSD,07:00,240,day,fade,413,-0.05776947914506008,0.8093561558466063,-1.450553674392578,-0.07137708007500332,0.5022476217429109,7.748106329027659,228,-0.06688491732983572,1.169776213283391,-0.863361805998181,-0.05717753239493519,-0.8060387255711903,13.047754574165305,,False,7.201691668516711e-08,9.157503991033481e-08
XAUUSD,07:00,240,recent,follow,423,0.02654973791668694,0.8048136487886759,0.6784769362271453,0.03298867751143003,-0.21888693529104167,8.018377983637366,227,-0.008281286358937816,1.0713673399701846,-0.1164588046058572,-0.0077296423457973605,0.4717688079402461,15.608160823488896,,False,0.0005161047099935159,0.0006062357419884901
XAUUSD,07:00,240,recent,fade,423,-0.08215725618921159,0.80440961297555,-2.100578221335908,-0.10213360813194154,0.21592421589780486,8.034729591577497,227,-0.04178089006835396,1.0711263558570452,-0.5876921782860294,-0.03900649987734046,-0.46759852406384134,15.628407282598692,,False,1.3143311828001942e-09,1.7285314220395825e-09
XAUUSD,07:30,60,none,follow,921,-0.12366017644322788,0.7734144178867542,-4.852297421215167,-0.15988863613521953,-0.5979048099309853,6.696162695509068,516,-0.0925930805001428,0.8245410094044121,-2.5508864282951156,-0.11229651338630839,-1.3699207943503164,12.617379396691733,,False,1.1000370318472922e-28,2.388790104998768e-28
XAUUSD,07:30,60,none,fade,921,-0.032398569176508366,0.7722113514822966,-1.2732669445784783,-0.04195557228512345,0.5501281897768618,6.519522665814616,516,-0.04162293364404184,0.8248691886091929,-1.1462318074767082,-0.05046004168760628,1.3523867524349054,12.674309869910015,,False,8.869377821243312e-13,1.4313235975115673e-12
XAUUSD,07:30,60,day,follow,416,-0.09195138171952057,0.8040562977789818,-2.3324828919804546,-0.11435938251278528,0.7864611493495277,7.398673329099588,228,-0.05585426131130352,0.9175956776571854,-0.9191203395407319,-0.06087023148791545,1.3775561984402387,12.137549213116701,,False,1.3433919256198092e-09,1.7471589086875356e-09
XAUUSD,07:30,60,day,fade,416,-0.06778625926556314,0.805134795362138,-1.7171954844808353,-0.08419243542328073,-0.8429416882117425,7.661188248102137,228,-0.0856917902830689,0.9174916020308033,-1.4102773860101065,-0.09339790151037475,-1.3877413682884834,12.09827531676563,,False,2.7484318941268365e-09,3.6367441433797837e-09
XAUUSD,07:30,60,recent,follow,367,-0.12549915948807214,0.7694706792389587,-3.1245089547786,-0.16309803982680207,0.5804675024902416,5.163563270225143,194,-0.0682002109281703,1.0164150763850583,-0.9345778515720722,-0.06709877933996067,0.5405073633804299,12.165628448875635,,False,6.02005859382151e-11,7.845594791362886e-11
XAUUSD,07:30,60,recent,fade,367,-0.03295301276688042,0.7717708093946917,-0.81797458575113,-0.0426979258165074,-0.6108939205030811,5.213214314104747,194,-0.07123015530591281,1.0170328251213578,-0.9755056431207074,-0.07003722352561555,-0.5365760682072561,12.209162738617088,,False,2.3970813883528076e-06,2.94429613519465e-06
XAUUSD,07:30,120,none,follow,921,-0.07992127665116398,0.7587043470156296,-3.1968308335927094,-0.10533915742744199,-0.29684442693073415,4.757444820431844,515,-0.006384002999357272,0.8626757066764487,-0.16793805870652936,-0.007400235047712579,-0.9965960449519806,10.264390898465622,,False,2.6177435229156172e-20,4.9247020651687264e-20
XAUUSD,07:30,120,none,fade,921,-0.00961103524458932,0.7579113048834071,-0.38484123525828895,-0.01268094984553348,0.2831771576771985,4.795958699432411,515,-0.07421186890399695,0.8622021361198406,-1.9532952265839292,-0.08607247163405539,0.9876031107455316,10.315996510192388,,False,2.1745735532554341e-10,3.3430413104115907e-10
XAUUSD,07:30,120,day,follow,416,0.0192724744458847,0.8187504730804149,0.48010096607361613,0.023538886485616504,-0.1548796635667566,5.007567929156701,228,0.03572029819148434,0.9483314406711258,0.5687512313909072,0.03766647045489222,1.5289564942875629,11.452571616950063,,False,0.00027581291452506734,0.0003260675457534844
XAUUSD,07:30,120,day,fade,416,-0.11037590399650216,0.8181360334655082,-2.7516641012601766,-0.13491143218440763,0.13597750514977153,5.090001805583386,228,-0.11980955150476853,0.949284099310969,-1.9057356554936535,-0.12621042698569526,-1.5309616069199206,11.410681259544388,,False,2.5294655171386972e-11,3.4110747002485727e-11
XAUUSD,07:30,120,recent,follow,392,-0.00797360675320307,0.7479554762229749,-0.21106785681541013,-0.01066053663176341,0.22847588641831665,3.5400304257969704,211,0.017383395302363526,0.9898701672915636,0.2550924460445474,0.01756128821411717,0.9922588724639007,10.959991174262312,,False,2.7745354593235298e-05,3.344208087872728e-05
XAUUSD,07:30,120,recent,fade,392,-0.08355905716163207,0.7478794187088714,-2.2121011558458847,-0.11172798056923035,-0.2433348313983821,3.5108548336618086,211,-0.10147176935191554,0.9901654883746448,-1.48860226563961,-0.10247960623075371,-1.0005210227482875,10.913552163274183,,False,5.506467777146815e-10,7.269313486618024e-10
XAUUSD,07:30,240,none,follow,921,-0.032611828507668104,0.8154855398878805,-1.2136366985854985,-0.03999068887493926,0.10547692904960475,7.0437524055425405,515,-0.020373602736225058,0.9284243487428719,-0.4979949359037199,-0.02194427878136956,-0.8780463044783043,8.551729693206854,,False,8.470415154338146e-13,1.373612521613172e-12
XAUUSD,07:30,240,none,fade,921,-0.01781928734431148,0.8156951282008355,-0.6629675592187292,-0.021845523809385956,-0.1140193869704932,7.02265174701858,515,-0.02598514150196516,0.9280109663613886,-0.6354415257209012,-0.028000899174553454,0.8837755377821194,8.570012579443645,,False,3.15100679033981e-11,4.945834207497056e-11
XAUUSD,07:30,240,day,follow,416,-0.0033117550534664383,0.8368102107992692,-0.08071939574320323,-0.003957593980961651,-0.18412805034392865,7.632963396805106,228,0.024862753557454122,1.067624674355397,0.35163981776095893,0.02328791583284227,0.6685943619299021,7.872827816171266,,False,2.8711800101899902e-05,3.48004271195437e-05
XAUUSD,07:30,240,day,fade,416,-0.048334321580167754,0.8362987213975486,-1.178801988369352,-0.057795522513050965,0.1730843836244834,7.671989211653786,228,-0.07344823912757234,1.06800283261472,-1.0384280416518126,-0.06877157708257564,-0.6614196790834873,7.869265649336245,,False,1.896111513742282e-07,2.4022576540174796e-07
XAUUSD,07:30,240,recent,follow,397,0.020156115659345615,0.8466924770943803,0.47432541358772545,0.02380571010683354,-0.21113023170897063,7.2512688745122285,225,0.05519423089492523,1.0524111871314576,0.7866824997181098,0.052445499981207316,0.5298131286661015,8.136637498472878,,False,0.0003810837198103205,0.00044707859439427794
XAUUSD,07:30,240,recent,fade,397,-0.07239835009945592,0.8468120362353482,-1.7034794554503006,-0.08549518311208178,0.20531886909647212,7.2688452369742595,225,-0.10259794623699629,1.052768363876008,-1.4618307752798314,-0.09745538501865543,-0.5263458257132164,8.139797665343707,,False,2.220289847089859e-08,2.8405163090407156e-08
XAUUSD,08:00,60,none,follow,921,-0.10535910540008436,0.8317618446907471,-3.8441727457364285,-0.12666979866004477,-0.9599172154722568,10.217667454933194,516,-0.06979237551339498,0.941782800238142,-1.6833796653581892,-0.07410665760273714,-1.2750133138127766,10.97102388776499,,False,1.674640895140813e-24,3.45035932932734e-24
XAUUSD,08:00,60,none,fade,921,-0.029508329439827286,0.8294213711894942,-1.079690343435697,-0.035577006410515616,0.9127551789898293,10.240144931071004,516,-0.0433008349779243,0.9410788686793949,-1.0451896491154897,-0.046011908692294684,1.264664410966108,11.01279701957999,,False,4.326001447438459e-12,6.864198559817365e-12
XAUUSD,08:00,60,day,follow,407,-0.04651957680563954,0.9229021963060042,-1.0168977357910978,-0.05040574937608575,-0.36932527522846176,11.060093575729312,228,-0.0007935808049541047,1.0724075312253294,-0.011173744148489187,-0.0007399992837120062,1.4272444808754796,10.812184548153207,,False,3.824543894313063e-07,4.820221876497989e-07
XAUUSD,08:00,60,day,fade,407,-0.09038965505178377,0.9233040599603016,-1.975018592646017,-0.0978980370298276,0.31696080363821316,11.374374644755683,228,-0.11872685956467467,1.0747631498670998,-1.6680291519927455,-0.11046792921710787,-1.4264191220103088,10.74111776170472,,False,5.541519242283586e-09,7.161891553896467e-09
XAUUSD,08:00,60,recent,follow,352,-0.11272762954792567,0.8498606544490533,-2.4885936179356296,-0.13264248551546912,0.7771714650003859,7.143172206631626,201,-0.06912501199631041,1.0947966191993375,-0.8951582133016706,-0.06313959212521493,1.224114817961057,11.313748430913975,,False,4.538730360293167e-09,5.723409295023387e-09
XAUUSD,08:00,60,recent,fade,352,-0.026107110426686005,0.8502921601786103,-0.5760523637572121,-0.030703694152845074,-0.8405358054390296,7.298735366313047,201,-0.04791742080547418,1.09236520978132,-0.6219043612462661,-0.04386575146883957,-1.251738370072322,11.422628645222511,,False,1.0604477059961498e-05,1.2801853801544645e-05
XAUUSD,08:00,120,none,follow,921,-0.043533100125420894,0.8446925926295886,-1.5640503329966964,-0.051537210702770855,0.2648260979253655,8.340511745444319,515,-0.045077672223419005,0.870899183149677,-1.1746195170029607,-0.05175992020154615,-1.1983480417144956,10.08903800608506,,False,8.970203987190224e-14,1.4801103105663904e-13
XAUUSD,08:00,120,none,fade,921,-0.026684935144462414,0.8443582919075013,-0.959111711406312,-0.03160380539898307,-0.27858392452768854,8.357729537356931,515,-0.022493449903841594,0.8703974609243029,-0.5864649598435205,-0.025842733824102702,1.1985125139968509,10.105410395080046,,False,3.679938741732438e-12,5.9050911316108506e-12
XAUUSD,08:00,120,day,follow,407,0.022982397965168596,0.8884211003841112,0.5218836373301621,0.025868811485040256,-0.9653239847500801,8.949091627882968,227,-0.006584350062706167,0.9450719437664212,-0.10496897841263982,-0.006967035796730327,1.6446788882817187,11.860422665907214,,False,0.0004290255441718468,0.000502829061018434
XAUUSD,08:00,120,day,fade,407,-0.09430832697176594,0.888281677077498,-2.1418869328337937,-0.10616939356674135,0.9555065103186947,8.944379554507591,227,-0.06413336974834177,0.9457494061728502,-1.021694159844253,-0.06781222312141787,-1.6423732025282824,11.832144835237242,,False,6.165907873315065e-09,7.900626136379915e-09
XAUUSD,08:00,120,recent,follow,366,0.002958722699329555,0.8869356307556365,0.06381939814668199,0.0033358933802319253,0.4467071645226099,5.2976485240870375,214,-0.012609892345784952,0.8724158921539926,-0.2114436744732705,-0.014453992022831175,1.9745146049612456,15.695240008541498,,False,0.00013896848154989686,0.0001638582885263287
XAUUSD,08:00,120,recent,fade,366,-0.07526976597623192,0.8887751844078431,-1.6202020910339723,-0.08468931997283574,-0.4606847202323101,5.3002899994177675,214,-0.056469832743671566,0.8731220897813494,-0.9461247689404967,-0.06467575772571847,-1.9771156297084165,15.653040530533596,,False,3.345925035379437e-08,4.256448003260157e-08
XAUUSD,08:00,240,none,follow,921,-0.028531564380628236,0.8161859171962759,-1.0608800992753298,-0.03495718779201502,0.041900916217386446,6.032093752632695,515,-0.02593679434736967,0.9010059193790559,-0.653269329479694,-0.028786486070196373,-0.5909545753979566,6.792627784985817,,False,2.2916359032097687e-12,3.6851598414429554e-12
XAUUSD,08:00,240,none,fade,921,-0.02045969465422584,0.8161632175040323,-0.7607674885467709,-0.025068141047565353,-0.052822943264269076,6.015187815681701,515,-0.01898851530472997,0.9007398684455173,-0.4784044796555335,-0.0210810201368127,0.5965469938463158,6.809275350976153,,False,1.6770333775241718e-11,2.6479678932232124e-11
XAUUSD,08:00,240,day,follow,407,0.023361500313668123,0.8734734448998961,0.5395705390291837,0.026745518653226434,0.0762167062261047,5.478551517052017,227,0.0055349614243979835,1.0110846128019237,0.08247836172007128,0.005474281137618607,0.48618418619342835,6.147646135323304,,False,0.0003878500492002135,0.00045609237829856246
XAUUSD,08:00,240,day,fade,407,-0.07324578871917717,0.8737501893370047,-1.6911906996108357,-0.08382921069780316,-0.0857672753733325,5.502583543433632,227,-0.052753197521292886,1.0113496293386106,-0.7858875297440318,-0.05216118737868302,-0.47519536383865646,6.161508098761234,,False,1.1668214868771741e-08,1.5100371114543794e-08
XAUUSD,08:00,240,recent,follow,393,0.009748326697114491,0.8865265981266804,0.21798900065345433,0.010996090492618814,0.012571228775450161,5.7263094365444855,221,0.11591136729380193,1.0613795002086581,1.6234969249421056,0.10920822125452277,0.7188008936518795,6.3488064901455825,,False,0.00015155298024753126,0.0001795726657863185
XAUUSD,08:00,240,recent,fade,393,-0.06022406340436852,0.8872455363556346,-1.3456202269839113,-0.06787756143777195,-0.018432979063461793,5.724599074037539,221,-0.16093187909089912,1.0618102484621859,-2.25315623169525,-0.15156368976846465,-0.7101686775488129,6.33745034228925,,False,1.2121983232677776e-07,1.533135125606011e-07
XAUUSD,08:30,60,none,follow,921,-0.06712025071540932,0.768615113045261,-2.6501744674127714,-0.08732621773396856,-0.28839870752145413,6.000923021903811,515,0.013511259343865085,0.8060172524104042,0.3804127872465804,0.01676299025046859,-0.21470118306045005,7.074355205456408,,False,4.574924563890299e-18,8.26555504078391e-18
XAUUSD,08:30,60,none,fade,921,-0.042796660277982485,0.768109381837198,-1.6908949407448912,-0.055716882634110704,0.26804584783310503,6.061806673128455,515,-0.11520647274978767,0.8051106155615595,-3.2473189111431027,-0.14309396811198657,0.1959607367559888,7.099423069697544,,False,3.505162090602848e-14,5.830800454800707e-14
XAUUSD,08:30,60,day,follow,408,0.03904331398414083,0.841853899279761,0.9367852135155663,0.04637777887296586,0.2630916654465011,3.606198575487601,226,0.052917549526966194,0.8704730086448595,0.9138999116061882,0.0607917178378081,0.9251779267322201,5.7412863551383495,,False,0.0014250191813983543,0.0016507903693938712
XAUUSD,08:30,60,day,fade,408,-0.15116154982642752,0.83965412228576,-3.6363945068393337,-0.1800283543120421,-0.2928196139566459,3.657909495917699,226,-0.15825955707549383,0.8718884749841345,-2.728746731362879,-0.18151353254024105,-0.9281854505229349,5.796533371823368,,False,9.652672013959686e-15,1.37685276616851e-14
XAUUSD,08:30,60,recent,follow,387,-0.049894284839165526,0.7710948967074592,-1.272912219795046,-0.06470576455921559,0.601651375236994,7.51915589206532,193,0.04239731267213442,0.8535553456652356,0.6900575277186823,0.049671427737461145,0.1730406899988795,3.754767010864769,,False,3.524843114750711e-07,4.3921097857928464e-07
XAUUSD,08:30,60,recent,fade,387,-0.06199304855092584,0.7714252573824852,-1.5809008102201987,-0.08036170446541223,-0.6055149261713157,7.38871002100987,193,-0.14694910597857738,0.8549500749567592,-2.387837938034407,-0.17188033580324513,-0.1652941052572151,3.7523634353525006,,False,2.0557908448015682e-08,2.6454038385567557e-08
XAUUSD,08:30,120,none,follow,921,-0.030522371678775306,0.8254023376049896,-1.122231351104983,-0.03697878027258787,0.24970458588599498,7.508633186398588,515,-0.014670611485302822,0.861535301656064,-0.3864370455086196,-0.01702845078675548,-0.4968547698579189,5.454766311232693,,False,1.827629630739387e-12,2.9393873528638897e-12
XAUUSD,08:30,120,none,fade,921,-0.034703723245799276,0.8255132488714052,-1.275797769783711,-0.04203896581095971,-0.2594888344940241,7.495193108123275,515,-0.047880201181463265,0.8606342070660392,-1.2625278802073705,-0.05563362551517693,0.49877991367855107,5.4714616654404695,,False,3.695994031864946e-13,6.061063948477643e-13
XAUUSD,08:30,120,day,follow,408,0.022948082726976116,0.8655217687754139,0.5355481125678656,0.02651358239024338,-0.43319014285857854,7.4235151390334355,226,0.04662135077542028,0.9428394456765379,0.7433636627963365,0.049447815308540644,0.657380450123849,4.602041549466404,,False,0.00040843801848404633,0.00047957785935279744
XAUUSD,08:30,120,day,fade,408,-0.08994300984364237,0.8649344113502689,-2.1004595496875247,-0.10398824311224972,0.4245747606262512,7.452236739259048,226,-0.11139049239333147,0.9432455130963676,-1.7753238818860528,-0.11809278798228554,-0.6486173348325102,4.5833456492618465,,False,2.870265630609149e-09,3.725715953318986e-09
XAUUSD,08:30,120,recent,follow,362,-0.029464948959959575,0.8809210623390733,-0.6363894693478754,-0.03344788792053911,0.001838237762676686,5.899995914283666,197,0.10341893917968956,0.946100008152029,1.5342500479767878,0.10931078986215498,0.8303644508601115,4.71636369191556,,False,8.229312953252799e-06,9.959220065630692e-06
XAUUSD,08:30,120,recent,fade,362,-0.03730930440165143,0.8810194307646552,-0.8057233514385139,-0.04234787917137072,-0.013754819886819432,5.925335296181799,197,-0.1666907667682365,0.9461723799287016,-2.4727168663397556,-0.17617378218205587,-0.8260191580026445,4.6918685605829085,,False,3.789415080372779e-06,4.617459457673096e-06
XAUUSD,08:30,240,none,follow,921,-0.017297803139375654,0.7999049269907734,-0.6562697607310299,-0.02162482384556581,0.041872403087522894,6.462659146224116,515,0.004202647866845241,0.8773404841929975,0.10870723443190078,0.004790213084388731,-0.4009113291141246,6.042170054502501,,False,3.541873615085517e-11,5.548763711710755e-11
XAUUSD,08:30,240,none,fade,921,-0.03138116798878651,0.7999349961442309,-1.1905406313283848,-0.039229647583924915,-0.051981429811580174,6.449424283329219,515,-0.04897541261457325,0.876849699396183,-1.2675250781855283,-0.05585382836796174,0.40427253304499783,6.055795521160939,,False,8.465121032339021e-13,1.3749322970866537e-12
XAUUSD,08:30,240,day,follow,408,0.0323728742606802,0.8614463505690161,0.7590722353139047,0.037579675436893736,-0.04798440229612165,6.536212293735032,226,0.08681898630810853,1.0129788902465526,1.288452864128317,0.08570660962833819,0.3452429185450527,6.035888934474478,,False,0.0008478762271626991,0.0009875679653406349
XAUUSD,08:30,240,day,fade,408,-0.08234131423306607,0.8612676432178205,-1.9311221460057926,-0.0956047924027739,0.03811841296382465,6.568245975755061,226,-0.13354068245579742,1.0132394375151903,-1.9813250290093343,-0.1317957804556886,-0.3345662241939505,6.051475046913251,,False,3.635275858026652e-09,4.737619869104636e-09
XAUUSD,08:30,240,recent,follow,394,-0.02892486031506967,0.8644327597744933,-0.6641836248629442,-0.03346108761844631,-0.3413248569307779,6.37339722131885,227,0.06570310117056079,0.9541498364190544,1.0374859332869317,0.068860359937959,0.7825141419380572,5.390222405300123,,False,3.0767249208739867e-06,3.7928571135616903e-06
XAUUSD,08:30,240,recent,fade,394,-0.02134631684158177,0.8648026907787764,-0.4899525586727857,-0.024683453311597447,0.3321276057510305,6.394638091712878,227,-0.1109060423625131,0.9539348670966297,-1.7516583902394576,-0.11626165075616088,-0.7807636002998963,5.395692693502446,,False,8.342070104056289e-06,1.0170303501288465e-05
XAUUSD,09:00,60,none,follow,921,-0.02930043046993179,0.8583175645312708,-1.0359906026636883,-0.03413705099456146,0.6231845935833752,10.52120973348558,515,-0.05117931208335393,0.8873598137613986,-1.3088753896224143,-0.057675940796114857,-0.724463301877822,5.581306941246717,,False,4.49279049564402e-12,7.144424980346815e-12
XAUUSD,09:00,60,none,fade,921,-0.05603509802788154,0.8581950726304303,-1.9815449773146667,-0.06529412695895573,-0.6383602655613323,10.5299978768571,515,-0.036596087389806777,0.886482932868866,-0.9368453204258759,-0.041282337237303915,0.7233546213659364,5.566449645086634,,False,7.608543411124301e-16,1.3253202013021583e-15
XAUUSD,09:00,60,day,follow,412,0.047295210005340114,0.9190516558202714,1.0445418488780318,0.05146088329836937,-1.1498697352152083,11.245938324209767,226,-0.10454960829262334,1.0239651402071388,-1.5349401908231515,-0.10210270270672878,0.22912046289910395,4.854404548155899,,False,0.0026491057500541027,0.003030434758763853
XAUUSD,09:00,60,day,fade,412,-0.1344179477084233,0.9184731918604907,-2.970567214774485,-0.1463493424736129,1.141029034966397,11.257028789061062,226,0.013290443976836935,1.0256765268527746,0.1947974610640864,0.012957734362526407,-0.22532797578740968,4.849393132467414,,False,2.3001498126754523e-10,2.9852184525217063e-10
XAUUSD,09:00,60,recent,follow,381,-0.06083095685441362,0.7991072929590226,-1.485874198555407,-0.07612364120612897,0.21916935799677734,4.35629107559022,229,-0.1366034991734843,0.9943809730146926,-2.0788672601646963,-0.13737541533939415,-0.05756466070706044,4.556205118963149,,False,9.992652390248084e-08,1.258692771804194e-07
XAUUSD,09:00,60,recent,fade,381,-0.0277877047472807,0.7972112968439431,-0.6803646165273511,-0.03485613520190776,-0.2363815536368083,4.3302451796741455,229,0.048156991333182096,0.9953983688106648,0.7321164454513114,0.04837961648532906,0.05085877359813421,4.564317767902746,,False,3.96786062808911e-06,4.862031398612552e-06
XAUUSD,09:00,120,none,follow,921,-0.034830093833216356,0.8171687945778664,-1.2935186232502422,-0.04262288778563664,0.38290329971984893,8.317131539102522,515,-0.04411344673924608,0.9333131081394619,-1.0726233357965658,-0.047265431455457876,-1.1679463895196829,12.145867894934346,,False,6.633584790416316e-13,1.0748305775232738e-12
XAUUSD,09:00,120,none,fade,921,-0.028227999053475953,0.8172730998620678,-1.0481964987958463,-0.03453924894657615,-0.3892174506542265,8.299585113734757,515,-0.015872627889676617,0.9323571297864357,-0.3863404250216826,-0.01702419317940152,1.1750512711833347,12.152870673028563,,False,1.7639733806234575e-12,2.853334917426271e-12
XAUUSD,09:00,120,day,follow,412,0.033488052856705586,0.8731812307604182,0.7784560757743397,0.038351778161266926,-0.23904825833771393,8.592145175273435,226,-0.04796865798864616,1.1198405010011045,-0.6439551451938528,-0.04283525907998826,0.2783512168843727,11.99972390300045,,False,0.0008862125249412638,0.001031786411533165
XAUUSD,09:00,120,day,fade,412,-0.0979427489755106,0.8733999644269238,-2.27618589288979,-0.11213963014044219,0.23725664617530662,8.61665643181387,226,-0.014525765105957447,1.120975497880404,-0.19480366196530674,-0.012958146840339939,-0.26703118674694,12.004351372591284,,False,7.488876220393761e-10,9.839594192181099e-10
XAUUSD,09:00,120,recent,follow,364,0.002571373592228919,0.8366436401031867,0.05863748801850564,0.0030734394776631316,-0.10541305703615665,5.510705270511403,217,0.011152729199323242,1.024188103019108,0.16040994774381967,0.01088933679901881,0.9080959253206253,8.472680536541437,,False,0.00014348815553716514,0.00016903017489362944
XAUUSD,09:00,120,recent,fade,364,-0.06747520496964488,0.8365530922475043,-1.5388680943431126,-0.08065860445075197,0.09222073745780826,5.511438901420786,217,-0.07245367571767429,1.024486674127968,-1.0417990957866037,-0.070721930843411,-0.8966357523643128,8.447630107034477,,False,1.0827744436273133e-07,1.3569918254746405e-07
XAUUSD,09:00,240,none,follow,921,-0.011145193556256882,0.8034194968694359,-0.42099318306707756,-0.013872197027436705,0.11263337312010739,6.4322027330846705,515,-0.007857834099844859,0.8895920902568578,-0.20045438324157175,-0.008833075502701486,-0.7300726815900863,8.687939357649439,,False,1.660200543483551e-10,2.5604421387139305e-10
XAUUSD,09:00,240,none,fade,921,-0.038352266160652786,0.803329640939253,-1.4488621065852572,-0.047741629595307,-0.12266375992207819,6.426835729381625,515,-0.03812308018697923,0.8889372718365062,-0.9732411902502048,-0.04288613088324959,0.735071434264427,8.703899054420468,,False,1.183873540322549e-13,1.958939055608781e-13
XAUUSD,09:00,240,day,follow,412,0.024972346286405947,0.881065785746991,0.575306949121382,0.028343339045033656,0.27899672586092583,6.506155212405696,226,0.0045516857946518606,1.0646475277110232,0.06427182686400254,0.004275298327548761,0.09710500332158473,8.554357357754714,,False,0.00039124649637907596,0.0004607032497110166
XAUUSD,09:00,240,day,fade,412,-0.0755791746003989,0.8812401255538029,-1.74083050772701,-0.08576456337925174,-0.28906453242319674,6.529104717913727,226,-0.052822690141701316,1.0654294944130156,-0.74533243219501,-0.04957877590088989,-0.08816867374789931,8.584213006697185,,False,5.898022838679504e-09,7.700303634180084e-09
XAUUSD,09:00,240,recent,follow,387,-0.016976856866026655,0.7872384856149607,-0.4242349577760347,-0.021565074848652735,0.34861275250820695,5.0106832610256715,232,0.01791139141269096,0.943950641772729,0.28901742733751157,0.018974923708991353,-0.35195758172944536,7.878061155868542,,False,1.2890840458019588e-05,1.5626079895437013e-05
XAUUSD,09:00,240,recent,fade,387,-0.0334484977721205,0.7878774496530843,-0.8351672000544379,-0.04245393466566207,-0.3654689741753946,5.037803400572948,232,-0.06458095429830867,0.9450871980374852,-1.0408222562265153,-0.06833332885305593,0.36020192101980364,7.9106887675458,,False,1.5275354889788804e-06,1.8920267753075093e-06
XAUUSD,09:30,60,none,follow,921,-0.02902775331297617,0.845328619824093,-1.0421198441611212,-0.034339016368588875,0.70000645008454,9.195607448319592,515,-0.0709229112283554,0.9247602482074931,-1.7404478538445483,-0.07669329576593355,-0.5836574911981656,7.084007041711703,,False,4.554306764166682e-12,7.237401209494227e-12
XAUUSD,09:30,60,none,fade,921,-0.05369542712388841,0.8458744843292435,-1.9264653041061222,-0.06347919002009794,-0.7138220733047217,9.203396310243283,515,-0.009275474140377424,0.9237452495636861,-0.22787019053591748,-0.010041160314230056,0.5870573818810495,7.108739299872348,,False,9.953966408109247e-16,1.732689233423107e-15
XAUUSD,09:30,60,day,follow,398,-0.09342919890691256,0.8956406045418918,-2.0810877206457663,-0.10431550158972566,-1.126435727990208,8.884067046400594,226,-0.086241003830334,1.0137738321451812,-1.2788716076902409,-0.08506927393050281,-0.08058030745533266,6.5246315953626635,,False,2.1814654540993438e-10,2.9391982872143083e-10
XAUUSD,09:30,60,day,fade,398,0.009613101207800397,0.8946814820574148,0.21435647279634626,0.010744719099018404,1.1129149454603668,8.880464786036852,226,0.0035364287757266915,1.0143749612737574,0.05241077898822265,0.003486313159076772,0.09167135260901774,6.508406697200627,,False,0.0001250500087324222,0.00014878947087353957
XAUUSD,09:30,60,recent,follow,397,-0.031208575463581044,0.98909106262047,-0.628684743367591,-0.031552782795244275,0.7189599804147427,8.757340396673671,237,-0.05367278852007352,0.9139977604650737,-0.904030745180132,-0.05872310725658993,0.15823947809708985,5.986970721376717,,False,4.853001790786752e-06,5.941624906049529e-06
XAUUSD,09:30,60,recent,fade,397,-0.05338745970354313,0.9888725188981373,-1.0757075137254783,-0.053988212518061206,-0.7209306006945153,8.704294023878749,237,-0.026806930551999536,0.9128979945212197,-0.45206304833632516,-0.029364650500802943,-0.15695316142742546,5.956196183469927,,False,2.745504442393488e-07,3.468642966522273e-07
XAUUSD,09:30,120,none,follow,921,-0.01865398309239366,0.823509286840944,-0.6874369829660021,-0.02265181873534423,0.21129924294678162,7.4269769369018475,515,-0.05107893998650995,0.9370376187350603,-1.2370534474082757,-0.05451108788509813,-0.4306659348078687,7.779346113742759,,False,3.143663661736925e-11,4.926288548304873e-11
XAUUSD,09:30,120,none,fade,921,-0.04357985118445448,0.8239194293455929,-1.6052061451224724,-0.05289334081982781,-0.22029773035149516,7.404070335396637,515,-0.006853624108605432,0.9365350050293031,-0.16607332519620704,-0.0073180650715677096,0.4352903293821029,7.765538728789813,,False,3.2087040381677666e-14,5.377160916397199e-14
XAUUSD,09:30,120,day,follow,398,-0.06389311703297172,0.864474399143038,-1.4744955810570575,-0.07390978506281921,-0.28948066315581716,7.443818031496037,226,-0.05985702802029694,1.1119381408696363,-0.8092612434842218,-0.053831257171809324,0.38772160109930354,7.370865335872364,,False,4.1332283783619994e-08,5.290990538055564e-08
XAUUSD,09:30,120,day,fade,398,0.0009363544462329336,0.8640253752736058,0.021619981389452356,0.001083711743924678,0.28040259912877974,7.489987134276492,226,4.3651647905726126e-05,1.1120112002164466,0.0005901272939008446,3.9254683673356514e-05,-0.3753861249122629,7.397031811773048,,False,6.311819118833746e-05,7.557106473550209e-05
XAUUSD,09:30,120,recent,follow,426,0.007402910317103462,0.9087129865787669,0.16814368187201176,0.008146588005718767,0.8774915458355167,7.552414110935057,226,-0.04298071263058259,1.10618390400977,-0.5841178751444905,-0.03885494308386083,-0.40314760821375634,6.708527401197645,,False,6.306564291733819e-05,7.602673408316561e-05
XAUUSD,09:30,120,recent,fade,426,-0.07171974439595817,0.9091253594573545,-1.6282450267494977,-0.07888872931535733,-0.8846850444794793,7.526852448381645,226,-0.014953191606791177,1.1049987235009613,-0.20343531304296067,-0.013532315729211944,0.41133578425184086,6.727500421052871,,False,3.5202919076796158e-09,4.665044185773249e-09
XAUUSD,09:30,240,none,follow,911,-0.025153298172399634,0.8074187928907489,-0.940275833069986,-0.031152728167677293,-0.002449436474089817,5.7554395411253765,509,-0.03873736894483757,0.9137617530409609,-0.9564362656683161,-0.04239329214198474,-1.1549164018880007,10.778713968303745,,False,6.3452337994662595e-12,1.0084494142426655e-11
XAUUSD,09:30,240,none,fade,911,-0.02593307640270367,0.8075005936551215,-0.9693271514006846,-0.032115241284614494,-0.006503341318177764,5.748886657511942,509,-0.00828309728258483,0.9133298393825464,-0.2046086578164159,-0.009069119309826328,1.1555882934722383,10.781034001073829,,False,5.182001028996331e-12,8.251791791254065e-12
XAUUSD,09:30,240,day,follow,396,-0.05971504051627949,0.8666612606389708,-1.3711404401808607,-0.06890239962064633,-0.09514168266852822,5.692894060089676,225,0.010417205140189808,1.0964489021159016,0.14251286749551567,0.009500857833034379,0.7522197039213102,10.837814816027533,,False,9.094206288888949e-08,1.1545784177984556e-07
XAUUSD,09:30,240,day,fade,396,0.00806101209740239,0.8664657883959591,0.18513381312210775,0.00930332415354252,0.08497794074622089,5.722357042518472,225,-0.058879880294155806,1.0967926714507183,-0.8052553845424024,-0.05368369230282683,-0.748119226924074,10.869582066759138,,False,0.00012544959572461444,0.00014905225862979412
XAUUSD,09:30,240,recent,follow,423,0.004156801371318427,0.8471504133826451,0.10091806836442141,0.0049068043946534235,0.5942380880353206,4.753621758109462,215,0.03772933544966605,0.9741491041193262,0.5679014143181055,0.038730554994222406,0.44673905513953477,4.14178906138729,,False,5.243576614072987e-05,6.327090897848414e-05
XAUUSD,09:30,240,recent,fade,423,-0.056979522192579714,0.8470833260097065,-1.3834480438482968,-0.06726554571790355,-0.6050567584239611,4.766196528605852,215,-0.08579930118294259,0.9733827250037269,-1.2924666516419836,-0.08814549403741892,-0.4500307798274423,4.142262545617275,,False,2.429890246801493e-08,3.1577334387942234e-08
XAUUSD,10:00,60,none,follow,921,-0.06619976648342041,0.78985461703911,-2.543543160716821,-0.08381259671758366,-0.1380567849939578,6.539694748438907,515,-0.05453883359202797,0.9317171363931852,-1.3283893247811323,-0.05853582751859202,-1.5381896730476208,18.084909564740705,,False,1.9162823521780996e-17,3.409881967875955e-17
XAUUSD,10:00,60,none,fade,921,-0.02828593553085745,0.790359534329778,-1.0861146348100321,-0.03578869400853603,0.1269555583379866,6.53728957962109,515,-0.028786713221440434,0.9305618990369499,-0.7020215259595797,-0.03093476452370569,1.542028703216926,18.039523911029466,,False,2.079686699514104e-12,3.344764164577695e-12
XAUUSD,10:00,60,day,follow,414,-0.07986762757947219,0.8573470769424358,-1.8954585130627568,-0.0931567036588085,0.15054353187473388,6.483213930455732,222,-0.036202446830947206,1.1683072607441074,-0.4616973011266454,-0.030987093932712085,-0.36190182045371744,16.361869332163323,,False,4.443058479563875e-09,5.78584224227852e-09
XAUUSD,10:00,60,day,fade,414,-0.016063110507560194,0.8575682101778266,-0.381119477347775,-0.018731000422962652,-0.1529834432379155,6.525636512771186,222,-0.04951798345806347,1.1682462615024065,-0.6315460711307671,-0.04238659697860413,0.36415182752081726,16.382067759007004,,False,7.893445508962153e-06,9.68746550402412e-06
XAUUSD,10:00,60,recent,follow,418,-0.0849327562972903,0.8854902229947951,-1.9610090091108694,-0.09591608590554651,0.17907755909941717,6.608107941248198,242,-0.047223114830625884,1.077924527198154,-0.6815127083806123,-0.04380929614188554,2.6386917580357685,18.55822642762554,,False,2.9010964003631053e-09,3.792528542384387e-09
XAUUSD,10:00,60,recent,fade,418,-0.01252159582458745,0.8847012374463797,-0.2893684563717492,-0.014153473844718526,-0.18196379590758635,6.682394275333175,242,-0.0357036033184357,1.0771012885761178,-0.5156596935818056,-0.03314786055602473,-2.640982548654572,18.663788330454498,,False,1.095450584395027e-05,1.3414525539615638e-05
XAUUSD,10:00,120,none,follow,921,-0.03373955170092676,0.7869436508119639,-1.3011443707234942,-0.04287416470812679,-0.07529804257449825,5.974011443385984,515,-0.026485350124442683,0.8579997815096649,-0.7005226078358741,-0.03086871429948533,-0.33143949314183385,6.816081726857496,,False,3.7006485915163747e-13,6.058005655950203e-13
XAUUSD,10:00,120,none,fade,921,-0.03554716035148728,0.7870639508212327,-1.3706441193927859,-0.04516425928845669,0.05716188045965468,5.953097668385055,515,-0.03520166657100306,0.8577978826644467,-0.9312834167581502,-0.04103725047870425,0.33493929977293707,6.806894400462418,,False,2.6093877252376824e-13,4.278803756961143e-13
XAUUSD,10:00,120,day,follow,414,-0.0213629396383899,0.8561581288068304,-0.5077000421840455,-0.024952095786513157,0.5909930554442597,5.871469566627421,222,0.00023273975172922025,0.9877250201350659,0.00351083968574965,0.000235632131397658,0.6365279840431517,6.64833212374371,,False,5.296956618251529e-06,6.513638601251713e-06
XAUUSD,10:00,120,day,fade,414,-0.048963976299738955,0.8568897390806922,-1.1626577938966849,-0.057141513156954815,-0.6049481007897313,5.885012763984654,222,-0.06414536275727228,0.9871974146483744,-0.9681390625317502,-0.06497723941074131,-0.6311686757285919,6.675501583009689,,False,1.1545010049762461e-07,1.4761029213467714e-07
XAUUSD,10:00,120,recent,follow,388,-0.040870379047885694,0.8798314700215807,-0.9150083061663156,-0.04645250873656885,0.4111871516555422,5.4141224110525075,226,0.07773326941908432,0.9781121197585442,1.1947375500525257,0.07947275966509185,0.9911370979895252,6.267872308831483,,False,1.5076038625344547e-06,1.8611555079219097e-06
XAUUSD,10:00,120,recent,fade,388,-0.03111347702845658,0.8809458432964098,-0.695689101218936,-0.03531826305239504,-0.424197776529618,5.457236381208291,226,-0.13931109470628544,0.9766035592606076,-2.144478131024606,-0.14264856336562884,-0.9878701770483811,6.250059121502784,,False,2.9277933006556962e-06,3.60649864420952e-06
XAUUSD,10:00,240,none,follow,905,-0.03663950518814849,0.7743230073799352,-1.4234811677991364,-0.04731811510047341,-0.1328021203309119,4.8445654857015334,506,-0.023665166028892626,0.8584218373098701,-0.6201318782132257,-0.027568224619092557,-0.6724506175797766,8.578447591849404,,False,2.0166565620642656e-13,3.3077531446297527e-13
XAUUSD,10:00,240,none,fade,905,-0.019649803948430376,0.7743372232751872,-0.76340038468994,-0.02537628743368204,0.12120740317404964,4.832645128096318,506,-0.026878501878370653,0.8580472306443084,-0.7046429697805295,-0.03132520089621123,0.6711578938991158,8.557344621377958,,False,2.5565599354701975e-11,4.000439965997053e-11
XAUUSD,10:00,240,day,follow,411,-0.0728262716979523,0.8293445242494224,-1.7802213550698014,-0.08781184365310896,0.49309780969017697,4.87209655685368,219,0.047770035643214186,0.9718809974823074,0.7273853201176639,0.04915214493025811,1.0127575684276309,8.756612666047815,,False,1.3794974932338005e-08,1.774216305218714e-08
XAUUSD,10:00,240,day,fade,411,0.015717259387150972,0.8294498459059535,0.3841559823067287,0.01894901718859691,-0.5031870543774841,4.885916852484876,219,-0.10015401542067191,0.9721139182177577,-1.5246608972533633,-0.10302703576581956,-1.0159854455721045,8.778790349041339,,False,0.00021881719425147014,0.0002589856119343747
XAUUSD,10:00,240,recent,follow,399,-0.01208814016068684,0.82103300142289,-0.29409342886047324,-0.014723086818358709,0.5161810639460591,5.297069531943432,228,0.10781534887286875,1.0039144673730038,1.6216282562420272,0.10739495482617646,1.1623790686788031,8.063325889731107,,False,1.7585575767490206e-05,2.1316276880168828e-05
XAUUSD,10:00,240,recent,fade,399,-0.045332210001420334,0.8207726468262214,-1.1032411826554558,-0.055231141262701365,-0.5244845071920206,5.326994343862599,228,-0.15920493357828902,1.0033902050619978,-2.3958194603266856,-0.1586670198444403,-1.1674696057618283,8.069983631216566,,False,2.4996638159975736e-07,3.15949517936239e-07
XAUUSD,10:30,60,none,follow,921,-0.040630268303463134,0.7866072301208169,-1.5675506100543162,-0.05165254875323563,0.24360250266864988,6.807691305817243,516,-0.0414700891989833,0.8999351924661063,-1.0467635341955257,-0.046081195119553185,-0.44170744100699844,8.826544020775522,,False,8.262960220861442e-14,1.365090796435503e-13
XAUUSD,10:30,60,none,fade,921,-0.05473618439275992,0.7872144711851945,-2.110139979837241,-0.06953147635910656,-0.2655167864884068,6.825305471707935,516,-0.04550123810516873,0.9001557679394449,-1.1482339835968078,-0.05054818257658455,0.4486033152139705,8.771898345137297,,False,5.162550287361056e-16,8.970638746515218e-16
XAUUSD,10:30,60,day,follow,422,-0.03078182928223033,0.8315089245703697,-0.7604728887682454,-0.03701924101191688,0.4613880658501823,4.8035615746054665,222,-0.08301469894442712,1.0653333982583555,-1.161036684571094,-0.07792368011755049,-0.17386199282722187,7.683592042623993,,False,1.3916190258747475e-06,1.735357265301752e-06
XAUUSD,10:30,60,day,fade,422,-0.06660224562744946,0.8323070676403402,-1.6438474620887302,-0.08002124241990682,-0.4752606852702346,4.826623533175667,222,-0.009656904847339796,1.0654558336494735,-0.13504514882041682,-0.009063636935810181,0.19866995850914557,7.794988904292603,,False,5.881622928731102e-09,7.72218485540516e-09
XAUUSD,10:30,60,recent,follow,370,0.0043314573138856305,0.8780244465022635,0.09489171436083772,0.004933185324327373,0.4767623248902594,4.235415943032747,235,0.046486169523623534,1.010917123225505,0.7049237452495791,0.045984154838827354,1.2090062131514079,9.19901670563202,,False,0.00014406227063135452,0.00016996443841111355
XAUUSD,10:30,60,recent,fade,370,-0.10275908938043628,0.8782100418089517,-2.250726427574034,-0.11700969527605423,-0.4930055501348449,4.226701883368046,235,-0.13584676417348718,1.0092529674726594,-2.063398897855177,-0.13460130269784643,-1.202961748324911,9.223993479368303,,False,5.040784093909581e-10,6.631479405381833e-10
XAUUSD,10:30,120,none,follow,921,-0.02873735713340099,0.7549575335359996,-1.1551918523092735,-0.038064865713444355,0.020269123500373146,4.642745410574288,516,-0.017522426945086135,0.8874092847123751,-0.44853376376100285,-0.01974559794105091,-0.5510509358888305,5.908618574683374,,False,1.147899252371421e-12,1.858292769574097e-12
XAUUSD,10:30,120,none,fade,921,-0.04535402597526007,0.7549572405879837,-1.8231537911739761,-0.0600749599274483,-0.03981687303109239,4.6432922306937305,516,-0.04921754251955548,0.8865563539812927,-1.2610677785745414,-0.05551541342919981,0.5497562965601823,5.913235884295385,,False,7.548047010059065e-15,1.2781458070597032e-14
XAUUSD,10:30,120,day,follow,422,-0.012711396246923103,0.8457292493766901,-0.30875793783083744,-0.01503010124846872,0.3727028810673723,4.195682864557718,222,-0.034266582626902665,0.9741134250028414,-0.5241284731874435,-0.03517719984898341,0.22394879392913533,4.962708268328282,,False,9.968986494936917e-06,1.222079093279782e-05
XAUUSD,10:30,120,day,fade,422,-0.06283083848600808,0.8463961007702806,-1.5249493774652838,-0.07423337421903002,-0.3887013530550416,4.215147327522212,222,-0.03664724174963424,0.9746907702528519,-0.5602100900753214,-0.037598839414604596,-0.22259189260916298,5.004290795126752,,False,1.3413003202632512e-08,1.747954286057785e-08
XAUUSD,10:30,120,recent,follow,412,-0.02361945500614143,0.8121830737595002,-0.5902888041591621,-0.02908144206553055,0.3333896154832244,3.9701877290974337,239,-0.03900951296894346,1.0520254635401722,-0.5732488959130259,-0.037080388565569986,0.5297153629125384,5.42542386106878,,False,3.58560273578916e-06,4.425334136963989e-06
XAUUSD,10:30,120,recent,fade,412,-0.05269097923184177,0.8133906355698347,-1.3148787588582365,-0.06477942691696739,-0.3473213475377214,3.9821017269399808,239,-0.028607705049496043,1.0514723496922187,-0.4206143771150656,-0.027207282300737566,-0.5303570065858072,5.426934188777514,,False,6.223146922202979e-08,7.981162974560151e-08
XAUUSD,10:30,240,none,follow,893,-0.04103557041551391,0.777954495076674,-1.5762750798884224,-0.05274803433261158,-0.09707053564174996,5.047799063668637,500,-0.03703165841975972,0.8977522403435326,-0.9223625609048776,-0.04124930772168192,-0.9748920204456266,7.622711190267148,,False,9.066494211385897e-14,1.4920519649185408e-13
XAUUSD,10:30,240,none,fade,893,-0.017968980224358725,0.7778425715790344,-0.6903311198156006,-0.02310105011079732,0.08417637214567084,5.051311720747583,500,-0.016049151295098076,0.8978188102179653,-0.39971309209155165,-0.01787571290826686,0.9677020065919352,7.576972406976138,,False,5.2376336797965074e-11,8.116415061045897e-11
XAUUSD,10:30,240,day,follow,414,-0.03053471958515208,0.8866871795757522,-0.7006863827707113,-0.03443685697560423,0.31142054141479014,4.767750490803943,219,-0.05096655146030753,0.9939119395445078,-0.7588560462362323,-0.051278739526627065,0.7280400074961337,7.84001468011837,,False,2.069571965472471e-06,2.5680138126538166e-06
XAUUSD,10:30,240,day,fade,414,-0.029360706114689508,0.8867934557898423,-0.6736653144221444,-0.03310884391736827,-0.3221044313630862,4.774710359575891,219,-0.005003098443237792,0.9943303806717667,-0.07446126272171812,-0.005031625846388917,-0.7359980623381395,7.878036428423872,,False,1.856845565251451e-06,2.31168024495075e-06
XAUUSD,10:30,240,recent,follow,400,0.013123976500613596,0.8380798502180401,0.31319155322011816,0.015659577661005907,0.45735879560299597,5.4969653613763265,229,0.0037841783546625324,0.9964952564181169,0.05746641472035735,0.0037974875748678313,1.174128500201737,8.517103054126858,,False,0.00018269850428698624,0.00021648263866701258
XAUUSD,10:30,240,recent,fade,400,-0.07366609713582133,0.838106354049621,-1.7579176384924495,-0.08789588192462247,-0.4641502026839863,5.50642613290414,229,-0.057598930074382104,0.9959822546397037,-0.8751460899742959,-0.05783128143705583,-1.1792777228411104,8.564782132666318,,False,5.565381001552566e-09,7.257889316110743e-09
XAUUSD,11:00,60,none,follow,921,-0.025451389029201774,0.7650857537341579,-1.0095578012696254,-0.03326606057553817,0.2588887735730451,6.9593111406442825,516,-0.030505143949633527,0.8618787290970845,-0.8039920732091707,-0.03539377747678158,-0.38629655196443535,8.080448518108703,,False,3.905093347567211e-12,6.237679191359208e-12
XAUUSD,11:00,60,none,fade,921,-0.07762793266959242,0.7654131565118933,-3.0778816233278463,-0.10141964768851762,-0.2939174160249765,6.978636256953234,516,-0.06359188019620723,0.8618409226898519,-1.6760979882192577,-0.07378609964091001,0.37494608600088025,8.04604931660451,,False,1.0353360859548241e-19,1.9242492268042087e-19
XAUUSD,11:00,60,day,follow,423,-0.0435943346139413,0.8735891269049363,-1.0263441637821982,-0.049902560908001346,0.041672007145454,6.2586716330958305,233,-0.03769181373337677,0.9273530701522794,-0.6204115618725436,-0.04064451280372366,-0.2828875184786936,5.736027045307967,,False,3.081780572036375e-07,3.9007732070765095e-07
XAUUSD,11:00,60,day,fade,423,-0.06272463765423199,0.8748964648556652,-1.47452344808708,-0.07169378340622269,-0.07433936540002484,6.256982123675041,233,-0.05847500737219415,0.9270163257772831,-0.9628549404563089,-0.06307872444766723,0.28286812181906196,5.725927564052079,,False,2.6177726240794222e-08,3.38299372720016e-08
XAUUSD,11:00,60,recent,follow,386,-0.054400092941726985,0.8673076453770014,-1.2323104158379234,-0.06272294869265259,-0.006336605305138204,6.18326866213138,224,-0.04447694342547781,0.9677827361671044,-0.6878299340951702,-0.045957570602704056,0.18966877422783837,6.628011401189332,,False,2.652532146549152e-07,3.3266051309641837e-07
XAUUSD,11:00,60,recent,fade,386,-0.050267601256009306,0.8693225216884602,-1.1360589896941775,-0.05782388009271402,-0.028309715811731303,6.1969666606908405,224,-0.05065013821186364,0.967847482396307,-0.7832451588852273,-0.05233276847139,-0.18401049637960343,6.569149649168132,,False,4.2413069864142763e-07,5.299873421353991e-07
XAUUSD,11:00,120,none,follow,921,-0.013583750356046257,0.7612356550398769,-0.5415398057106056,-0.017844343293844638,0.23437010507183645,5.548903038824598,516,0.004120796808622469,0.8187168002042658,0.1143331974230634,0.005033238364712133,-0.5502113350296177,6.871364658010556,,False,8.041916154396874e-11,1.248724159612498e-10
XAUUSD,11:00,120,none,fade,921,-0.0670710246944037,0.7608352024626412,-2.675310278601327,-0.08815447087268158,-0.2521079316461999,5.565523007077361,516,-0.07730765349769901,0.8180704768546213,-2.146627172418237,-0.0944999919749424,0.5473959115276893,6.872486583354935,,False,4.004523717595091e-18,7.23749588279719e-18
XAUUSD,11:00,120,day,follow,423,-0.07943304812765868,0.8701322197365043,-1.877526872818826,-0.09128848044692886,-0.07301065953165724,5.219227390810184,233,-0.001963077209913125,0.8556891885294278,-0.035018641717663196,-0.00229414749681112,-0.19285422035815425,4.245755332780516,,False,2.558549427650247e-09,3.3656979920211923e-09
XAUUSD,11:00,120,day,fade,423,-0.003650506699075109,0.870852234328866,-0.08621421198257428,-0.004191878432611959,0.056209188773328415,5.227595584397324,233,-0.07306788301173413,0.8583691024551146,-1.2993627393549592,-0.08512408333751151,0.1844425251922295,4.218530325156214,,False,2.455582722123426e-05,2.985608930170548e-05
XAUUSD,11:00,120,recent,follow,395,-0.024398915296737843,0.8617682317078389,-0.5627021661012322,-0.02831261863573742,0.009646834452144416,5.534798246579989,216,0.05505481257805438,0.8983976978483575,0.9006447747391078,0.061281114933741956,0.8670458837804352,7.3149003853786745,,False,5.425029556986587e-06,6.647307006342425e-06
XAUUSD,11:00,120,recent,fade,395,-0.058428042725633136,0.8638149840083301,-1.3443091442550295,-0.06763953370490468,-0.022143979380250672,5.52963903226734,216,-0.1280412315575638,0.8981529753140889,-2.095204438267757,-0.1425606050158517,-0.8769056210977614,7.262017099185482,,False,1.1506036426140593e-07,1.4567954827502534e-07
XAUUSD,11:00,240,none,follow,893,-0.026676906488091748,0.7777681478404994,-1.0249697364750046,-0.0342993044420257,-0.0055573280906608255,5.450352885819496,500,0.008898878947713455,0.853758911630849,0.2330692889942314,0.0104231754731729,-0.19195360803483552,8.508062252988166,,False,5.282005518155553e-12,8.370712951059103e-12
XAUUSD,11:00,240,none,fade,893,-0.03602750397646303,0.777481760752538,-1.3847446461119506,-0.04633871274561012,-0.006268602122840964,5.468168076846038,500,-0.06541605541547565,0.8541660165003607,-1.712486143246546,-0.07658470853651438,0.18261887561286153,8.48201540298103,,False,4.2008428142112053e-13,6.812509853221725e-13
XAUUSD,11:00,240,day,follow,415,-0.09565158017290383,0.8456025625944742,-2.3043577660309786,-0.11311647386619318,-0.30060187414692746,5.569628201453455,229,-0.08076847135378751,0.9129486935254965,-1.3387923839190345,-0.08846989094413096,-0.9326251179528301,7.908382515024675,,False,1.4949232747677615e-10,2.0078152674725074e-10
XAUUSD,11:00,240,day,fade,415,0.03129542241808349,0.8453845369856775,0.7541375512822558,0.03701915642989067,0.29031252822181836,5.577427246882721,229,0.022980807915498284,0.9132957389139114,0.38077778435080706,0.025162504253909028,0.9196520573599402,7.880726163844762,,False,0.0006922820809265117,0.0008102224099474015
XAUUSD,11:00,240,recent,follow,403,-0.0302513630186236,0.8443295295399856,-0.7192593094668766,-0.03582885823631608,-0.0706047657934166,5.793050671302653,210,-0.004842144264084709,0.8792958991691778,-0.07980173324651321,-0.005506842768924449,0.9662401576671239,7.3832881836999205,,False,2.1170559937188205e-06,2.6224017231572894e-06
XAUUSD,11:00,240,recent,fade,403,-0.03394594384555467,0.8448023358741676,-0.8066503108845179,-0.040182114092320496,0.06500204679594766,5.7931948873548205,210,-0.05141377717366068,0.8788640828445968,-0.8477493044847694,-0.058500259798137416,-0.971237813989015,7.388798657023373,,False,1.4774137548246113e-06,1.8348602152422872e-06
XAUUSD,11:30,60,none,follow,921,-0.05348555447917971,0.7707507590016859,-2.1059708544265625,-0.06939409900608702,0.22721197326351075,5.481546742237919,516,-0.028593138182155177,0.8483083186070352,-0.7656546917842042,-0.03370606836569344,-1.0126658439977207,10.026704927009183,,False,1.5136982573166893e-15,2.5842521928076673e-15
XAUUSD,11:30,60,none,fade,921,-0.06519970319575445,0.7700792134950334,-2.5694491839173255,-0.0846662292049712,-0.2549328341743026,5.519934506639148,516,-0.07627045474672083,0.8459905100623798,-2.0479327692089484,-0.09015521313719815,1.0204313108315064,10.16798138232344,,False,1.002505252489644e-17,1.799047990360872e-17
XAUUSD,11:30,60,day,follow,407,-0.1074182393008593,0.8865325978156156,-2.4444464343303447,-0.12116671125859779,0.1791946474892186,4.834000118803894,233,0.0018779602489142231,0.8742766208703643,0.032788042604499676,0.002148016090198851,0.49178239512850935,3.8154112183414512,,False,2.345340817581395e-10,3.1069941656139057e-10
XAUUSD,11:30,60,day,fade,407,-0.01406243544774907,0.8874220388760969,-0.31968888462010087,-0.015846389690252538,-0.20158127532076683,4.825209182280237,233,-0.10912486413760857,0.8740315193736375,-1.9057879737383638,-0.12485232136229066,-0.4880814803948408,3.7702084646392886,,False,1.2016770861976676e-05,1.4663814368712424e-05
XAUUSD,11:30,60,recent,follow,397,-0.08993541894750633,0.8277632185329215,-2.164810525027136,-0.10864872578767458,0.4015083123246013,4.948500961525615,249,0.019216365800709307,0.9692408727795953,0.31285219823672883,0.019826202485250636,1.2539075282709755,9.53806935580982,,False,2.42331191509575e-09,3.1405838137779966e-09
XAUUSD,11:30,60,recent,fade,397,-0.03166341128276255,0.8290200357677999,-0.7610057334517221,-0.03819378292038186,-0.43094559243873726,4.9649099751602135,249,-0.12683499079991178,0.9716356148578889,-2.0598487391469904,-0.13053760984097174,-1.2310169219329292,9.322337000662897,,False,1.7012858627678422e-06,2.1113058181466385e-06
XAUUSD,11:30,120,none,follow,911,-0.0640782763359812,0.7920200888412494,-2.441933384422104,-0.08090486243818608,-0.23843116013314045,5.238819207734484,510,-0.030040678676643312,0.8390612906316641,-0.8085393151520694,-0.035802722652153354,-1.3786819925908365,11.008237311939393,,False,4.103767945035443e-17,7.257953928035452e-17
XAUUSD,11:30,120,none,fade,911,-0.026286872539000916,0.7915615322700797,-1.002336227293972,-0.033208880759546394,0.21909917909659257,5.254285719083793,510,-0.05133815812266616,0.8390894362467235,-1.381710690390612,-0.06118317774599039,1.3890558602983063,11.092086228655617,,False,4.910764618388449e-12,7.810494045154026e-12
XAUUSD,11:30,120,day,follow,406,-0.10767634184046561,0.8897810383946183,-2.438373123912282,-0.12101442623989825,-0.25043582762413646,4.544392915808795,232,0.02504493813249638,0.8934732610462847,0.42695528693076507,0.02803098785873904,0.8957451718962565,5.613845300657978,,False,8.610526120057832e-11,1.1567606489699768e-10
XAUUSD,11:30,120,day,fade,406,0.015047321778624757,0.8892001025441287,0.34097514355344605,0.0169223122394748,0.23506614818484947,4.529082417196436,232,-0.10821284278314959,0.8942807502687983,-1.8431000723861695,-0.12100544795426217,-0.9006560186268965,5.62061656244479,,False,0.000185832217242917,0.00022037298548970965
XAUUSD,11:30,120,recent,follow,369,-0.08449238409776716,0.8753013335705095,-1.8542707925098256,-0.09652948174214213,-0.18989232119709049,5.066980427853341,227,-0.012038569991248506,0.9532314566391009,-0.190278388663336,-0.012629220224953592,1.4627419820386263,12.188302947858636,,False,1.1498327336057415e-08,1.4717242002207973e-08
XAUUSD,11:30,120,recent,fade,369,-0.008315273744335326,0.8755147088557671,-0.1824426145489713,-0.00949758314763526,0.17171880470702502,5.054430678750905,227,-0.0709222788055496,0.9546165154870044,-1.1193519660553801,-0.07429399937562163,-1.4410709218722,12.0556639083742,,False,5.010353942612728e-05,5.971649847343455e-05
XAUUSD,11:30,240,none,follow,893,-0.053103910398377176,0.8129368820417017,-1.9520700770210753,-0.0653235344237378,-0.22463510625829655,6.064387146895706,500,-0.007129900047687952,0.7938155306025846,-0.2008393709216924,-0.008981809718783975,-0.29507568818128066,6.608732101667621,,False,4.080258775132899e-15,6.9076972727048994e-15
XAUUSD,11:30,240,none,fade,893,-0.013225988488373431,0.8123825582274847,-0.4865116890966272,-0.01628049292100861,0.2080273101670019,6.075283828776716,500,-0.053667566306856866,0.7942390649934824,-1.5109345754743764,-0.06757104840630984,0.2940575612296749,6.62507430484892,,False,2.0181700877755297e-10,3.0846610680391785e-10
XAUUSD,11:30,240,day,follow,401,-0.11533873418637597,0.885369845204934,-2.6086910059931436,-0.13027181218226247,-0.579646617570457,5.884159659144662,230,-0.03151153360200204,0.8524580538163767,-0.5606094828602488,-0.03696549461985582,-0.004467499113497708,6.457033689327654,,False,1.3720692358341206e-11,1.873573014843977e-11
XAUUSD,11:30,240,day,fade,401,0.04761515487611973,0.8853163599436329,1.0770079222265174,0.0537832090656851,0.5724036962196876,5.890897310153411,230,-0.030555677928566154,0.8515152613192754,-0.544206100268581,-0.035883887601997205,-0.002333833016493737,6.448320307187554,,False,0.0023097756998815234,0.002658722266098185
XAUUSD,11:30,240,recent,follow,406,-0.0605773962611607,0.8314371380786693,-1.468061332799623,-0.07285866060920286,-0.3961570612255082,5.953191354420168,229,0.017131097567538285,0.8731104060120758,0.2969161122767056,0.01962076897672589,1.2634553306760932,6.930577594059528,,False,2.9741391894392657e-08,3.831305081961139e-08
XAUUSD,11:30,240,recent,fade,406,-0.007061313324046809,0.8313692795623429,-0.17114118178534884,-0.008493594239811329,0.3888722210508258,5.971759957978481,229,-0.07749122332991637,0.8735315025290515,-1.3424301157358716,-0.08871027902893427,-1.2624063542882942,6.8926493056352385,,False,2.4811046623668397e-05,3.003519976587145e-05
XAUUSD,12:00,60,none,follow,921,-0.05182810839625928,0.7788231989692846,-2.019557831596607,-0.06654669309395249,-0.211537210895993,5.902016006375535,516,-0.010008347987722765,0.823939325573418,-0.2759256132147692,-0.012146947811669855,0.5254561212132484,10.72884751997873,,False,1.1800898204970083e-15,2.0350065578533014e-15
XAUUSD,12:00,60,none,fade,921,-0.07925796226517005,0.7781395359387884,-3.091115521199388,-0.10185571944953174,0.19137099105795183,5.90309788108596,516,-0.10920640808982111,0.8226164973189977,-3.0156126668374474,-0.1327549452822031,-0.5341288715073502,10.664081441745608,,False,5.901176696922743e-19,1.0677494503885737e-18
XAUUSD,12:00,60,day,follow,402,-0.16399795776334591,0.893941314097305,-3.6782602805956626,-0.18345494852640273,-0.495730982454834,5.382268056970134,239,-0.049521151752307736,0.9485514889736885,-0.8071026573936833,-0.05220713090218067,-1.1462049085248585,11.633210352557462,,False,4.2303108490587814e-15,6.072689162769968e-15
XAUUSD,12:00,60,day,fade,402,0.0293976699734186,0.8930115785418227,0.6600378588082851,0.0329196963172878,0.4793140119839623,5.3478965604321775,239,-0.07396681570734671,0.9492124111909258,-1.2046821211990926,-0.07792440852574244,1.1442078239043114,11.629749889784904,,False,0.0006006193809820726,0.0007027079516243726
XAUUSD,12:00,60,recent,follow,369,-0.08714579060052945,0.905307647958232,-1.8491128134496078,-0.0962609680776165,0.32622465940923656,5.175658830229153,217,-0.051155176378203736,1.0062913692006363,-0.7488515025086314,-0.05083535240776205,-0.8355835536115438,10.272873053373186,,False,2.5598467450441334e-08,3.238313722744025e-08
XAUUSD,12:00,60,recent,fade,369,-0.04653519226009764,0.903472958676001,-0.989417385189562,-0.05150701170768063,-0.3420289214634802,5.178868700388853,217,-0.07265360367786093,1.0065001664666222,-1.0633425101845202,-0.07218439310637738,0.8346628526845983,10.356163925554911,,False,1.0974718171743516e-06,1.3564944402455002e-06
XAUUSD,12:00,120,none,follow,905,-0.06426842793788401,0.7896820511933428,-2.4483285642094703,-0.08138519527037948,-0.36697630623455746,6.911151389164229,507,-0.032544058257106705,0.7964467853740684,-0.9200658781880898,-0.04086156018800639,-0.09136216908512593,6.799108447642026,,False,3.472969648051762e-17,6.152599511498495e-17
XAUUSD,12:00,120,none,fade,905,-0.03303132042018933,0.7898804611924737,-1.2580237883767234,-0.0418181257076828,0.3483587844686532,6.898892014049287,507,-0.05721721728382228,0.7968562038311344,-1.616779351216253,-0.07180369181884094,0.09746395189908637,6.738329966326134,,False,1.156422015254387e-12,1.8575695125263367e-12
XAUUSD,12:00,120,day,follow,398,-0.15432581601258397,0.9049365768719254,-3.4022167283158224,-0.17053771497007963,0.014105399405334089,6.293457499597164,236,0.0066510276151000546,0.90877863487332,0.11243114774986729,0.0073186443429396645,0.06525122035826418,6.8924458202553645,,False,5.854989680810693e-13,8.02295222544218e-13
XAUUSD,12:00,120,day,fade,398,0.0544560631730252,0.9028323773896249,1.2033186618800429,0.060316914342920414,-0.025677248414496884,6.280932712768576,236,-0.09970052507150015,0.9100859392340952,-1.6829493374168825,-0.10955067073710152,-0.058302448401837986,6.950962000021215,,False,0.004090463970914176,0.004659082884037723
XAUUSD,12:00,120,recent,follow,392,-0.055006305926959376,0.8434706403115441,-1.2911762922880574,-0.06521425085601351,0.6755325966632195,5.6057861660454815,212,-0.045852733075838314,0.8975599523044264,-0.7438231499943988,-0.05108598368066047,-0.07619870514210206,7.155123497237547,,False,2.95379301932394e-07,3.689786325769178e-07
XAUUSD,12:00,120,recent,fade,392,-0.04456695726063499,0.8427288465650209,-1.047051776001605,-0.05288410079029663,-0.687186667650313,5.608756367542021,212,-0.045889712924643965,0.899599488756522,-0.7427353106674884,-0.05101127056894548,0.07949706170540413,7.213666934508042,,False,3.636992697097778e-07,4.5772406838575637e-07
XAUUSD,12:00,240,none,follow,893,-0.05066995545098285,0.828910332013138,-1.8267061837154648,-0.061128391689753654,-0.4629295144452842,8.274495911564301,500,-0.007886900710403587,0.7676268145084566,-0.22974244498671717,-0.010274394486146107,-0.047530014559944565,5.968363879340372,,False,7.544202306435001e-15,1.274736666145868e-14
XAUUSD,12:00,240,none,fade,893,-0.018625292403303656,0.8285773846818502,-0.6717315605213957,-0.02247863959074291,0.44275333870209727,8.228778633460935,500,-0.055521290684346,0.7675378693512985,-1.617501691136765,-0.07233687470205351,0.035887775415620465,5.956056511701801,,False,7.059400427189588e-11,1.088761745717419e-10
XAUUSD,12:00,240,day,follow,395,-0.13073587251354854,0.8991544183483445,-2.889741764917803,-0.14539868775120637,-0.9319661471487207,7.25715470898027,235,-0.047646269724083166,0.8200356188562089,-0.8906972662665816,-0.058102683137764795,0.10127367135637212,5.524481399974899,,False,6.25392185221084e-13,8.764119748322881e-13
XAUUSD,12:00,240,day,fade,395,0.05985423668262219,0.8977619228709627,1.3250499892237828,0.06667050044984496,0.9294105770191787,7.288208279851844,235,-0.017850635210517683,0.819202254112269,-0.3340384559042432,-0.02179026622657622,-0.12080061643221675,5.531075640553553,,False,0.004814032045424175,0.0054903841004149126
XAUUSD,12:00,240,recent,follow,396,-0.0809410421703474,0.8442780846351203,-1.9077913206907062,-0.09587012104587371,-0.7915681398672878,8.24969880849254,231,-0.010031066987562946,0.8313018661882199,-0.18339790281760254,-0.012066696101090858,0.4731070762900952,6.249544373820916,,False,1.5274994018530055e-09,2.0162336865323086e-09
XAUUSD,12:00,240,recent,fade,396,0.010171003390765248,0.8437769991304762,0.2398742939665119,0.012054136817247455,0.7884024602084637,8.283545720151954,231,-0.05310996388866671,0.8315641247641171,-0.9707027305685669,-0.06386755068796646,-0.48501140808732,6.2366119114193825,,False,0.00014606539138284548,0.00017338839172181228
XAUUSD,12:30,60,none,follow,911,-0.10583973838380403,0.8228891915469422,-3.882098836752121,-0.12861967257685913,0.058777583909800916,6.9060605188442175,510,-0.08852483004659763,0.8249912579546993,-2.4232646286461756,-0.10730396133659222,-1.7281811034420158,18.303773022695314,,False,5.652342143087103e-22,1.0707314257271599e-21
XAUUSD,12:30,60,none,fade,911,-0.035294513137603636,0.823024685143524,-1.29435534868716,-0.04288390588363551,-0.08856694016842145,6.920440364147675,510,-0.04312738416100453,0.8271089600352514,-1.1775394880705676,-0.05214232494732791,1.7049702477628261,17.916856275669282,,False,4.892537842786459e-13,7.967780314847714e-13
XAUUSD,12:30,60,day,follow,395,-0.13789916742976563,0.9265044526994739,-2.9580988396738563,-0.1488381054489064,-0.39352631554027545,5.757913332039642,241,-0.07533214002347366,1.0191325758728114,-1.1475143957261529,-0.07391790018973467,1.7475057946600883,16.04213287739164,,False,2.4812687253502206e-12,3.405039711667353e-12
XAUUSD,12:30,60,day,fade,395,-0.00678998487736942,0.9220421896544394,-0.14635803210120563,-0.007364071789289981,0.37217935561226645,5.744085565111539,241,-0.06043390261382249,1.0190713300130658,-0.9206288452268762,-0.05930291711086372,-1.7557193206782127,16.27562538518808,,False,3.435585699314898e-05,4.134999483897446e-05
XAUUSD,12:30,60,recent,follow,360,-0.05277455979673995,0.9199995640068104,-1.0883992862580245,-0.05736367913794933,0.1288967424960515,5.741422687649437,219,-0.08022489512027821,0.8103608341820433,-1.4650510991293952,-0.09899897889469829,0.7779393327342533,4.792133919012103,,False,1.1457528340937425e-06,1.408174748288039e-06
XAUUSD,12:30,60,recent,fade,360,-0.09008217486859232,0.9233801572904112,-1.8510134547546166,-0.09755697494402696,-0.15195319750542777,5.746210661539825,219,-0.05668749918215278,0.8077561111893695,-1.0385540487392892,-0.07017897902212593,-0.7580646671818987,4.674239015362868,,False,1.6588891017661466e-08,2.1099238072611624e-08
XAUUSD,12:30,120,none,follow,893,-0.07972906865662206,0.8196366479424003,-2.9068394923962857,-0.0972736746908186,-0.2904133831000118,6.864780924521447,500,-0.08418968824613215,0.82450579562951,-2.2832327792084803,-0.10210927405531861,-0.8323418950032102,9.689740528623082,,False,1.1021776789524194e-18,1.9939969108013773e-18
XAUUSD,12:30,120,none,fade,893,-0.01952943901314601,0.8195902784887098,-0.7120634584837462,-0.02382829509539508,0.2614314876128365,6.917534624662736,500,-0.006792476858555054,0.8250725915688574,-0.18408610522915128,-0.008232580900111235,0.8037327014022625,9.601398522242791,,False,5.003285024448012e-11,7.749053159808335e-11
XAUUSD,12:30,120,day,follow,389,-0.09172446573277267,0.9182726362108061,-1.9701003519057545,-0.09988805297658424,0.03386829942310942,7.088017874960162,238,-0.09828480397774143,0.9827152021598371,-1.542933398459004,-0.10001351740741217,-0.504941566548046,9.149057268992626,,False,5.159169514899002e-09,6.663218835613164e-09
XAUUSD,12:30,120,day,fade,389,-0.009389754813301737,0.9178466389087341,-0.2017710856712858,-0.01023020013938887,-0.05100487073812071,7.065190251108233,238,0.004760004960108323,0.980748701709017,0.07487522525050387,0.004853439980918365,0.4748415574655535,9.115516274922552,,False,2.997617543464853e-05,3.608715829731936e-05
XAUUSD,12:30,120,recent,follow,376,-0.04466266185861086,0.8809311120724675,-0.983097467229759,-0.05069938074219906,0.8389343146097886,6.0481930193933096,228,0.03850927048642529,0.9684360403376775,0.6004291544007253,0.03976439215644819,0.49363685415401465,8.715179779489336,,False,1.8864016411891373e-06,2.311212719996743e-06
XAUUSD,12:30,120,recent,fade,376,-0.0562941767143977,0.881024966767829,-1.2389939302146278,-0.0638962331804526,-0.8732053261775927,6.146460049822901,228,-0.12921455874581053,0.9705441747538295,-2.010312462912624,-0.13313619524694456,-0.5183853651651087,8.719578954708087,,False,1.5716456336599917e-07,1.986309389257538e-07
XAUUSD,12:30,240,none,follow,0,,,,,,,0,,,,,,,,False,,
XAUUSD,12:30,240,none,fade,0,,,,,,,0,,,,,,,,False,,
XAUUSD,12:30,240,day,follow,0,,,,,,,0,,,,,,,,False,,
XAUUSD,12:30,240,day,fade,0,,,,,,,0,,,,,,,,False,,
XAUUSD,12:30,240,recent,follow,0,,,,,,,0,,,,,,,,False,,
XAUUSD,12:30,240,recent,fade,0,,,,,,,0,,,,,,,,False,,
XAUUSD,13:00,60,none,follow,905,-0.11534609687540996,0.7910966687247173,-4.386292984027765,-0.14580531234109853,-0.7754554667993856,11.4712542757056,507,-0.11015389489419998,0.7999057161564317,-3.100737754227497,-0.1377085982376678,-0.6148586983752854,6.116051640461816,,False,4.023948255409919e-26,8.356065932504621e-26
XAUUSD,13:00,60,none,fade,905,-0.03208727393730438,0.7918388683398718,-1.2190465670285544,-0.040522479029826974,0.7262133837183501,11.394185980977946,507,-0.029303746430690794,0.8015950869283258,-0.8231369184650809,-0.03655679395813335,0.576589561742563,6.099819960109729,,False,2.2661459365215137e-12,3.604165052442449e-12
XAUUSD,13:00,60,day,follow,399,-0.09131138839446361,0.9004663951985392,-2.025554273183729,-0.10140454866650613,-0.7620778142270371,12.59197980175812,234,-0.03574645625206524,0.9165019008738159,-0.5966333876578616,-0.039003144693953905,0.780813129817384,6.3279334769229285,,False,8.331262099545651e-10,1.103800301746956e-09
XAUUSD,13:00,60,day,fade,399,-0.058109897834598946,0.8989477494008471,-1.2912255477761263,-0.06464213061696797,0.7430671588356785,12.504416578288286,234,-0.10923826869695887,0.9175290293271748,-1.8212221496425236,-0.11905701640531573,-0.8178936974885608,6.323584343644651,,False,2.848956762402033e-07,3.5627192823955183e-07
XAUUSD,13:00,60,recent,follow,368,-0.052660234374340656,0.8474304416320274,-1.192072409157855,-0.0621410699772889,0.41323823533525517,4.466591007569273,222,-0.08238199780023604,0.8731011371030897,-1.4058670522628947,-0.09435561849521329,0.02813247297696787,4.661613304227428,,False,6.926938450658423e-07,8.552703435030128e-07
XAUUSD,13:00,60,recent,fade,368,-0.09794910196650329,0.8479918567100916,-2.215810857965462,-0.11550712567749312,-0.4323446792287444,4.446815954917087,222,-0.05592442966272751,0.8660415746362315,-0.9621423030715021,-0.06457476326840056,-0.05551946771631139,4.734929847661904,,False,7.891537086485249e-10,1.0330342627851184e-09
XAUUSD,13:00,120,none,follow,893,-0.07610021341535032,0.8235678009727583,-2.761291432963303,-0.09240309459095468,-0.46953149181021564,10.661047851257447,500,-0.03707976437424589,0.8380461190854477,-0.9893593185655566,-0.04424549380970908,-0.058037383254881586,14.843933877260213,,False,2.8950903922730093e-18,5.212654613880762e-18
XAUUSD,13:00,120,none,fade,893,-0.026023644176247133,0.8233087025211733,-0.9445634480763481,-0.03160861059351899,0.4367054683439364,10.705141492680537,500,-0.05595455588667637,0.838971003472882,-1.4913291412396659,-0.06669426673276556,0.024254113776180388,14.674384778372005,,False,1.2952136718933105e-11,2.028362977797604e-11
XAUUSD,13:00,120,day,follow,395,-0.061650426458903444,0.8951148199776277,-1.368850078924493,-0.06887432213494614,-1.472237896292833,12.409252997536209,233,-0.12688430138529974,0.9426805175485163,-2.054571794572829,-0.1345994735472715,-1.4404712085537645,11.778231587281459,,False,2.4864652087621594e-08,3.22486586253056e-08
XAUUSD,13:00,120,day,fade,395,-0.041501205097731614,0.8962175526305328,-0.9203347282903998,-0.04630706570733786,1.443759467685259,12.286101098058301,233,0.03080055749721772,0.9407298255338826,0.4997716589362638,0.03274112998356122,1.4060339955982681,11.664696440792184,,False,2.1665295792899218e-06,2.6577092392950154e-06
XAUUSD,13:00,120,recent,follow,360,-0.09742439396704686,0.8945887242298285,-2.066310313911038,-0.10890411574427311,0.6952405238142385,11.414442399266397,216,-0.04702757438121211,0.8778681747001482,-0.7873179440462014,-0.05357020078473084,0.8203040880515575,14.166288523196704,,False,2.5742108762742847e-08,3.224481054599506e-08
XAUUSD,13:00,120,recent,fade,360,-0.007050272524964326,0.8946944407643279,-0.14951419135731273,-0.007880089786789503,-0.7171893745416789,11.436583162669393,216,-0.04596641806743268,0.8788907880375771,-0.7686570693503211,-0.052300489085871926,-0.8450209990598527,14.162190357772356,,False,6.527971538153347e-05,7.74835170452607e-05
XAUUSD,13:00,240,none,follow,0,,,,,,,0,,,,,,,,False,,
XAUUSD,13:00,240,none,fade,0,,,,,,,0,,,,,,,,False,,
XAUUSD,13:00,240,day,follow,0,,,,,,,0,,,,,,,,False,,
XAUUSD,13:00,240,day,fade,0,,,,,,,0,,,,,,,,False,,
XAUUSD,13:00,240,recent,follow,0,,,,,,,0,,,,,,,,False,,
XAUUSD,13:00,240,recent,fade,0,,,,,,,0,,,,,,,,False,,
XAUUSD,13:30,60,none,follow,893,-0.07258345927381393,0.8659574821247645,-2.5047640590914435,-0.08381873333517352,0.03897435820258372,8.261479315392071,500,-0.09666316723103444,0.891088018573589,-2.4256348233142933,-0.10847768707042903,-1.2106974097284195,19.495760500827686,,False,1.0536307306639297e-16,1.8249366228035084e-16
XAUUSD,13:30,60,none,fade,893,-0.06894407801558017,0.8660729988408323,-2.378856246811502,-0.07960538904671564,-0.10499646096814373,8.411959043152109,500,-0.03151346030837146,0.8899466084248037,-0.7918030001876697,-0.03541050666415816,1.156844173343617,19.334006706720725,,False,1.947791895695262e-16,3.3688510898011337e-16
XAUUSD,13:30,60,day,follow,397,-0.09009193550574798,0.9485079187856926,-1.892518831406703,-0.09498279742470289,-0.6478497234690472,7.663854978386738,242,-0.10999851435305996,1.060345570561076,-1.613790208340682,-0.10373836361183161,-2.3379078891553506,17.90751922799658,,False,2.0726461212393113e-09,2.725597381624945e-09
XAUUSD,13:30,60,day,fade,397,-0.05226806915745029,0.9519747149247079,-1.0939722281953832,-0.05490489226027836,0.5974507027749427,7.501632168973193,242,-0.021007050442654215,1.056268803691494,-0.30938432614306144,-0.019887977728053563,2.3019778176233263,17.73477567531599,,False,6.116684197376428e-07,7.614954969468827e-07
XAUUSD,13:30,60,recent,follow,387,-0.13288572028723283,0.971163965884901,-2.6917903839661035,-0.1368313950632946,0.07520090471576482,7.397496834585944,224,-0.10336753720856398,0.8842794022288932,-1.749519023847806,-0.11689465676574426,-1.0673164478074637,12.675212349459853,,False,9.924806799387308e-11,1.312208468389548e-10
XAUUSD,13:30,60,recent,fade,387,-0.01093182670865628,0.9716098854029609,-0.22133816054353755,-0.01125125101431267,-0.13820466985945462,7.4901389999039685,224,-0.025149388687083527,0.8850965962302741,-0.4252661070199986,-0.028414286976356704,1.0345275826864575,12.492688048011825,,False,2.8524894340579275e-05,3.4343586672809765e-05
XAUUSD,13:30,120,none,follow,893,-0.05526980074746415,0.8648075695858598,-1.9098275154324116,-0.06390994099870312,0.16574711740859666,11.343288264195932,500,-0.025057513881413057,0.8139300652543199,-0.6883921208694634,-0.030785831548787435,-0.13707642783723134,13.391947576976063,,False,1.4056361046419211e-14,2.3368589922497316e-14
XAUUSD,13:30,120,none,fade,893,-0.04371466580975608,0.8637950408936835,-1.5123147420366545,-0.05060768323528325,-0.20183017728042257,11.414278318939465,500,-0.06803129125319038,0.8139970351872344,-1.868834716384803,-0.08357682929095918,0.11262181503146367,13.379796403756385,,False,1.4130600249886108e-13,2.3170921701766467e-13
XAUUSD,13:30,120,day,follow,397,-0.11144696337424871,0.8233263639830907,-2.6970653571837815,-0.13536183007075137,-0.9929534594752591,9.828096457900317,242,-0.0799878485211789,0.9065339247402591,-1.3726115132394834,-0.08823480990421521,-0.5972733908021578,12.859291881326774,,False,3.1110188628511902e-12,4.311827634403555e-12
XAUUSD,13:30,120,day,fade,397,0.01180710418661004,0.8253284190313902,0.2850439641525155,0.014305946474576654,0.97275904261157,9.744139880525907,242,-0.015361268322711905,0.9033321719108323,-0.2645375216339947,-0.01700511594778915,0.5818737966219275,12.754676311367325,,False,0.00016571130291604777,0.00019655118539189953
XAUUSD,13:30,120,recent,follow,381,-0.08232252944579706,0.9627147082705534,-1.6691047265507508,-0.0855108255213878,0.377689083680349,11.048157753998963,228,-0.0762518729820906,0.9317434123429967,-1.2357243609513264,-0.08183784502467777,-0.6272936449052352,11.268961903851224,,False,5.62004152668891e-08,7.087291512233781e-08
XAUUSD,13:30,120,recent,fade,381,-0.018767129419442717,0.9661603561582031,-0.3791500550533089,-0.019424445745287556,-0.4091082841737292,11.009680235772777,228,-0.016624516011870035,0.9322695322295498,-0.2692619229032615,-0.017832306470546153,0.5970074023250996,11.071155104959617,,False,1.5599993629136914e-05,1.887464767768826e-05
XAUUSD,13:30,240,none,follow,0,,,,,,,0,,,,,,,,False,,
XAUUSD,13:30,240,none,fade,0,,,,,,,0,,,,,,,,False,,
XAUUSD,13:30,240,day,follow,0,,,,,,,0,,,,,,,,False,,
XAUUSD,13:30,240,day,fade,0,,,,,,,0,,,,,,,,False,,
XAUUSD,13:30,240,recent,follow,0,,,,,,,0,,,,,,,,False,,
XAUUSD,13:30,240,recent,fade,0,,,,,,,0,,,,,,,,False,,
XAUUSD,14:00,60,none,follow,893,-0.06901367152223169,0.8905193133078623,-2.3158878227296817,-0.07749823107808658,-0.48067433476808075,14.21262297420376,500,-0.014007309060385578,0.9374800869613018,-0.33410091239798,-0.01494144702933171,-0.12279096619003203,18.147678195178038,,False,1.6207190802212982e-16,2.823462926140229e-16
XAUUSD,14:00,60,none,fade,893,-0.07430925319460822,0.8886141722305335,-2.4989374796079575,-0.08362375428706323,0.41111211342419385,14.172531290127885,500,-0.11346984584777575,0.9380231163975656,-2.7049044344074686,-0.12096700375951441,0.08180321095213136,17.96679935282935,,False,4.2159454488727965e-16,7.146441941802624e-16
XAUUSD,14:00,60,day,follow,393,-0.08873694547721697,0.8897379825690809,-1.9771454498678191,-0.09973379491003946,-1.4942223544103073,14.56928521406789,244,-0.20369907990094777,0.9890961953775315,-3.2169584317764146,-0.20594466023923708,-1.7009861909391002,16.17484365671988,,False,3.380004330625748e-10,4.545635266833231e-10
XAUUSD,14:00,60,day,fade,393,-0.05640726489091791,0.8937831915894344,-1.2511204821301993,-0.0631106798849144,1.4306802495189177,14.248723857107507,244,0.0743791085544588,0.9880660856202071,1.1758715675724174,0.0752774633568879,1.6615216005741327,15.896195950232546,,False,6.629789405917717e-07,8.185315767513759e-07
XAUUSD,14:00,60,recent,follow,339,-0.09916500716319644,1.0456550953087178,-1.7461029201484228,-0.09483529283039462,0.8517033313724738,13.657081280766818,223,-0.09511693184586498,1.1250538577797355,-1.2625161761815669,-0.0845443364227698,2.564877711731373,16.53779710380585,,False,2.420009038705451e-07,2.9637245279135334e-07
XAUUSD,14:00,60,recent,fade,339,-0.04809954637524241,1.0418911803046624,-0.8499991041142041,-0.046165614302616016,-0.9336222960244404,13.548861482513832,223,-0.03456313633735092,1.1294016631399744,-0.4570010028023593,-0.0306030506819497,-2.5829811836727252,16.62343467197056,,False,3.595229905264676e-06,4.371220026028833e-06
XAUUSD,14:00,120,none,follow,893,-0.05852781105766124,0.8846773647862258,-1.9769837318049244,-0.06615723809301254,-0.6240231899014221,15.839614180568601,500,-0.015977466477461556,0.8003928562388142,-0.4463645680161885,-0.019962030336630517,-0.06326701486010826,8.826270596540038,,False,2.0334792557907465e-15,3.477412839656957e-15
XAUUSD,14:00,120,none,fade,893,-0.0412258157930514,0.8827405420328371,-1.3956030655909553,-0.04670207589889741,0.5644245425328416,15.528660188005784,500,-0.074655573213136,0.8009330116079733,-2.0842559138453005,-0.09321075811728073,0.037680071754934416,8.826723992426281,,False,8.758099649410362e-13,1.4004413225355925e-12
XAUUSD,14:00,120,day,follow,393,-0.09659254714108198,0.7939315342480098,-2.4118863611541843,-0.12166357295855719,-1.4372667112508077,12.079104019109108,244,-0.0932339755396234,0.8106055474286818,-1.796633713035128,-0.11501768749963588,0.2772409394090157,7.759926870802276,,False,1.0139820689526972e-11,1.4022504089731482e-11
XAUUSD,14:00,120,day,fade,393,-0.004271447016842674,0.7938689483557112,-0.1066651341199937,-0.005380544264503408,1.4295313141654515,12.113224369312837,244,0.001608171532051269,0.810697841659738,0.030986196191891288,0.001983687940699172,-0.2989141172988097,7.732349174971417,,False,4.396871377710562e-05,5.2740331686623845e-05
XAUUSD,14:00,120,recent,follow,350,-0.03035034614162552,0.9348994914237708,-0.6073412055183397,-0.03246375297028409,0.6799506046515652,8.810241634199484,225,-0.0656586524158827,0.8549183233306608,-1.1520162328504848,-0.07680108219003232,0.4173645304096123,6.089722518568678,,False,1.5188714140368381e-05,1.8186061300553157e-05
XAUUSD,14:00,120,recent,fade,350,-0.0730376028994112,0.9344843050945043,-1.462205865368744,-0.07815819110201634,-0.722513695917968,8.751155235107284,225,-0.023350299261309417,0.8558508636459025,-0.40924710577210405,-0.027283140384806937,-0.4248403357873449,6.068970123328002,,False,1.0432557881116386e-07,1.3109469314403697e-07
XAUUSD,14:00,240,none,follow,0,,,,,,,0,,,,,,,,False,,
XAUUSD,14:00,240,none,fade,0,,,,,,,0,,,,,,,,False,,
XAUUSD,14:00,240,day,follow,0,,,,,,,0,,,,,,,,False,,
XAUUSD,14:00,240,day,fade,0,,,,,,,0,,,,,,,,False,,
XAUUSD,14:00,240,recent,follow,0,,,,,,,0,,,,,,,,False,,
XAUUSD,14:00,240,recent,fade,0,,,,,,,0,,,,,,,,False,,
XAUUSD,14:30,60,none,follow,893,-0.07287595122890181,0.9130916257148349,-2.3850396658737196,-0.07981230927602603,1.061689299208618,20.476023108069057,500,-0.0061089660878818,0.8216546234943045,-0.16625067338697144,-0.007434956139967666,1.3233746268432736,16.089981259442606,,False,5.5159438505789675e-15,9.03842383383941e-15
XAUUSD,14:30,60,none,fade,893,-0.06815966455952982,0.9115185554126563,-2.234537565094243,-0.07477594850350913,-1.1339322699990229,20.59212964297283,500,-0.13334669385934217,0.8230147127422532,-3.6229276029688995,-0.16202224795597656,-1.3275495418653689,16.298759287430123,,False,7.812497381557007e-17,1.38510626355462e-16
XAUUSD,14:30,60,day,follow,388,-0.13032154904109355,0.7645966604465347,-3.357373819200141,-0.1704448316122438,-0.04389554389087438,7.743650770510097,239,-0.11756351154061744,0.8296961069421985,-2.190546354680752,-0.14169466453674417,-0.5484947238064657,15.592058819461492,,False,1.1512013267301867e-12,1.5648300089275482e-12
XAUUSD,14:30,60,day,fade,388,-0.013552497383533871,0.7633323832406688,-0.3497208359560855,-0.017754385482766744,0.008489977183933474,7.83162384225093,239,-0.024512940536890925,0.8268000423942511,-0.45834644997685525,-0.02964796719882385,0.5712370084706139,15.508656760584959,,False,1.6358308455153314e-05,1.9802965940554974e-05
XAUUSD,14:30,60,recent,follow,396,-0.07384541594223659,1.0714141717223915,-1.371556641486652,-0.06892331452320036,2.5216916671908325,19.40222375595835,187,-0.11225485861305862,1.0290252074949244,-1.4917633630627456,-0.10908854107309349,0.31676281194746586,11.711518826126877,,False,9.253521780739526e-07,1.130985802207949e-06
XAUUSD,14:30,60,recent,fade,396,-0.07329787506151036,1.0719953314347774,-1.3606489266180295,-0.06837518122714882,-2.5647179945703167,19.61092925356371,187,-0.02560337836706507,1.031503573102967,-0.3394277465270401,-0.024821415101883786,-0.3148769308116842,11.439342907001809,,False,7.726370202461927e-09,1.0221120685468839e-08
XAUUSD,14:30,120,none,follow,0,,,,,,,0,,,,,,,,False,,
XAUUSD,14:30,120,none,fade,0,,,,,,,0,,,,,,,,False,,
XAUUSD,14:30,120,day,follow,0,,,,,,,0,,,,,,,,False,,
XAUUSD,14:30,120,day,fade,0,,,,,,,0,,,,,,,,False,,
XAUUSD,14:30,120,recent,follow,0,,,,,,,0,,,,,,,,False,,
XAUUSD,14:30,120,recent,fade,0,,,,,,,0,,,,,,,,False,,
XAUUSD,14:30,240,none,follow,0,,,,,,,0,,,,,,,,False,,
XAUUSD,14:30,240,none,fade,0,,,,,,,0,,,,,,,,False,,
XAUUSD,14:30,240,day,follow,0,,,,,,,0,,,,,,,,False,,
XAUUSD,14:30,240,day,fade,0,,,,,,,0,,,,,,,,False,,
XAUUSD,14:30,240,recent,follow,0,,,,,,,0,,,,,,,,False,,
XAUUSD,14:30,240,recent,fade,0,,,,,,,0,,,,,,,,False,,
XAUUSD,15:00,60,none,follow,894,-0.0854492267063198,0.8887015492188912,-2.874888191155128,-0.09615064447836724,0.5990358902348829,21.156395761511895,500,-0.08901809554496855,0.8653843203069017,-2.3001400440850275,-0.1028653899268697,-2.339619485592861,23.596248751168115,,False,8.894591777654748e-17,1.5089681985170727e-16
XAUUSD,15:00,60,none,fade,894,-0.05720923484503573,0.8866481578741132,-1.9292281158960014,-0.06452304032549326,-0.6746173750785137,21.16328672225304,500,-0.04826137461782507,0.8622752323779845,-1.2515228349471388,-0.05596980268670103,2.2890083530177674,23.30448398806558,,False,3.1502095663522094e-15,5.365355470300797e-15
XAUUSD,15:00,60,day,follow,396,-0.11668096441037248,0.8059079994313503,-2.8811252356279575,-0.14478199061518526,-1.109434505750698,13.827779062836978,240,0.000977354547439488,0.9217533697671682,0.016426423855784213,0.0010603211005199412,2.2155870969278686,27.49893980059004,,False,8.308937914426414e-13,1.160842522590679e-12
XAUUSD,15:00,60,day,fade,396,-0.029170133248927973,0.8033756514628029,-0.7225490607927213,-0.036309456473835613,1.1007999204855305,14.218258565078555,240,-0.13821034383323638,0.923499383444098,-2.318513123174718,-0.14965937856698378,-2.260300581109464,27.762693661265576,,False,3.935724185777448e-06,4.817212272797318e-06
XAUUSD,15:00,60,recent,follow,347,-0.06657243691758845,0.9894940600274822,-1.2532739154687615,-0.06727926887781364,2.054042160906681,12.48533363532824,181,-0.24772596329461316,1.1482836525169644,-2.902429177285243,-0.21573586173731002,-2.7181625354855936,17.45724449643139,,False,3.0865931089667558e-06,3.703345119049009e-06
XAUUSD,15:00,60,recent,fade,347,-0.08076507499972943,0.9926303579417975,-1.5156564948036264,-0.08136470374248321,-2.1316874986531165,12.647909710652739,181,0.11618255535790553,1.141152072508608,1.3697354263901578,0.10181163243431707,2.660298185110518,17.23087348840122,,False,1.3608398568340036e-08,1.760919740745106e-08
XAUUSD,15:00,120,none,follow,0,,,,,,,0,,,,,,,,False,,
XAUUSD,15:00,120,none,fade,0,,,,,,,0,,,,,,,,False,,
XAUUSD,15:00,120,day,follow,0,,,,,,,0,,,,,,,,False,,
XAUUSD,15:00,120,day,fade,0,,,,,,,0,,,,,,,,False,,
XAUUSD,15:00,120,recent,follow,0,,,,,,,0,,,,,,,,False,,
XAUUSD,15:00,120,recent,fade,0,,,,,,,0,,,,,,,,False,,
XAUUSD,15:00,240,none,follow,0,,,,,,,0,,,,,,,,False,,
XAUUSD,15:00,240,none,fade,0,,,,,,,0,,,,,,,,False,,
XAUUSD,15:00,240,day,follow,0,,,,,,,0,,,,,,,,False,,
XAUUSD,15:00,240,day,fade,0,,,,,,,0,,,,,,,,False,,
XAUUSD,15:00,240,recent,follow,0,,,,,,,0,,,,,,,,False,,
XAUUSD,15:00,240,recent,fade,0,,,,,,,0,,,,,,,,False,,
XAUUSD,15:30,60,none,follow,0,,,,,,,0,,,,,,,,False,,
XAUUSD,15:30,60,none,fade,0,,,,,,,0,,,,,,,,False,,
XAUUSD,15:30,60,day,follow,0,,,,,,,0,,,,,,,,False,,
XAUUSD,15:30,60,day,fade,0,,,,,,,0,,,,,,,,False,,
XAUUSD,15:30,60,recent,follow,0,,,,,,,0,,,,,,,,False,,
XAUUSD,15:30,60,recent,fade,0,,,,,,,0,,,,,,,,False,,
XAUUSD,15:30,120,none,follow,0,,,,,,,0,,,,,,,,False,,
XAUUSD,15:30,120,none,fade,0,,,,,,,0,,,,,,,,False,,
XAUUSD,15:30,120,day,follow,0,,,,,,,0,,,,,,,,False,,
XAUUSD,15:30,120,day,fade,0,,,,,,,0,,,,,,,,False,,
XAUUSD,15:30,120,recent,follow,0,,,,,,,0,,,,,,,,False,,
XAUUSD,15:30,120,recent,fade,0,,,,,,,0,,,,,,,,False,,
XAUUSD,15:30,240,none,follow,0,,,,,,,0,,,,,,,,False,,
XAUUSD,15:30,240,none,fade,0,,,,,,,0,,,,,,,,False,,
XAUUSD,15:30,240,day,follow,0,,,,,,,0,,,,,,,,False,,
XAUUSD,15:30,240,day,fade,0,,,,,,,0,,,,,,,,False,,
XAUUSD,15:30,240,recent,follow,0,,,,,,,0,,,,,,,,False,,
XAUUSD,15:30,240,recent,fade,0,,,,,,,0,,,,,,,,False,,
