symbol,slot,H,x,rule,d_n,d_mean,d_std,d_t,d_sr,d_skew,d_kurt,c_n,c_mean,c_std,c_t,c_sr,c_skew,c_kurt,sister_d_mean,candidate,dsr,dsr_eff
US100,02:00,60,none,follow,904,-0.48797143021921097,1.1137061724039348,-13.173706524099703,-0.43815096145684873,6.381276081729725,147.5501097149258,511,-0.19694760801377978,0.8941288298110623,-4.9792170986674265,-0.22026759617559433,-0.15421139209174622,7.324823863837862,-0.3510004173496687,False,7.956396422881199e-13,1.025965041502213e-12
US100,02:00,60,none,fade,904,-0.571909731084884,1.1307815114199544,-15.206630816378045,-0.505765017652898,-6.729561512469378,156.06156692805519,511,-0.23136467271022038,0.8895561421815008,-5.879415245376393,-0.2600900176382727,0.16326586952878613,7.95644941582098,-0.5102546580403616,False,1.413569984143645e-20,2.0993943214648016e-20
US100,02:00,60,day,follow,433,-0.5237423940162936,1.4461782159691903,-7.535982162391343,-0.362156190871189,-8.540678100712336,122.7269838928319,280,-0.2157783986813894,0.9275339994186842,-3.8927556484052896,-0.232636646006103,0.6589369846584219,6.527118479124788,-0.4971025390426827,False,3.229294970850889e-26,5.997933020483764e-26
US100,02:00,60,day,fade,433,-0.5365484313543861,1.4276926788469546,-7.820205132147224,-0.37581507512367296,8.181516967927854,114.94146914812681,280,-0.21061902750440398,0.9303429593904027,-3.788205615182595,-0.22638858646537172,-0.5567188993909286,6.163702318302221,-0.3657882563054721,False,1.0139237340027978e-07,1.1801266852966946e-07
US100,02:00,60,recent,follow,325,-0.5523602149798513,1.5893470074185858,-6.265350072514558,-0.34753909146435785,6.1772731621164,100.00221244196987,211,-0.08597005122637753,0.9579612000637974,-1.303588419694116,-0.08974272780635811,1.3811722744725803,7.555293507113272,-0.3864062583177369,False,3.4418388030386163e-07,3.977665308671099e-07
US100,02:00,60,recent,fade,325,-0.5027738281360165,1.6012954570329239,-5.660344595820753,-0.3139794258004187,-6.709665908150605,109.14984007552316,211,-0.3241666386388762,0.9635957064972573,-4.886688873050534,-0.33641353573195776,-1.3277204560798985,7.528502705887408,-0.389979962297587,False,3.7480369086088225e-21,6.352187145760593e-21
US100,02:00,120,none,follow,903,-0.27161255635172293,1.0658519111882572,-7.657673579534064,-0.25483142029451133,4.029749470293924,63.372259744830316,511,-0.08620180389385536,0.8548402470362751,-2.279511791466172,-0.10083966471246104,0.04912302931738836,5.135151690774158,-0.17479840517705023,False,1.3121885058659369e-24,2.598632168178127e-24
US100,02:00,120,none,fade,903,-0.3629126138280805,1.0716918972047673,-10.175974062852399,-0.338635212951264,-4.161220323146002,67.57328190887645,511,-0.18297433371045707,0.8493004542409501,-4.870115578338162,-0.2154412290689138,-0.028154219309278066,5.227783124589056,-0.3432003481114299,False,9.594873569977002e-62,4.626169520500503e-61
US100,02:00,120,day,follow,432,-0.3634869853632202,1.2885647755455867,-5.863061959978612,-0.28208670007242553,-5.264836955039786,66.63835050648942,280,-0.14428514641337756,0.8719962192801294,-2.768764628964723,-0.16546533485258821,0.21920947202664554,5.707421749067864,-0.36820740664891694,False,8.34153278298433e-46,2.939484880931786e-45
US100,02:00,120,day,fade,432,-0.2676951314304241,1.276212758786133,-4.3597266871144615,-0.20975744803322746,5.106557749334543,63.450654670213964,280,-0.12436842808467255,0.8733363437492642,-2.382909931232575,-0.14240610616381133,-0.18533711172109016,5.489258887158087,-0.1466371064484893,False,4.599539462048003e-12,6.436079026836674e-12
US100,02:00,120,recent,follow,340,-0.35189379945518473,1.0691285947513147,-6.069055760457751,-0.3291407611607631,0.39228745200402765,8.731521945303417,214,-0.18467795242613608,0.9283861198760844,-2.910002074998346,-0.19892364660814382,0.03786972435072327,5.046889846511655,-0.3202002240467086,False,1.8380540749612154e-26,3.5431319737640756e-26
US100,02:00,120,recent,fade,340,-0.2802216343910774,1.0676812810523852,-4.839488828758538,-0.26245813180771543,-0.30922537768180064,8.436979654452044,214,-0.09020961566810604,0.9242477175613373,-1.427813002120904,-0.09760328746726855,-0.03714016249143087,4.999110179189596,-0.13485447372132575,False,2.5595498350214657e-27,5.442907959119105e-27
US100,02:00,240,none,follow,901,-0.18842304642754223,0.9454713352640396,-5.982022610457328,-0.19929006771519073,0.09345951741172054,11.601839590231341,509,-0.04815625371413184,0.9044857135128288,-1.2011849262175438,-0.05324158579255306,-0.6394749013636953,7.537208243819434,-0.14524946381051826,False,4.479421392689434e-52,2.3588035823566543e-51
US100,02:00,240,none,fade,901,-0.1876891988318576,0.9443723305338584,-5.9656589542767575,-0.19874491528754976,-0.08576069767182809,11.854580408356407,509,-0.12662753065260834,0.9046787131132702,-3.157858438522099,-0.13996961442460065,0.6549684049749123,7.556211385584469,-0.1814433296267919,False,1.6175891816924376e-53,8.95000945031552e-53
US100,02:00,240,day,follow,430,-0.20604077297558845,1.0286781001454746,-4.15343964705614,-0.20029664571108335,-1.380042425106892,13.973173363158542,279,-0.09789702860789798,0.9572708064255189,-1.70819244706304,-0.10226680679153766,-0.6157176976337306,8.86254897297301,-0.19484935161768732,False,1.4785240295364897e-33,4.212776974767018e-33
US100,02:00,240,day,fade,430,-0.1659944918168605,1.0263490969463533,-3.3537663303616507,-0.16173297400537093,1.3616197975661777,13.564882681398066,279,-0.07825504571455236,0.9607586126204851,-1.360505070735898,-0.08145130804615991,0.6247382706636416,8.910480173124387,-0.1286681040778186,False,8.752791827052031e-20,1.6600689349035036e-19
US100,02:00,240,recent,follow,351,-0.1295363429794204,0.9893807046697973,-2.452910791997853,-0.13092669219039677,0.6165837709077171,6.222902938896021,225,-0.08638590803237292,0.980401556451427,-1.3216917210695927,-0.0881127814046395,0.2601816448362299,5.430726399829211,-0.18450663730599348,False,4.7205642414409383e-17,8.426199627418773e-17
US100,02:00,240,recent,fade,351,-0.23747925038481799,0.993088810449667,-4.4801353948681095,-0.23913193652568518,-0.5761354211218714,6.519366735235867,225,-0.09317404811273945,0.9762738766900675,-1.4315764818265069,-0.09543843212176713,-0.24335685129609363,5.4906050704270575,-0.1065787394729733,False,7.403810987271895e-29,1.7017044801726648e-28
US100,02:30,60,none,follow,910,-0.3752253820686548,1.032000682927196,-10.968138351045246,-0.36359024589436795,3.297792939562819,44.38571409493205,511,-0.18073995841906496,0.904840740607876,-4.5153610413386565,-0.19974781230301705,0.11730555220055834,7.452432522259898,-0.2619358672103742,False,9.665692018618056e-29,1.9109132100077663e-28
US100,02:30,60,none,fade,910,-0.5025724934872646,1.0325649045867447,-14.682569038311625,-0.48672242418349987,-3.6446938085670837,50.66314745248802,511,-0.19957329597722376,0.8966540454121127,-5.0313898308189735,-0.2225755819631612,-0.1177291648050968,8.19863343718038,-0.4908477486246731,False,5.9442536969298365e-64,2.2658722277366317e-63
US100,02:30,60,day,follow,429,-0.461836840151315,1.2462177276549335,-7.675793708744702,-0.3705908124259916,-4.435465445015405,50.52428080311633,277,-0.20697723731471365,0.9885615641259841,-3.4846466752098206,-0.2093721269627838,-0.016787860383580502,9.196041416894953,-0.4585496771653018,False,3.717576947513276e-46,1.1291365503089325e-45
US100,02:30,60,day,fade,429,-0.4073534788252255,1.2312412491722642,-6.852624250229067,-0.3308478164608927,4.092339631337837,46.06248239580478,277,-0.1794272763988645,0.9816407918996182,-3.042115873836053,-0.18278302804801594,0.03252152583326808,8.532507331587375,-0.29484072514327836,False,1.659793528139057e-13,2.2695860067322175e-13
US100,02:30,60,recent,follow,389,-0.35330726654754707,1.2892560444491734,-5.404906609148033,-0.27403964330335595,3.2303570730457696,41.60892137965367,225,-0.2669959238025595,0.9997583891608283,-4.005906727524473,-0.2670604485016315,-0.16876207684461964,4.922634936487318,-0.3193459313139861,False,7.8477639987913e-14,1.1150950270851427e-13
US100,02:30,60,recent,fade,389,-0.5103725380832294,1.2850175405176272,-7.833449406724822,-0.39717165096255613,-3.720549795219464,48.001605147040074,225,-0.10085565007458519,0.962397765403471,-1.5719433331025496,-0.10479622220683664,0.23655120410373848,5.09090858221672,-0.34560306426281595,False,4.157729913886153e-35,9.289797678143257e-35
US100,02:30,120,none,follow,909,-0.24010542698449858,0.9536158490624363,-7.591200417409417,-0.2517842244553321,0.7126291288249177,9.192365390528142,510,-0.08418714718680387,0.8722436188895464,-2.179681710684271,-0.09651792843607448,0.06687184696887778,5.936769973964695,-0.18126932578516716,False,2.7237969486669467e-54,1.3225264213000073e-53
US100,02:30,120,none,fade,909,-0.2846766948776042,0.9509043174147958,-9.026035501226096,-0.2993747001291875,-0.6900703930580006,9.543146925167916,510,-0.15978646190573328,0.8703094667548877,-4.146210631636858,-0.18359729269811015,-0.07463248001193251,6.0461037588279165,-0.29061482020308244,False,3.712759957981791e-83,3.5866520942979435e-82
US100,02:30,120,day,follow,429,-0.2863170860648614,1.071902613081462,-5.532489290372226,-0.2671110999923479,-1.2173543139264975,10.552637995983025,276,-0.1589658720512029,0.9252890848406349,-2.854177635517081,-0.17180130475502373,-0.20922838852531842,6.8245822207761115,-0.33636976417671227,False,3.24158072773111e-42,1.060625540466264e-41
US100,02:30,120,day,fade,429,-0.23174242136558942,1.069968376155821,-4.486041062726144,-0.21658810347105106,1.2248567776430148,10.421474267354517,276,-0.09042695896561144,0.9215571429898379,-1.630159867803541,-0.098124093175857,0.20020644385536684,6.659421247322927,-0.1307992000102343,False,1.007403118556535e-22,1.969343721179053e-22
US100,02:30,120,recent,follow,354,-0.30146646353823064,1.1153786278214315,-5.085320376424373,-0.2702817285705554,0.3714547705600721,9.781684676140472,228,-0.2422373198231591,1.0057824712539103,-3.636674352513916,-0.24084464260066246,-0.25388605634615957,5.6953353467082914,-0.22433237033070147,False,1.8430996545833446e-24,3.5718355862555275e-24
US100,02:30,120,recent,fade,354,-0.21211536593615019,1.111424523840302,-3.5908212466446887,-0.19084999600623223,-0.36652156831068305,10.290717852618688,228,0.0012928397711536885,0.9885950850733333,0.019746661440906577,0.00130775460112447,0.26935866234791356,5.739947240286441,-0.18731521220097527,False,4.566331679812648e-23,9.329397806363199e-23
US100,02:30,240,none,follow,906,-0.1737372706182283,0.9161232532984321,-5.708252646888966,-0.18964399167109935,-0.0022032848724042615,6.533612376439989,509,-0.038213889093990816,0.8653628707680888,-0.9962810563742139,-0.04415938143968725,-0.19253547702174967,5.400297933933199,-0.14828178898184505,False,5.325486999260858e-54,3.0846145215796746e-53
US100,02:30,240,none,fade,906,-0.1957144198760267,0.9181560213559635,-6.416089847973479,-0.2131603075335596,0.04969585256149537,6.603108978723192,509,-0.1346910709183528,0.865531104906253,-3.510872170428324,-0.15561667299402418,0.18451512377975543,5.385725541828772,-0.18494428266706653,False,1.9481788552013275e-57,1.1696703046681753e-56
US100,02:30,240,day,follow,427,-0.2305885329287433,1.019413047715813,-4.674137196795888,-0.22619735292325358,-0.1700955550346754,6.814740322062372,275,-0.07482389418371538,0.8696255082376443,-1.426837069576987,-0.08604151266831067,-0.22461258409036794,5.2774780526773695,-0.2101311235141178,False,2.2272428503807662e-30,5.473239293994178e-30
US100,02:30,240,day,fade,427,-0.13328325390342205,1.0193867369042346,-2.7017835031021145,-0.13074846775835894,0.19525172429608129,6.966767878962406,275,-0.10228258525514086,0.8687248655021717,-1.9524763901096824,-0.11773875632766169,0.2049556498398832,5.280563810209935,-0.12035427646257661,False,2.9838034196161448e-21,6.239483956606498e-21
US100,02:30,240,recent,follow,352,-0.14122192839103584,1.0130465350310978,-2.6154358586800233,-0.13940319966318301,0.6330969630774302,6.130777898326861,219,-0.05964924190725174,0.8836937750524391,-0.998907307467378,-0.06749990052120952,0.0621616421513622,5.385895411006612,-0.17154916136031037,False,1.6384072109368533e-17,2.9441130716594643e-17
US100,02:30,240,recent,fade,352,-0.2224105371990643,1.0212191601783822,-4.08608819539604,-0.2177892325876598,-0.5835037768774487,6.129036401304386,219,-0.11790458989689721,0.8709107893639099,-2.003452723265566,-0.13538078909667842,-0.08035560027518068,5.359571400261144,-0.11484953394531604,False,3.638173271338377e-27,8.180706816665402e-27
US100,03:00,60,none,follow,909,-0.3665896348452224,0.9488630238118813,-11.648194128335085,-0.38634621188263457,0.587284349800595,9.250082360254659,511,-0.12582045093986027,0.9720581701936237,-2.9259670595677147,-0.12943716209370285,0.17761315268156702,7.106606214760991,-0.30081128158481774,False,2.392469454009663e-69,1.2534857852688608e-68
US100,03:00,60,none,fade,909,-0.43475376478975486,0.9498564774897862,-13.799625623960853,-0.4577046902271925,-0.5454602836314697,9.895807494533456,511,-0.22411534007112527,0.9663832929118031,-5.242429764633673,-0.23191143898591707,-0.19887080829877962,7.176931999818822,-0.4204795036277581,False,1.6496809102498725e-104,1.6363476812608582e-103
US100,03:00,60,day,follow,435,-0.47038942708118364,1.0260843091257486,-9.561348182946194,-0.45843155664466606,-1.0982315940334466,9.935572418197719,274,-0.21506416539575768,1.0278252783980424,-3.463570562933,-0.20924194988758635,-0.06680972396955728,7.983295242009977,-0.37313422684019754,False,7.085108573164839e-64,2.827468825347965e-63
US100,03:00,60,day,fade,435,-0.33433458422039636,1.0065508580091298,-6.927718116760693,-0.332158660002219,1.1024974475676605,9.651700703271025,274,-0.13815557396912298,1.0195651524521738,-2.24299708675777,-0.13550440953855927,0.07954291142910752,7.777598709709632,-0.34489309027465836,False,2.315448393303274e-28,4.679283309378166e-28
US100,03:00,60,recent,follow,387,-0.24101177783346017,1.1079959212683819,-4.279131050319542,-0.21752045581319573,-0.14473496152990045,7.571855846957862,228,-0.32505723890269034,1.0016068269860396,-4.900382604392467,-0.3245357660758246,-0.33228281316912084,5.578260427420616,-0.11612132315666233,False,1.1291363197792956e-26,2.5004350873299973e-26
US100,03:00,60,recent,fade,387,-0.5623175911061898,1.0962127169607578,-10.091188446624532,-0.5129639370223796,0.23010918015314663,8.074312440585661,228,-0.020556880762195404,0.9847628128817486,-0.31520492900418734,-0.0208749563786218,0.3336726723543011,5.967645516547037,-0.5421331329443381,False,2.2448030900673755e-40,5.0177174682836234e-40
US100,03:00,120,none,follow,908,-0.24698456588977077,0.9959728022253266,-7.472488584382681,-0.24798324345597297,0.3180336347603328,14.596337139710414,510,-0.06635693289126347,0.8989198531445307,-1.6670568868890083,-0.07381851970355184,0.5527409699773469,6.665344253137128,-0.2092216042285227,False,2.0469697516168262e-54,1.0079297006951223e-53
US100,03:00,120,none,fade,908,-0.23906631500279735,0.993413073859195,-7.251559927013767,-0.24065146845116142,-0.33590384636223414,14.543414177698573,510,-0.16632783538362153,0.8992510662357907,-4.177044116895976,-0.18496262237403793,-0.5524463686875615,6.843208876464355,-0.25287914119351346,False,5.278166869138637e-61,3.247410007341029e-60
US100,03:00,120,day,follow,434,-0.3120242879515478,1.0196434944853892,-6.375069340045097,-0.30601312089871713,-0.5805783984484039,8.254565507819727,273,-0.10947159479614071,0.9230177237039513,-1.9596239024887168,-0.1186018339462056,-0.9638601268372977,8.679612710712298,-0.2391865087154092,False,2.805085809509782e-41,8.325530804957964e-41
US100,03:00,120,day,fade,434,-0.17380459248704141,1.0183495887074163,-3.5555698934000337,-0.17067281650071692,0.6653377370400243,8.280561576519244,273,-0.12777176889857508,0.917236244939214,-2.301627421647759,-0.13930082855267306,0.9517567865932145,8.471832349378666,-0.21892166575629068,False,8.73632035940174e-23,1.8183564194321128e-22
US100,03:00,120,recent,follow,372,-0.2408063904131444,1.1110899305735542,-4.180134598035497,-0.2167298827817097,-1.3361448987093216,13.326722886790872,228,-0.22589934003656573,0.9670585861059932,-3.5271960578530472,-0.23359426541693135,-0.8771260511483228,7.901718305512808,-0.20431244340859275,False,6.141440018583816e-31,1.5601993634865598e-30
US100,03:00,120,recent,fade,372,-0.22464158013227747,1.1120943419824159,-3.8960092923978777,-0.2019986719218732,1.2991621696408284,12.950363127270807,228,0.002595561849940595,0.9570348429499786,0.040951617128491075,0.002712087098041275,0.879153543909224,7.774780897664661,-0.18834105406750595,False,6.700040848626892e-19,1.1769812855797138e-18
US100,03:00,240,none,follow,906,-0.17032081160543858,0.9091468147475885,-5.638944176662318,-0.18734137197931633,0.22267932150326689,10.430289382548345,509,-0.009664505747461884,0.8566276112733593,-0.25453439189082294,-0.011282038566438217,-0.2525556663768117,5.086743766258024,-0.15256469382866583,False,4.1496890539907964e-50,2.1232376288980596e-49
US100,03:00,240,none,fade,906,-0.19389362496166876,0.9122534645733582,-6.397526706838497,-0.212543588477736,-0.193025577428676,10.435747665882353,509,-0.16132235016089483,0.8582619679078931,-4.2406610694768,-0.18796399723284443,0.2676314809564529,5.173787777762901,-0.1857489486887113,False,9.184663191948533e-58,5.5840949705162e-57
US100,03:00,240,day,follow,433,-0.23501563976473425,0.9597316023600176,-5.09554823595242,-0.24487642085226907,-0.1418998817827144,5.7080431012322075,272,-0.09949636111875554,0.8531623960015986,-1.9233571858291727,-0.1166206593083002,-0.3669027547729282,4.964512137587867,-0.18138871997770456,False,9.978757597282e-33,2.558917238043785e-32
US100,03:00,240,day,fade,433,-0.12718794079371168,0.9617476886190037,-2.7518751912063597,-0.13224668205477452,0.1890837311451585,5.910449573687419,272,-0.07540220390256855,0.8513048463082546,-1.4607751967716514,-0.0885725063466462,0.3635854335416436,4.91514807133197,-0.15435518150444355,False,9.768341471137859e-22,2.075349196339966e-21
US100,03:00,240,recent,follow,350,-0.15757192663586322,0.9928211881528317,-2.969216261098374,-0.15871128508954335,-1.2335000268020908,13.434360028078597,231,-0.12026783563809534,0.8649232772305399,-2.113381493847508,-0.13905029359735765,-0.3548565798304221,4.121996264422448,-0.219644278078294,False,4.112290521084132e-23,8.813848964155181e-23
US100,03:00,240,recent,fade,350,-0.19158960046206938,1.0016799711386788,-3.5783017752818935,-0.19126827527985435,1.1682659258009584,12.758008654190464,231,-0.057280046208347625,0.8580532934709584,-1.014600535009862,-0.0667558141716827,0.39030669120930034,4.105400378311921,-0.056071575747555995,False,7.129891161622442e-18,1.2242759691839023e-17
US100,03:30,60,none,follow,910,-0.3566527998960266,0.9232009441688407,-11.65386798195033,-0.38632196180986544,0.529055618393488,10.139587572778847,510,-0.11543706641880144,0.8894891350883539,-2.9308238835453744,-0.12977906290821073,0.19098492268240036,6.492684415262091,-0.3411861402232734,False,5.922225212324629e-69,3.0731349431529738e-68
US100,03:30,60,none,fade,910,-0.3171787616066813,0.924895996993815,-10.345033359839594,-0.3429345165700856,-0.49590104794799694,10.593315063775767,510,-0.21053148719081327,0.8934226466764548,-5.321636294344218,-0.23564601588508358,-0.23173258330870947,6.89970034241786,-0.31840819519213454,False,3.6651104341810655e-84,3.1438047297841003e-83
US100,03:30,60,day,follow,441,-0.31067365471717495,0.9350663317971244,-6.977202073484748,-0.332247717784988,-0.2840276385918167,9.111239068310915,268,-0.20008945866565064,0.9133653171347291,-3.5863039123254814,-0.2190683781308238,-0.3477502471244763,8.274774948691244,-0.3234298504397444,False,5.47645962908664e-40,1.505267615983548e-39
US100,03:30,60,day,fade,441,-0.3492492353011634,0.9202208777638273,-7.970079921623715,-0.379527615315415,0.3281302052709261,9.325810880851009,268,-0.13627163308953325,0.897719223404377,-2.4850339851406997,-0.15179761058558705,0.26271276007039784,7.846627850160643,-0.31923257562834045,False,1.531696993186035e-36,3.616670549379257e-36
US100,03:30,60,recent,follow,426,-0.2611844651024121,1.0779742133851011,-5.000849326321016,-0.24229194155046566,-0.44363715476088444,10.755990657525622,245,-0.17848354467202204,0.9171321372740906,-3.046136164812437,-0.19461050094974605,0.19741037968850994,4.8237137544007,-0.2588680675038358,False,5.779243049143365e-32,1.4539540116982816e-31
US100,03:30,60,recent,fade,426,-0.39812787365205277,1.066489057228263,-7.704970499308556,-0.37330704047424706,0.41382381381791206,10.245478626945571,245,-0.1320794027030617,0.9170700760734847,-2.2543202684716652,-0.14402323895309196,-0.26894555232946127,4.750613232079079,-0.36085094936823003,False,1.2595490648924787e-33,2.7863966828229247e-33
US100,03:30,120,none,follow,908,-0.2991989764883189,0.9713464531962492,-9.281728678918686,-0.30802498480721713,0.2751604987027967,18.214875502719078,510,-0.07115410096754943,0.9035558598676477,-1.7784023229394301,-0.07874897848371215,-0.7492679219562629,8.605930684801118,-0.2906313984433293,False,5.489917136894277e-57,2.50176330569332e-56
US100,03:30,120,none,fade,908,-0.18775862093062173,0.972721240480125,-5.8164019546050305,-0.19302407834535004,-0.29749607471875766,18.189337567613467,510,-0.16187314810808062,0.9077249321029912,-4.027222613178069,-0.17832841468070898,0.7442696147507779,8.484740581829795,-0.1826243993757807,False,3.0860794554086023e-52,1.6662850797535257e-51
US100,03:30,120,day,follow,440,-0.21472954008254833,0.9551928663858459,-4.7154925361662245,-0.22480228615506567,1.0731816880594973,10.392690654178187,268,-0.1157685045091372,0.8376192056681828,-2.2626177691889797,-0.13821137782626025,0.002910252060440442,4.604792310782623,-0.15939343435814185,False,3.734951709504308e-24,7.562697909022556e-24
US100,03:30,120,day,fade,440,-0.2615985877749856,0.9549065515021992,-5.746466250453599,-0.27395202950849495,-1.16167737586268,11.425608820084888,268,-0.1240269403369725,0.8309109856106394,-2.4435933029048105,-0.14926621802433465,-0.026868375528022823,4.580470472209719,-0.3006123193796972,False,1.2073673375905175e-42,3.947232275005335e-42
US100,03:30,120,recent,follow,411,-0.231147213037916,1.1171645247738538,-4.194618192147566,-0.20690525693581868,-1.3698088208386907,18.506434701212772,251,-0.1724820307854661,1.0191656893814312,-2.6812414403132374,-0.1692384590479608,0.7318166968401749,9.228719792451308,-0.17530727805194757,False,3.4521192483213763e-31,8.99158349563818e-31
US100,03:30,120,recent,fade,411,-0.23560480431096736,1.1140042157137944,-4.287639060262675,-0.2114936379841295,1.3208618203509936,18.088265679152357,251,-0.046005667566050415,1.0203945597916388,-0.7142990345797295,-0.045086155276488946,-0.7308237061693126,9.036084891375435,-0.23259327932369706,False,3.211826838467129e-20,5.829274604448773e-20
US100,03:30,240,none,follow,906,-0.18839322383801566,0.8868964267650176,-6.393762080614273,-0.21241851714882404,0.7904861955919834,17.294200870508096,508,-0.010830631637533346,0.8722704212037634,-0.2798559182751078,-0.012416598539002044,-0.4709383687130394,5.1339875326416635,-0.18829892945038906,False,5.892600216343544e-46,2.4475691928486777e-45
US100,03:30,240,none,fade,906,-0.18142154465842886,0.8937009579968616,-6.110274705205715,-0.20300027994270758,-0.7411910560832505,17.187274759548675,508,-0.16213146735354061,0.87589372219517,-4.172033199930213,-0.18510404087291066,0.4801341119144811,5.154361199578448,-0.15290121354256292,False,1.9089153944460106e-58,1.225340083027733e-57
US100,03:30,240,day,follow,439,-0.23010869361568118,0.843117583511477,-5.718434357904265,-0.27292598104443255,0.0026085508278118896,4.511427115727057,266,-0.1281612758546185,0.8184393098648067,-2.5539427633450793,-0.15659227789998104,0.07271044603898283,4.469115702067034,-0.16299200250510876,False,2.8912559099736783e-35,7.643262909913941e-35
US100,03:30,240,day,fade,439,-0.13080958932471407,0.843040438340023,-3.2510484013109244,-0.15516407443311125,0.016146240970451666,4.622357666738452,266,-0.05031403519986094,0.8133080133044047,-1.0089622470242945,-0.06186344457057429,-0.06073859038164783,4.5421398987318,-0.17344169643923882,False,1.6534995823565805e-24,3.746350980745301e-24
US100,03:30,240,recent,follow,401,-0.25098299522243345,0.9451466520770129,-5.317619812300589,-0.2655492612399189,-2.27625201789393,25.394163138143345,235,-0.12355228147039188,0.9352268741424462,-2.025199085003564,-0.1321094216669969,0.08630565062138913,3.9705076833143527,-0.23914902884559983,False,2.7870286164735562e-40,8.640936364727214e-40
US100,03:30,240,recent,fade,401,-0.11034253579586557,0.9497355426597409,-2.3265503480830376,-0.11618238008324985,2.183811366256482,24.412381972598144,235,-0.03989752799028871,0.9347899537594067,-0.6542833714114616,-0.04268074109037484,-0.08711537150687348,3.8960950299377735,-0.05241233150560851,False,2.4697368463807523e-15,4.202760783006809e-15
US100,04:00,60,none,follow,910,-0.3487016152510318,0.959930180666368,-10.958093682247926,-0.3632572683660897,-0.009783580834083795,17.64551578011858,510,-0.13868766611704225,0.8740308863847638,-3.5834070836827974,-0.15867593271296537,0.06168166507276746,5.847682170651269,-0.3364824504897362,False,9.538063998676147e-65,4.695978106140404e-64
US100,04:00,60,none,fade,910,-0.2899918684616647,0.9603705447666839,-9.108936717006133,-0.30195831186400707,-0.04017639877714437,17.388590842837168,510,-0.1817554381119053,0.8755069852901192,-4.6882729295344765,-0.20760021469352014,-0.06570922231631383,5.813556783387337,-0.30531313147286115,False,2.708301744800015e-61,1.4112875048629844e-60
US100,04:00,60,day,follow,447,-0.2854613937246388,1.0578054581724727,-5.705521415282292,-0.2698619027905365,1.9393386430652715,20.102002070428455,269,-0.16056518020080185,0.8164606718244375,-3.2254643121071487,-0.1966600299828379,0.08093597791421345,4.302398861747525,-0.2849162174149386,False,4.422479947087022e-21,7.771745301425492e-21
US100,04:00,60,day,fade,447,-0.3384239160798522,1.0562883821058446,-6.773798991585961,-0.32038969831814423,-2.111617494413495,22.165795871375174,269,-0.16798081799654951,0.8044228605978123,-3.424927854656021,-0.2088215368117627,-0.07270812008939286,4.747002586705131,-0.3480598131347135,False,2.1052061925699418e-50,7.80511074390222e-50
US100,04:00,60,recent,follow,418,-0.1623778761711274,1.1509819913790764,-2.8843401079062523,-0.14107768617349997,2.148958770193113,15.586360170537347,256,-0.17840412130800926,0.8842218711075005,-3.228223632777697,-0.20176397704860607,0.12395976268437545,6.402763381435162,-0.1924987268199847,False,5.182502883303883e-17,9.124171820628231e-17
US100,04:00,60,recent,fade,418,-0.45516040688371145,1.1504505847533986,-8.088810268281609,-0.3956366426475206,-2.2670654093824063,16.909117204563092,256,-0.14008857271509603,0.8945359548299541,-2.505675877352092,-0.15660474233450575,-0.14607884210696856,6.6338073688586325,-0.42473611824551466,False,4.103599251083347e-69,2.0934190854751234e-68
US100,04:00,120,none,follow,908,-0.27147948583224896,0.9107597055184325,-8.982063773069898,-0.2980802556232046,-0.0023139595874224713,9.986846207143232,509,-0.10091652303868977,0.9426201998265021,-2.415374227297283,-0.107059580366795,-1.4149886844185937,12.296681428001602,-0.26237056687085014,False,2.3737531371833864e-68,1.5221842771661622e-67
US100,04:00,120,none,fade,908,-0.21599809341514262,0.9120724548526662,-7.136142306513074,-0.23682120018637598,0.02961652126078249,9.996681580416992,509,-0.13415608032677273,0.9465192426785627,-3.197715370676483,-0.1417362418825457,1.4143308309075302,12.242308534940449,-0.2145466511880608,False,2.6341680454141022e-59,1.5564441190639576e-58
US100,04:00,120,day,follow,446,-0.18479632708460472,0.956848571211039,-4.0786604515288065,-0.19313016985615244,1.3798801495559516,11.69116482739328,268,-0.11251964487040922,0.8422581000496739,-2.1870089156181205,-0.13359283201167568,0.5400008931021525,5.2780840459195115,-0.18720012677893652,False,6.867923947330673e-22,1.3451267875963829e-21
US100,04:00,120,day,fade,446,-0.28910910959508385,0.9535554443570418,-6.402996366847135,-0.3031906653210111,-1.4502916288865193,12.527185591262057,268,-0.12814168229534345,0.8394063726985428,-2.499111058679741,-0.15265750471180084,-0.5374557524579348,5.5163385242699405,-0.2837616678526098,False,4.2741652641985065e-50,1.6274461397939772e-49
US100,04:00,120,recent,follow,426,-0.14270556706693008,1.0598015482716883,-2.779208731612658,-0.13465310302636624,-0.2545683156787024,10.456392663483413,245,-0.08545724116164621,1.006203855838492,-1.329370181884835,-0.08493034554159286,1.5633564347428177,15.482274196024997,-0.1216212931089331,False,2.340410041777061e-22,5.069577611803465e-22
US100,04:00,120,recent,fade,426,-0.3188100437672515,1.0630940916511427,-6.189635717801574,-0.2998888304158405,0.22084780081264627,10.263421062884822,245,-0.13669890208211966,1.011609257508476,-2.115121274993395,-0.13513014147260735,-1.5114208805824008,15.226740191204163,-0.30580954782032316,False,1.9141276975496126e-31,4.366892279668287e-31
US100,04:00,240,none,follow,906,-0.1583032817389106,0.8575923207084004,-5.5561394021187995,-0.18459036760980638,0.3513075335336467,13.307558964080405,507,-0.034919178141202094,0.8480258840140564,-0.9271689625400688,-0.041177019238982676,-0.5869287828198511,5.06799998110741,-0.1592644279378745,False,9.112514858253331e-48,4.3427450569414575e-47
US100,04:00,240,none,fade,906,-0.21472967859965122,0.864196466808399,-7.4790026395725056,-0.24847321974443912,-0.3031924854561236,13.184070292874011,507,-0.13832180976974276,0.8511981926825589,-3.659012973574829,-0.1625024711739816,0.5878810422625645,4.984194652129423,-0.18450799947551608,False,1.2881403820874544e-62,8.123295584134733e-62
US100,04:00,240,day,follow,446,-0.23295432625285797,0.9005231953313153,-5.463152276235447,-0.2586877578063392,1.88592421508373,18.299363942459824,266,-0.16725033780899043,0.8281578624759477,-3.2937807917567343,-0.2019546579065992,0.13148833194720003,4.208441075384777,-0.23032200547623286,False,2.5983375425456343e-21,4.646287570209892e-21
US100,04:00,240,day,fade,446,-0.12906591721281005,0.9060792039464232,-3.00824247299509,-0.14244440955124468,-1.9030511062350208,18.62655100293278,266,-0.010001334825781857,0.8263536441705671,-0.19739349587596733,-0.012102971768001894,-0.08763450567790683,4.3173205483757355,-0.11229215636802492,False,3.5903945137985044e-29,9.871893177377538e-29
US100,04:00,240,recent,follow,405,-0.22016671940440466,0.9798692578183935,-4.521796886053063,-0.22468989372581152,-0.9990667705502679,15.403403924144888,227,-0.15734629326091087,0.8810371937433877,-2.6907614810149862,-0.17859211209049117,0.19298231003708582,5.151708438251649,-0.24194777187736885,False,5.745914060707061e-31,1.441891603010117e-30
US100,04:00,240,recent,fade,405,-0.13758788893107585,0.9844016821386449,-2.812777449505832,-0.13976803517052272,0.9568226038553791,14.908324607292018,227,-0.008663123054379022,0.8853030018296149,-0.1474332622050083,-0.009785489303069508,-0.15014195812618608,5.102626418381661,-0.05417698728047725,False,1.4168513761780729e-18,2.6466719200303167e-18
US100,04:30,60,none,follow,909,-0.4138090867871852,0.9515576180198887,-13.111333799485935,-0.43487549145819154,-0.5521603567276775,13.226884115850309,510,-0.15508421582686774,0.9671892511612442,-3.62110589218602,-0.16034526401184435,-2.061196188851551,22.976460411184497,-0.41068610350635876,False,6.240815021495124e-90,4.734239715714308e-89
US100,04:30,60,none,fade,909,-0.2978123212884305,0.9542926112347919,-9.408990760747809,-0.31207652430954164,0.5179516914690683,12.527453586093863,510,-0.18213915871359648,0.9691628346913094,-4.244159167866938,-0.18793452678322123,2.0738353053861758,22.453684531721574,-0.2895908861385948,False,1.0642968159587776e-59,5.174494635137413e-59
US100,04:30,60,day,follow,462,-0.3201606929865536,1.0759428894468521,-6.395872230380516,-0.29756290610475605,1.3066907702008033,11.961144554811263,273,-0.11887379515506764,0.8844970133980016,-2.220603811396604,-0.13439705658065054,-0.4559170436337499,6.05993137445424,-0.280311597132597,False,9.213045503712406e-27,1.8502534967530205e-26
US100,04:30,60,day,fade,462,-0.3759575626899798,1.0807860220676881,-7.476874550036829,-0.34785568559697205,-1.4246535987297644,13.084374428349161,273,-0.2204663541647004,0.8782808563959329,-4.147536599560135,-0.2510203342805336,0.6205142694285168,6.5340195923636255,-0.40281023682642714,False,4.366534194682248e-56,1.779927206917082e-55
US100,04:30,60,recent,follow,433,-0.29356060440436194,1.1143791955177045,-5.481617474765399,-0.26342972444669804,0.9833825112709526,11.708824047908855,240,-0.16504035450525653,0.9962887124877305,-2.5663185236935973,-0.1656551483888151,-1.2404690686137345,9.87682080200756,-0.34338066083168906,False,1.8911836106089722e-25,3.801768197526726e-25
US100,04:30,60,recent,fade,433,-0.3915398093968859,1.1337252022975832,-7.186411345230495,-0.34535688948556464,-1.0492641577432302,12.480215557561399,240,-0.16881116896950518,0.9792680813802483,-2.670577581375612,-0.17238504162371046,1.3481034238962841,9.728149985698197,-0.3339305233834559,False,1.103264006534778e-46,3.539566529240357e-46
US100,04:30,120,none,follow,908,-0.26910634665886574,0.885247572742113,-9.160140183245367,-0.30398992885717946,-0.49775781560851623,6.7164930127113625,509,-0.09785495571976961,0.9060937207483546,-2.4365122273488407,-0.10799650574661297,-0.6180297641760235,8.016060338189387,-0.26745399724439967,False,1.3738052625189478e-84,1.3585657683666901e-83
US100,04:30,120,none,fade,908,-0.261943189241488,0.8960160219794752,-8.809155162892175,-0.29234208185563926,0.5943350526546868,6.821014902235689,509,-0.15011764692195062,0.9071175948958355,-3.7335936447504614,-0.16548862878047102,0.6576002668290054,8.050884995014743,-0.24087493983811603,False,3.4403404298270182e-62,1.885590843612766e-61
US100,04:30,120,day,follow,461,-0.27497190672365845,0.9713821301031401,-6.07783181412367,-0.2830728486784725,0.4521123880000162,5.531183406355119,272,-0.054849406693489124,0.9102758473440298,-0.9937642439248192,-0.060255808009766224,-0.1749729104151919,4.7181433950112845,-0.23300877939643846,False,1.375720894054028e-33,3.412034848713663e-33
US100,04:30,120,day,fade,461,-0.24311771206097943,0.9691062257619611,-5.386363755478975,-0.25086797050532594,-0.42262624519201825,5.57181728798616,272,-0.19540827718542067,0.9070594460179957,-3.5529709568317687,-0.21543050793778276,0.2759006457987122,4.807261651536117,-0.26544841816354037,False,8.159672660566457e-38,2.415776206273284e-37
US100,04:30,120,recent,follow,434,-0.24543904536169447,1.0088435164958882,-5.0683279743393195,-0.2432875280937535,0.0649356654557721,6.287903663449361,251,-0.1568203208203195,0.8931144911925083,-2.7818394564471807,-0.17558814952260954,-0.34879128274496285,4.364132265869534,-0.2084642394144705,False,5.33465540693406e-31,1.3011116710660705e-30
US100,04:30,120,recent,fade,434,-0.26218502760941953,1.0021502023602504,-5.450294047256634,-0.2616224863218357,0.008272907145992167,6.626115067258917,251,-0.08551301798634253,0.9050185641561154,-1.4969648647177678,-0.09448758442439151,0.42047890666158894,4.537949343785899,-0.27524778249888066,False,9.631068216945302e-33,2.4067047845790207e-32
US100,04:30,240,none,follow,905,-0.16443424270212462,0.8578697818598653,-5.76627276093092,-0.19167739227931596,-0.008117569005444273,7.815414716368808,506,-0.03760746409676238,0.8327952985035514,-1.0158066304419837,-0.045158112881207635,-0.7008256038416519,7.638287431218059,-0.17076992477854175,False,9.080053918593357e-54,5.183469752735543e-53
US100,04:30,240,none,fade,905,-0.22778542259554233,0.8655959625230282,-7.916532426247584,-0.2631544420928169,0.05331443191381708,7.704641422844008,506,-0.13804263067308348,0.8358133955078395,-3.7151739953283434,-0.16515962942806017,0.7016891511338529,7.29600313989829,-0.1878404659021523,False,1.1981613320457591e-64,7.671035236226558e-64
US100,04:30,240,day,follow,460,-0.2532599616366129,0.9180958325983091,-5.9163987486230525,-0.2758535140278986,1.0194176500036258,8.74917820211444,269,-0.13916654967609535,0.8572613328410056,-2.6625499555876844,-0.16233853592216815,0.023007034319489687,5.410717954158083,-0.21917063922930097,False,2.9225876491338165e-28,6.2818574190808205e-28
US100,04:30,240,day,fade,460,-0.13020261316302587,0.9243685843084039,-3.0210188795509034,-0.14085573154829914,-1.0275480458749229,8.882704689887152,269,-0.03828431228434674,0.855546428986736,-0.7339279162872699,-0.04474837482483406,0.07404121042486925,5.453850465826908,-0.13632035810734802,False,1.8017939132913267e-27,4.6676517088274605e-27
US100,04:30,240,recent,follow,418,-0.22463063746509926,0.999123704724365,-4.596612222266642,-0.22482765287514586,0.519052852594409,7.894599398294823,232,-0.13005239451451056,0.8922891204377978,-2.2200192870464512,-0.14575140673092699,-0.14898224270786767,5.213383099435338,-0.22045413152201082,False,8.836858640216098e-26,1.8831108006873877e-25
US100,04:30,240,recent,fade,418,-0.1471867311642353,1.003588945588168,-2.9984784517995005,-0.14666037505821108,-0.5389630547450419,8.126063003456501,232,-0.041753907156698626,0.8966313826504825,-0.7092954570667299,-0.04656752815551939,0.1884533110930015,5.294043051979708,-0.09108458420311831,False,4.2873522151144204e-24,9.706691634086259e-24
US100,05:00,60,none,follow,908,-0.38716279725718955,0.8660585413422331,-13.470673007926258,-0.4470399849150586,-0.6383863605276843,7.177744268235177,510,-0.17414728046301703,0.957662286305479,-4.106666164602443,-0.18184623426578878,-1.3173072555132177,12.589376834582188,-0.3785908840765719,False,2.040269707214768e-120,2.995801506001258e-119
US100,05:00,60,none,fade,908,-0.3740612210305909,0.8707774454060168,-12.944296130740616,-0.42957155471129327,0.6323051472523439,6.713605267826214,510,-0.1720689461722858,0.9636893810953852,-4.032278437427764,-0.1785522903414192,1.30977231513828,12.317562456480918,-0.35748977246209895,False,1.5842434753827973e-77,9.139889884426716e-77
US100,05:00,60,day,follow,450,-0.3149977384553631,0.928570153553726,-7.196129535321957,-0.3392287995148637,0.4287821221826864,5.232144714498858,278,-0.0907297055632653,1.0850076096045596,-1.3942450631459398,-0.08362126197099441,1.488785547384807,10.498524269787717,-0.35103993044648446,False,2.7985443497689045e-37,7.090647463257334e-37
US100,05:00,60,day,fade,450,-0.4204218106788887,0.914048851695948,-9.757129919418954,-0.4599555153959529,-0.5068329330605609,5.303625093895515,278,-0.2534273451047961,1.079637488263932,-3.9137935731932996,-0.23473373966692268,-1.4248307282437025,10.488020828116923,-0.3779917667864913,False,2.0314198130379143e-64,8.183820414538748e-64
US100,05:00,60,recent,follow,402,-0.3637622222520541,0.9537560224874961,-7.647039395519267,-0.3813996595306669,0.35892595677864286,6.1865949480374995,246,-0.1042339145845692,1.1012987906222311,-1.484470048931911,-0.09464635344389807,1.3334993863293378,11.27832600056322,-0.43860674772141034,False,5.272338610546606e-36,1.2257942316061066e-35
US100,05:00,60,recent,fade,402,-0.3741810070386371,0.9385706138272047,-7.993331298220954,-0.39867112982883735,-0.37218379650523736,6.910139807904215,246,-0.24024706309310268,1.0937532262476675,-3.445135389500799,-0.2196538097696103,-1.3179141169385213,11.275188881127495,-0.2903856462919074,False,1.6874761445666275e-45,4.835506592305785e-45
US100,05:00,120,none,follow,908,-0.2572708524695846,0.8335773881436183,-9.30009927476915,-0.3086346344429139,-0.8004932130662932,7.421849030798129,510,-0.06303562194504951,0.8766506582265029,-1.623844979803169,-0.0719050642961621,-0.4820923779075747,6.275732846889965,-0.25910340009769495,False,1.0672071894736737e-92,1.297953953854475e-91
US100,05:00,120,none,fade,908,-0.30146952514328845,0.845746918193961,-10.741029693474257,-0.3564535899073183,0.8854980041172954,7.49456174244507,510,-0.18944082184676989,0.8788017050964201,-4.868192761779007,-0.2155671987755018,0.5431190839493155,6.321022473266218,-0.2658813200965225,False,2.379373622749887e-64,1.1778685447612933e-63
US100,05:00,120,day,follow,450,-0.281844250010906,0.9085688702707085,-6.580480146599188,-0.31020680900824876,0.5307397914300322,5.285164764402547,278,-0.13844541016926465,0.9588345883172488,-2.4074499562570697,-0.14438925322065804,0.26847505283239903,6.133012166492257,-0.28677957319566033,False,2.6809689722335247e-34,6.5266764290614e-34
US100,05:00,120,day,fade,450,-0.2577500101441246,0.9030760781570784,-6.054532428621503,-0.28541339581280806,-0.5038931405629391,5.403670605865495,278,-0.1130831852497691,0.9587526824284573,-1.966590055916614,-0.1179482334936856,-0.181234694945835,5.980239031919018,-0.23669885571385962,False,5.038014618084249e-42,1.5833330025085318e-41
US100,05:00,120,recent,follow,410,-0.29123677782790597,0.9081029521059615,-6.493862045862303,-0.3207089869628826,-0.09959889007663182,8.00290717903588,264,-0.14685371870036001,0.9702093786327652,-2.4593562520836265,-0.15136291395915863,0.46236081728037526,6.306780449870248,-0.3439254696330127,False,1.4996092500744508e-35,3.722729109567308e-35
US100,05:00,120,recent,fade,410,-0.24223048514307702,0.9167616902298904,-5.350129209910023,-0.2642240483263807,0.17374306352059557,8.445741272125025,264,-0.10128827786512766,0.9697476817458077,-1.6970803329673296,-0.10444807424832551,-0.37282381209853066,6.018579373446623,-0.17297904118173957,False,2.3205135168392605e-29,5.228556480275288e-29
US100,05:00,240,none,follow,902,-0.14217623709305252,0.8578301037884413,-4.977703244342956,-0.16573938879640454,-0.5997239720009917,8.846506102847474,507,-0.04413362929207529,0.8485838945252175,-1.1710591654437377,-0.05200856341584004,-0.9576673672450169,9.417121893025042,-0.13944828548112287,False,7.46831285822952e-54,4.677774673176544e-53
US100,05:00,240,none,fade,902,-0.2493145568933453,0.8650545891308209,-8.655803546155576,-0.2882067328766484,0.602599735452129,8.209079159790422,507,-0.12766310338841255,0.8495954789346392,-3.3834299127544925,-0.1502633977625414,0.9378497226111021,9.032917021238333,-0.2140931455448133,False,6.930397888441439e-60,3.597967236139401e-59
US100,05:00,240,day,follow,448,-0.2843822521058978,0.9191625597712714,-6.548610653070219,-0.3093927718037871,0.8412770958350467,10.210657962328876,276,-0.1566882342485612,0.8980452271984571,-2.8986295706017238,-0.1744769968182627,0.15838061584506324,5.9253925101793765,-0.22800311588642624,False,1.8587719870845493e-29,3.967706112519486e-29
US100,05:00,240,day,fade,448,-0.09484150995694189,0.9230718088976745,-2.17471314273224,-0.10274553836737893,-0.8351945120586769,10.701801303795577,276,-0.014137526815822468,0.8982409053189743,-0.261477999756096,-0.015739126031899083,-0.1048384170968268,5.947734900071866,-0.12454347468266101,False,5.781053017518002e-22,1.303677092729457e-21
US100,05:00,240,recent,follow,403,-0.27657856308665923,0.9484968551675059,-5.853763114792378,-0.29159671071109144,-0.48051768315606364,9.859735167649498,247,-0.19029798656660457,0.837864700116696,-3.5695114243776542,-0.22712257305994665,-0.15471888834022837,5.137121631798357,-0.2962219032686423,False,5.492647227596097e-35,1.39970194796677e-34
US100,05:00,240,recent,fade,403,-0.09270879403350485,0.9544675620516765,-1.9498997406567866,-0.09713142459679047,0.45488757855180767,9.193058959256978,247,0.020218906621884896,0.8409701956672778,0.3778553177785216,0.02404235813118438,0.14104525935765586,5.147523813041689,-0.012684302222579808,False,1.965274043025982e-17,3.7266309814093636e-17
US100,05:30,60,none,follow,910,-0.34125176292295367,0.9038183404843592,-11.389756774267363,-0.3775667605285325,-0.5123274096274378,7.181525331751712,510,-0.15311012831778523,0.8398841700381616,-4.1168933132233,-0.18229910001855185,0.0011673132050122725,6.323979899038962,-0.3277008261040835,False,3.039147401967282e-100,3.5056038698776935e-99
US100,05:30,60,none,fade,910,-0.46221292300203715,0.9269076747332974,-15.042717576378832,-0.498661231966853,0.5223180224167073,7.611798659994323,510,-0.21337211625681549,0.8356384527543994,-5.766394309860741,-0.25534023183531884,0.009124477803471283,6.312303638926851,-0.44236733725190536,False,1.2671868587505643e-84,7.356449342979759e-84
US100,05:30,60,day,follow,455,-0.40193097846058295,1.0115887163998578,-8.475263357874507,-0.39732647462796417,0.5300051664529672,8.194218462618045,272,-0.10117520133933149,0.8593580537717388,-1.9417100473279623,-0.11773346499200375,0.2577671260131457,5.418026559222535,-0.39162583580641036,False,1.1179477311677395e-37,2.657267012539681e-37
US100,05:30,60,day,fade,455,-0.37307178906282634,0.9955426933885404,-7.993522815009737,-0.37474212963484016,-0.5848495670408946,7.685670729045117,272,-0.26777596634624623,0.849864678279286,-5.196444193834773,-0.315080710129535,-0.24630371803789336,5.311786008415364,-0.3626617743870353,False,2.673691108811493e-51,9.172381820440665e-51
US100,05:30,60,recent,follow,401,-0.3969285710865558,1.0237606018553032,-7.764010870642203,-0.3877162008063455,-0.2983546572294868,6.28984662192131,222,-0.1311933129866853,0.9157185466354486,-2.134647535081939,-0.14326816189179348,0.3453938208556677,4.365872104821426,-0.4179517928843227,False,3.084312838486947e-44,8.706673554391579e-44
US100,05:30,60,recent,fade,401,-0.3734997146254409,0.9941844993409293,-7.523076412560435,-0.375684508130074,0.21678572857024858,5.855618518283319,222,-0.22921045414997115,0.9020042281423668,-3.786189402617308,-0.2541123943753776,-0.31858651233694857,4.445614714692823,-0.34889297791818474,False,2.556458096363364e-37,6.1827466814138745e-37
US100,05:30,120,none,follow,909,-0.23345463611575845,0.839951500096461,-8.379734029409924,-0.2779382334443694,-0.41596499629181727,4.497922419114473,509,-0.06177929798407074,0.8562377200505586,-1.627824213225006,-0.07215203971675392,-1.1566044238184312,9.92886568757487,-0.22588721726212116,False,2.1459924403129375e-80,2.0713033211844897e-79
US100,05:30,120,none,fade,909,-0.34068584531961077,0.8543179427019368,-12.023101237379958,-0.3987810957617599,0.4601524587419885,4.571208403317913,509,-0.19630868319980208,0.8594749161529824,-5.153059947269137,-0.2284053664747792,1.1681700220866529,9.770949122306693,-0.30447041688417475,False,1.1778336653560043e-82,8.276596779328544e-82
US100,05:30,120,day,follow,455,-0.3511638693575234,0.9089614106178452,-8.2408133580387,-0.3863352891063087,0.09716966809752982,4.341937863467579,271,-0.17378782838355167,0.8674167395880975,-3.2981940421231246,-0.2003510198178522,0.6721182939685775,9.701527282173382,-0.32312527475562375,False,1.6760937020326662e-46,5.0116109171376695e-46
US100,05:30,120,day,fade,455,-0.20377540270532576,0.9060455835579084,-4.797416346839624,-0.22490634732209563,-0.05962764998381779,4.395470948277843,271,-0.08664186148873312,0.8669592233147856,-1.6451812400762127,-0.09993764315403586,-0.6310803080832186,9.793483914849377,-0.20208438941832477,False,2.712910287003065e-32,7.095644352068987e-32
US100,05:30,120,recent,follow,405,-0.35845649894815085,0.9478942402141391,-7.610340459492773,-0.3781608577631739,0.19313776690060483,4.001597714451758,242,-0.14406082896562833,0.8466629571228496,-2.646933517730069,-0.1701513308851722,-0.145220749742581,5.333035498463027,-0.3519530473877881,False,4.015091524138771e-40,1.0377528863869043e-39
US100,05:30,120,recent,fade,405,-0.20066862211898195,0.938538266112843,-4.302838004473873,-0.21380973942606943,-0.17729146004612317,4.244655382726583,242,-0.11115632037406889,0.843149559423684,-2.0508657267915953,-0.1318346420652195,0.203014960504496,5.196488867725391,-0.16660466057911144,False,1.1037804847148798e-28,2.621143515149087e-28
US100,05:30,240,none,follow,903,-0.12838211903625088,0.8518131823123767,-4.5290181189829415,-0.15071628580311244,-0.0903019004338131,4.450493484252618,506,-0.07963429738506515,0.8171276253918242,-2.192226976672583,-0.09745637634865104,-0.8719338074763398,6.080586172164307,-0.13599575902074987,False,2.3489359233395788e-48,1.274488906941e-47
US100,05:30,240,none,fade,903,-0.26293727329597205,0.861730541509368,-9.169054297653583,-0.3051270213023007,0.12165455429738331,4.460038532721703,506,-0.09009207873111838,0.816124950186639,-2.4831629000331277,-0.11039005572677969,0.8461918794582715,6.02742151313073,-0.21806268101562454,False,2.367879924960811e-74,1.7566098644562403e-73
US100,05:30,240,day,follow,452,-0.29574039424993526,0.8850247012560846,-7.104352023464679,-0.33416061024082294,-0.007173848556670357,4.871719855781987,269,-0.11061104165261053,0.8845780062509375,-2.0508716662433675,-0.12504385240303198,0.4778568641229912,6.331798167352415,-0.27574529270111375,False,5.3059940423589165e-42,1.5336778782942677e-41
US100,05:30,240,day,fade,452,-0.0837515101956274,0.8846327778498083,-2.0127917203796044,-0.0946737587535408,-0.0010714780736105576,4.800863074378733,269,-0.05991857127638134,0.8886603266094282,-1.1058641960465816,-0.06742573003679946,-0.4825546624112982,6.277641116002518,-0.07476873919463894,False,4.4618981156401165e-20,9.458194995411464e-20
US100,05:30,240,recent,follow,417,-0.31986978906415253,0.9592723326832473,-6.809250834231524,-0.3334504479759387,0.1389945308866768,4.31359703023615,256,-0.0904951478512777,0.8559967394729698,-1.6915045336643655,-0.10571903335402284,0.5884411387420597,5.435250428305275,-0.23656312965905396,False,9.199718211684716e-38,2.3798586957115543e-37
US100,05:30,240,recent,fade,417,-0.054786330114857486,0.9633618892709582,-1.1613169796844356,-0.056869937170047326,-0.1356293497075683,4.369451795386893,256,-0.07312257868660309,0.8645033448443221,-1.353333409249369,-0.08458333807808556,-0.5862226210867663,5.50488734862996,-0.07675195464609465,False,5.004978104378773e-16,9.515256417736116e-16
US100,06:00,60,none,follow,911,-0.37699291367199056,0.9293500436576675,-12.243710483772956,-0.40565222570846354,-1.2229127457047972,14.79239344405918,510,-0.09036559126174785,0.8919402795674616,-2.2879809581214943,-0.10131349971723425,-0.15036217217387784,6.9374929548416215,-0.38015117771888374,False,7.839316174796775e-104,8.984522975342375e-103
US100,06:00,60,none,fade,911,-0.4506891985714839,0.9444898031445947,-14.40253915573931,-0.4771774105670112,1.3062983799151875,14.538651279616976,510,-0.27981006558744437,0.8898802779427446,-7.100956293151427,-0.314435629739226,0.24588637188624682,6.8088477388292725,-0.404155986313433,False,7.246182515956031e-57,2.4038407726844225e-56
US100,06:00,60,day,follow,453,-0.44611561172458947,1.065841310973696,-8.90848747019795,-0.41855725344051636,1.8175472661907288,16.5762547454313,278,-0.2921608459873599,0.9277112929137882,-5.250873649930386,-0.3149264735904323,-0.14926948601124337,6.715071525883934,-0.44710799970111753,False,5.363408428631744e-25,9.244477293505007e-25
US100,06:00,60,day,fade,453,-0.35361589563701334,1.0615191141039677,-7.090111441507076,-0.33312249486482576,-1.704403520178308,16.1219877927745,278,-0.08307142986180976,0.9262242118446379,-1.495401990287509,-0.08968825128892649,0.24394483681809084,6.476955710696863,-0.3268688225419784,False,7.343928720523047e-54,2.9106216024331497e-53
US100,06:00,60,recent,follow,429,-0.4806051796758842,0.9306648361250677,-10.696058957908079,-0.5164105927510276,0.21561319694409783,6.710790005136301,217,-0.18730278792693167,0.9885076065554068,-2.791220159264473,-0.18948037089933426,0.01325960877268786,6.12195186406566,-0.5521309589154414,False,1.635476142891234e-47,4.2266978136023493e-47
US100,06:00,60,recent,fade,429,-0.31824178491727934,0.9127220822911489,-7.221830477923393,-0.34867326110749614,-0.09855894171806398,6.463382133946134,217,-0.1816442994542982,0.9886266691224637,-2.7065703387758213,-0.18373396665045605,0.12140602896160137,6.536524589398792,-0.22148921734114843,False,1.0258218229018421e-40,2.8044313165869942e-40
US100,06:00,120,none,follow,909,-0.22339654093071673,0.8563965218063534,-7.864724085311048,-0.26085643185415774,-0.33332544605396885,6.234210324671157,508,-0.06851124212179334,0.8099241860156265,-1.9065549615036546,-0.08458969778249281,-0.5400848975867841,5.508775739245524,-0.21554953260227855,False,2.1155213657329536e-72,1.7176039267159967e-71
US100,06:00,120,none,fade,909,-0.3633651846260655,0.8694773553891663,-12.599896551313066,-0.41791218871183616,0.3705181824103303,6.156661218809082,508,-0.1894907674167136,0.8127020868144098,-5.255191372344529,-0.23316141362386594,0.567956922009217,5.489820451162913,-0.31854807883163955,False,1.4837447907839804e-83,1.0136551774283066e-82
US100,06:00,120,day,follow,453,-0.40151191562116306,0.931163606448446,-9.177439825800114,-0.4311937374277018,0.242867814291014,6.339308810799446,276,-0.2391799154800474,0.848767322226094,-4.681560049334825,-0.28179680015571434,-0.16988053871300735,4.577631761343403,-0.3893909398570682,False,6.106188360534009e-45,1.6520811153878482e-44
US100,06:00,120,day,fade,453,-0.16536521554506237,0.9328265678443249,-3.773048219890631,-0.1772732694858873,-0.2118400714037528,6.645199451248588,276,-0.02200984661893256,0.8494529558612647,-0.43045942893593714,-0.02591061278563292,0.2306600328388773,4.814331881192976,-0.1391569413940106,False,8.109285400680878e-28,1.9875250228042098e-27
US100,06:00,120,recent,follow,425,-0.4012370418683672,0.9232009285738828,-8.959819327138264,-0.43461507614401906,0.22651503944075044,5.370034316063729,224,-0.11686843430716982,0.8562017406761737,-2.04289068677104,-0.1364963755094384,-0.10633090866599881,3.5094765779154473,-0.43070846944058905,False,3.859695035274312e-44,1.0207116052194728e-43
US100,06:00,120,recent,fade,425,-0.1789312123808738,0.9143382485760796,-4.034351015694073,-0.19569476904146532,-0.1687237495696893,5.505648397797294,224,-0.13947030089954285,0.861666106044346,-2.422516461704722,-0.16186118952712403,0.08274156769353264,3.538839028977936,-0.09771637271731748,False,6.651511787869646e-28,1.5850483929688774e-27
US100,06:00,240,none,follow,902,-0.12345609921145405,0.93379406901413,-3.9706783529669547,-0.13220912758826478,0.3891842127437988,7.606503516288823,506,-0.018222886596740307,0.8334939677023367,-0.4918016369046355,-0.021863249528937433,-1.1077629436813674,8.172081350475796,-0.14282214574024385,False,6.591379198304825e-42,2.995988621643809e-41
US100,06:00,240,none,fade,902,-0.21128289681545542,0.941960660687012,-6.7365082473379525,-0.22430118967108223,-0.4174002187182449,7.6509210045137825,506,-0.12025764365347064,0.8317466569324243,-3.252347068827429,-0.14458446289041235,1.0143180327366648,7.628533526213714,-0.17707074113866078,False,2.5117078661837367e-64,1.8098482202080178e-63
US100,06:00,240,day,follow,449,-0.31495912893252626,0.9841298798610992,-6.7814873075294395,-0.32003817319008726,-0.9832226944570016,9.268240679436087,275,-0.08655562124082279,0.8477665625799711,-1.6931106499310966,-0.10209841371593123,0.2557965913552952,4.310067220161179,-0.2591634336168587,False,6.354212647375458e-49,2.2651198661176733e-48
US100,06:00,240,day,fade,449,-0.01061600202487225,0.9843169440666664,-0.22853314803556413,-0.010785146073999965,0.8958884380473702,8.987193688185322,275,-0.05180473068262098,0.8497337786998246,-1.0110040247109058,-0.06096583657282315,-0.2917505460332115,4.3173352246470404,-0.055928906324247234,False,1.465934101397672e-13,2.6794134203871223e-13
US100,06:00,240,recent,follow,423,-0.2793780267360123,0.9853201128020267,-5.8315644713583765,-0.2835403673447045,0.7622481608892829,10.12890665635314,245,-0.1447992428178587,0.8584750936817444,-2.6401076360857605,-0.1686702897772582,0.08173482269897205,5.322180616210517,-0.2886960796643268,False,2.886919827431871e-27,5.974947610062696e-27
US100,06:00,240,recent,fade,423,-0.041665982468155234,0.9839003945518554,-0.8709649451400325,-0.04234776477260501,-0.8316996285698439,10.709923519175717,245,0.009486186296918546,0.861949852230765,0.172263272005534,0.011005496749454587,-0.17812853188782554,5.324097800992043,0.0008010934937102148,False,1.5279268984651709e-15,2.91101905952105e-15
US100,06:30,60,none,follow,910,-0.3953285845617565,0.8841841352374931,-13.487647138532541,-0.4471111489187382,0.031349150952281066,9.120042312702225,509,-0.11510306360941568,0.8524076784168607,-3.0464806294946274,-0.13503287983420273,-0.8103848431213131,7.310800033028714,-0.3844112120702508,False,1.2997034892375491e-87,9.06340017593932e-87
US100,06:30,60,none,fade,910,-0.4362179281710139,0.8923318890857309,-14.746800103855241,-0.4888516632729061,-0.08831445118747565,9.535147189655808,509,-0.24989049100739125,0.8641636083425469,-6.523980408832666,-0.2891703475996606,0.8278597191638217,7.007572350571033,-0.3873743866696344,False,6.232785457766295e-94,4.514837006845932e-93
US100,06:30,60,day,follow,451,-0.47812485209388406,0.9556612421762317,-10.624918709590226,-0.5003078821163639,0.05022782195652135,11.22179368714164,280,-0.31112844061552963,0.8867918461710323,-5.870796636321119,-0.35084720496575633,0.578656127212217,6.3742038576068625,-0.4455495287212243,False,2.742260246347933e-43,6.599501799017635e-43
US100,06:30,60,day,fade,451,-0.32426812324991083,0.9646855191133139,-7.138496806742989,-0.33613868646847767,-0.18305521032667385,11.036350498553263,280,-0.05712541551864115,0.8840647484653014,-1.0812455025848662,-0.06461677792017885,-0.5023857766503663,6.26560401250531,-0.3205891783934127,False,2.482401983420349e-38,6.493920049670325e-38
US100,06:30,60,recent,follow,439,-0.4158652839270623,1.0028838294499351,-8.688289804141384,-0.4146694479610439,-0.8554413173002918,10.460874154326191,226,-0.20823121318528975,0.9730705093504463,-3.2170346475018037,-0.21399396157251785,0.4959214213316455,7.085777312168151,-0.38741530798493107,False,3.227869577354951e-53,1.0852973590031672e-52
US100,06:30,60,recent,fade,439,-0.39444139342516904,0.9814239516178895,-8.420891889330022,-0.40190724179385223,0.750363120241137,9.8751778963511,226,-0.1519599181961685,0.9669449034206129,-2.3625529022335443,-0.1571546813666458,-0.5260330586891863,7.053424803110844,-0.3749544241366967,False,2.2252810950175867e-33,4.745741118370725e-33
US100,06:30,120,none,follow,908,-0.24646427997273387,0.8871970483184801,-8.370989977447604,-0.2778010594600849,-0.15478806136016385,8.458086149604819,507,-0.08397948723719412,0.8018603324296093,-2.358188236123058,-0.10473081637888128,0.370784377497531,9.118803695932653,-0.217884319082594,False,1.0467133292502981e-69,7.421096190262146e-69
US100,06:30,120,none,fade,908,-0.3433374555668287,0.8932341559432361,-11.582406075266656,-0.3843756458285809,0.1549287881052177,7.962890221952313,507,-0.16613499159971662,0.8066493397246868,-4.63746143278484,-0.20595689281344887,-0.3159665521922347,8.30169997964895,-0.31839165281942555,False,5.86859381550137e-80,4.011634660004764e-79
US100,06:30,120,day,follow,451,-0.3788462253978217,0.9669828120120648,-8.320175380650145,-0.3917817573298241,0.8055766930720836,9.750025214690917,278,-0.26142225237139805,0.8939900153653072,-4.875647301647271,-0.2924218927261444,0.28340209136722433,9.292938863065446,-0.3556551845519396,False,1.5973140377445274e-33,3.454579450988866e-33
US100,06:30,120,day,fade,451,-0.19222415368388596,0.9821476127021946,-4.156420355747757,-0.19571819062413368,-0.8475850732081054,9.864180083614567,278,0.010298172630595244,0.8954490112252288,0.191752795654748,0.011500568431589886,-0.2083094540709782,9.35367248975162,-0.17663387189992483,False,3.1671558276900856e-32,8.711795898442952e-32
US100,06:30,120,recent,follow,432,-0.3427703215827834,0.9709966084783334,-7.337149569308941,-0.3530087732437553,-0.39544921684494544,9.867329097149252,236,-0.16629880313766415,0.90691849612154,-2.8169352594730244,-0.1833668668671388,-0.5168477383880031,7.260590586888571,-0.4036735603228859,False,2.6143284942858143e-41,7.211357333685048e-41
US100,06:30,120,recent,fade,432,-0.23094506367506112,0.9747662328516612,-4.92436324396118,-0.23692353704070715,0.34742860988242924,9.069335657539755,236,-0.08058774989256572,0.9156802271780168,-1.3520140198402242,-0.08800861643690239,0.46989802774722755,7.460702837705139,-0.11777485887102242,False,7.821937488859895e-28,1.747560542596976e-27
US100,06:30,240,none,follow,902,-0.14093401629668584,0.9368115536647312,-4.518214646149934,-0.1504400919751292,0.002314385445928971,10.284915054848899,506,-0.025229922796921402,0.8764943376179688,-0.6475034179075205,-0.028785037979239272,-1.1551050161305456,10.768542742562136,-0.1434113743673253,False,3.401683308194956e-46,1.7077550847234537e-45
US100,06:30,240,none,fade,902,-0.1752737576873398,0.9424439824892449,-5.585532981066036,-0.18597790525904281,-0.06090095759627817,10.363698147270929,506,-0.1050397745471969,0.8745228271307698,-2.701829189181402,-0.12011095798588002,1.0620986300974296,10.177448582018657,-0.16152429244799946,False,4.383068469496134e-52,2.4084079147873854e-51
US100,06:30,240,day,follow,447,-0.2731635992044376,0.9881551853485392,-5.844554785544557,-0.2764379555505628,-1.2694868213162818,11.048969034837803,278,-0.0071579131340415774,0.9283611218424258,-0.12855585968313357,-0.007710268090326726,0.5967605134089466,5.209269752691738,-0.2616473815199754,False,2.005794949755553e-45,7.072266078257163e-45
US100,06:30,240,day,fade,447,-0.03790065339934722,0.9945293991769413,-0.805717567601901,-0.03810913325509862,1.1600449715337051,10.571514388390433,278,-0.12145977848796412,0.9265199541309459,-2.185748080666609,-0.1310924583398644,-0.6279690436134601,5.162890312219564,-0.03799306616256014,False,6.172393502400613e-15,1.1514326550430841e-14
US100,06:30,240,recent,follow,409,-0.22247743743651563,0.9200987235268157,-4.890048869691971,-0.24179735472704594,1.0191211214109683,13.676245300489695,243,-0.15456065856727014,0.8713904504909671,-2.764962847654406,-0.17737244937695393,0.5259722838941518,5.739944240028495,-0.2369242380857273,False,9.343056506868447e-23,1.7757181187548995e-22
US100,06:30,240,recent,fade,409,-0.07845586798353117,0.9242920033111618,-1.71663471087717,-0.08488212350909964,-1.092111171335726,14.22205749880904,243,0.026071193098181147,0.8721906089907872,0.4659642919225607,0.029891623263804866,-0.5929253030673547,5.790861002192243,-0.042090924688515004,False,6.6142433999660955e-19,1.3586438945898114e-18
US100,07:00,60,none,follow,909,-0.3607810391026336,0.9020347191417912,-12.058752814602952,-0.39996358393597736,0.5224931353114002,11.483667899895037,509,-0.19405404102837248,0.8668255523092592,-5.050680276451062,-0.22386746734842378,-0.887058562722972,7.495973674501463,-0.33256524279844774,False,6.6934204465977905e-68,3.2846525608300255e-67
US100,07:00,60,none,fade,909,-0.4823526748031862,0.9119413262519255,-15.947027229955273,-0.528929505569896,-0.514893205884394,12.156185458770796,509,-0.16856845691409658,0.8721429036632816,-4.360613058476841,-0.19328077566882063,0.952530952201715,7.35064166508927,-0.4328298709566713,False,3.353866868795217e-100,2.5215774562623167e-99
US100,07:00,60,day,follow,455,-0.5389775028585952,0.969839769924017,-11.854311826813522,-0.5557387102209904,-0.7453358394478591,13.946803934879407,275,-0.273100114454981,0.9877021835753119,-4.585241507574446,-0.27650046643250864,0.2852328966902223,6.894377787973804,-0.49381507030628097,False,1.0184944334581667e-51,2.7446222873732396e-51
US100,07:00,60,day,fade,455,-0.28175849413399956,0.9640874110258715,-6.2339929089989194,-0.29225409533579993,0.6045751879428318,13.182356197182424,275,-0.08507666919739573,0.9974961367745687,-1.4143783606688662,-0.08529022425339258,-0.1590623778116937,7.375742292910149,-0.2651737763206712,False,3.123153652269424e-29,6.762634004721233e-29
US100,07:00,60,recent,follow,417,-0.3829334974766515,1.0722168077410568,-7.293043013959524,-0.3571418529461543,-0.44630474791602337,13.057997191588058,224,-0.2872947990082923,0.8966282201263442,-4.795560446400577,-0.32041686014277965,-0.658113587481817,6.674780799080345,-0.4111112754408489,False,1.2536285487020265e-37,3.1288124692302403e-37
US100,07:00,60,recent,fade,417,-0.44412744911477436,1.0622447511478426,-8.537899710145743,-0.4181027476340629,0.48342473195529173,12.172349289532333,224,-0.07149713518662319,0.9104980891732976,-1.1752590683506041,-0.07852529954405534,0.6470683962899244,6.169031515943303,-0.3400008417928289,False,1.4469736184973684e-32,2.978857720826132e-32
US100,07:00,120,none,follow,905,-0.2311452215267104,0.9729246723869112,-7.147102202345407,-0.23757771602156363,-1.7256255844833888,25.5449560198782,508,-0.11635810688147322,0.8668150582505038,-3.025534124700468,-0.13423637000067723,-0.7159364352474133,7.936078976371251,-0.20285369779273865,False,2.844416686272812e-71,2.4274376323835342e-70
US100,07:00,120,none,fade,905,-0.33082397729338225,0.9762042146866724,-10.194844121781188,-0.3388880854192637,1.5994270769494925,23.11507276285236,508,-0.11967526288095362,0.8681223655918805,-3.107100501796008,-0.13785529278393807,0.718635281626341,7.455697808681687,-0.3033493509942902,False,2.6757210202299294e-43,7.942745390508813e-43
US100,07:00,120,day,follow,453,-0.37812554678240434,1.0580556807862047,-7.60635512238897,-0.35737773885532403,2.6220240420868617,31.818183142506456,274,-0.216313122187779,0.9911064525261648,-3.6127494503777737,-0.2182541760639667,0.3453452532634278,7.202767922902727,-0.3576768565964354,False,3.309078036071134e-18,5.035620010748614e-18
US100,07:00,120,day,fade,453,-0.16805828631129122,1.0659471296393384,-3.355624582473102,-0.15766099615855572,-2.832667856611166,34.15516553083778,274,-0.016545639724014242,1.0041417876709549,-0.27274940014950105,-0.016477393857286665,-0.33093358532498335,7.610081207897464,-0.1435625188743612,False,1.149722212241689e-33,3.598958419780568e-33
US100,07:00,120,recent,follow,415,-0.2786976670798531,0.987306173156852,-5.750498959928484,-0.28228089184202515,0.041033641119926245,6.23013399308686,238,-0.16685858788177751,1.0022490361554062,-2.568392512103661,-0.16648415898890906,0.8389164035616128,7.659049580849903,-0.3291125412937248,False,5.662573255709605e-33,1.381563437840119e-32
US100,07:00,120,recent,fade,415,-0.2561147576745337,0.9846754872912378,-5.298653565053104,-0.2601006737550506,-0.03565108580887675,6.147758498976934,238,-0.06669727245309864,1.0153010890055985,-1.013448538160953,-0.06569211160644275,-0.7964587308817301,7.806367434896183,-0.16031819595114094,False,8.366571065841714e-32,2.0380766964322434e-31
US100,07:00,240,none,follow,897,-0.11667789135306086,0.9035138885441156,-3.8676748864997554,-0.1291379057172776,-0.23687307257313492,6.143123030110926,507,0.006042763033969639,0.8907980992307044,0.15274262913858075,0.00678353831153006,-0.8031935412639829,9.307118505080842,-0.13498656529354688,False,1.0633970735188996e-44,5.428844814951819e-44
US100,07:00,240,none,fade,897,-0.11550368129092328,0.9046111123789787,-3.824107825598621,-0.12768324389379604,0.20043531384336735,6.2030313147003575,507,-0.11301675589437693,0.8892548937724081,-2.861676602428693,-0.1270915197496815,0.7259281186653073,8.885281991914374,-0.11283374568060611,False,3.6162821417877614e-42,1.6847722406450315e-41
US100,07:00,240,day,follow,448,-0.2409293334114261,0.944044802156359,-5.40176990152314,-0.2552096392682874,-0.6125625233464955,5.216446759784945,274,-0.060924944029100654,0.9228096201585427,-1.0928443390455371,-0.06602114097882235,-0.09429471016770295,4.499857508881739,-0.2227253329582064,False,2.154709861009444e-39,6.634875702200536e-39
US100,07:00,240,day,fade,448,0.013210842963705702,0.9505544481655614,0.2941660430621011,0.013898039180397084,0.5474532295594954,5.037036849656197,274,-0.04360936929138907,0.9233216304091566,-0.7818115412551081,-0.04723096248927279,0.05618055043172267,4.486073881904205,-0.019928490762259898,False,4.281008342261097e-12,7.568431862506852e-12
US100,07:00,240,recent,follow,402,-0.18265118610709852,0.9434216131121296,-3.88176912983581,-0.19360504738128112,0.14104454271470948,5.370759342805403,236,-0.1403647153853935,1.0628815455879008,-2.0287525758798455,-0.13206054425166916,0.6315377376883669,8.683834763273934,-0.1602114501649082,False,5.62527743272203e-25,1.2201479486851249e-24
US100,07:00,240,recent,fade,402,-0.04474368084377082,0.9409089688844461,-0.9534482517162144,-0.04755367662912121,-0.17795518024587317,5.219165925270579,236,0.03459482254156546,1.0692485736755462,0.4970366678161169,0.03235433125025888,-0.7157120532586675,9.060304067913046,-0.07770845424977754,False,6.91704211169566e-15,1.2679008874389654e-14
US100,07:30,60,none,follow,908,-0.374938919561429,0.9227849166612483,-12.243425999711388,-0.406312362492882,0.1992692034309583,6.062711877230846,510,-0.17932474085865638,0.8404368795420298,-4.818592478215556,-0.2133708613029617,1.2352349672119065,17.46914572660545,-0.3313783413311459,False,1.7444537450054515e-86,1.3171741433567663e-85
US100,07:30,60,none,fade,908,-0.4693857482315224,0.9240081885541614,-15.307243946569326,-0.5079887321842809,-0.11242076909301893,5.858812017199193,510,-0.1656498829675426,0.8414204529960486,-4.44593549081501,-0.19686933254083913,-1.2222864003397769,16.052570079148115,-0.45318228040722625,False,4.5668368091685364e-114,4.833420849921138e-113
US100,07:30,60,day,follow,454,-0.4526010054629299,0.9789630344002084,-9.850928064142346,-0.46232696185533684,0.41805279632847664,6.6622796727131215,278,-0.2793557717556769,0.9531415352981011,-4.886778464953564,-0.29308949553678465,-1.3161641809141005,16.275506889156006,-0.46733128435513316,False,3.782353296221947e-44,9.673101117485265e-44
US100,07:30,60,day,fade,454,-0.378901668874267,0.9864170981392645,-8.184532037286539,-0.3841191212003635,-0.36824159991363903,6.637647389603467,278,-0.06463642807963192,0.9520079762730431,-1.1320331883345345,-0.06789483879397004,1.320908190024229,17.47355575829556,-0.31350851893546156,False,4.356131659072246e-50,1.4274453714829244e-49
US100,07:30,60,recent,follow,423,-0.445996633697706,1.044126453491545,-8.785139568148534,-0.4271481028052676,0.35994807292957137,6.047516409881784,242,-0.2957102381842721,0.8425182431433936,-5.460026249327876,-0.35098378057784474,-1.3028762979841946,16.641977305295296,-0.4033011580581023,False,8.788662123898972e-41,2.1704699093648153e-40
US100,07:30,60,recent,fade,423,-0.3943849835430624,1.0541242764332845,-7.6948248528280825,-0.3741351872451853,-0.2819350484519222,6.080170854105777,242,-0.04333980791818347,0.8348919419283813,-0.807540654993858,-0.051910679384543926,1.3756945177255457,17.017718752151577,-0.38413286913904376,False,2.4655838910961674e-45,7.296268462387469e-45
US100,07:30,120,none,follow,904,-0.22993222585010945,0.8762269240024101,-7.889826718299206,-0.2624117332526488,0.3716722261653737,5.742489044933683,508,-0.16078156557490747,0.8854291088250676,-4.092741487239667,-0.18158604000297526,-0.9800691614464564,8.448651632728975,-0.21775574907848103,False,7.842609669863176e-62,4.6297276301509034e-61
US100,07:30,120,none,fade,904,-0.31600584874350984,0.883559281036243,-10.753346568639794,-0.35765098678256935,-0.3947794641840389,6.110804299235585,508,-0.06609078522028441,0.8833341771190227,-1.6863500653743912,-0.07481968538321276,0.9134802114165688,8.160408539795391,-0.28105626143539525,False,1.1885315838346813e-94,1.2742357797560253e-93
US100,07:30,120,day,follow,451,-0.33625810389253663,0.9140142804976182,-7.812824152046286,-0.3678915210268565,-0.5088100945514602,7.220987126826614,277,-0.14773540774532307,0.9530499531102631,-2.579935303308342,-0.1550132889290755,0.961629008604643,9.079219588193643,-0.37179265732787115,False,1.4438170360500508e-49,4.798835229796349e-49
US100,07:30,120,day,fade,451,-0.19816777972082394,0.9171867531301735,-4.588423980781331,-0.2160604468441321,0.41179921093265365,6.501434431625832,277,-0.07842087346674048,0.9579760450739022,-1.3624385092288978,-0.08186099628481919,-1.0318791718013598,9.443523478676093,-0.12420506746927218,False,5.803550314236581e-28,1.3420431558431016e-27
US100,07:30,120,recent,follow,436,-0.22551256263303904,0.9092777812251575,-5.178660084108684,-0.2480128375392438,0.20019850125112615,5.0192956706204015,224,-0.262633048737868,1.0186194163809748,-3.8588814272256924,-0.2578323606582818,-1.0667180018375277,7.884452782828493,-0.27331119211938976,False,3.7976085631235943e-31,9.23704522376465e-31
US100,07:30,120,recent,fade,436,-0.3087978346695772,0.8970874740895186,-7.187580110870125,-0.34422265786620815,-0.1563152892464381,5.0476535636570246,224,0.03409376231674584,1.0185949981083553,0.5009534814220513,0.033471362396302516,0.9708804445417557,7.474569127993254,-0.219213215635913,False,3.1718551568858322e-43,9.317746660394394e-43
US100,07:30,240,none,follow,897,-0.11660128545301868,0.8980015514616622,-3.8888614692620447,-0.1298453051258416,-0.12985718427310308,5.545347442086757,508,0.006815626947242923,0.8640705441945947,0.17778227812734784,0.007887813087756405,-0.5684983653871759,5.8063983177769645,-0.15873228962972405,False,2.4275431526541853e-44,1.219535855905982e-43
US100,07:30,240,none,fade,897,-0.09156071081975134,0.9002160222680825,-3.0462015780848226,-0.10170971028605481,0.09743898297661273,5.639991004661072,508,-0.10530511129606494,0.862586871959203,-2.7515566804144274,-0.12208058656965678,0.5330054607916869,5.655957044238814,-0.06978660046400861,False,1.1492186992882204e-38,5.090448916543006e-38
US100,07:30,240,day,follow,446,-0.17985677102905537,0.9368786067830105,-4.05425349223528,-0.19197446683795588,-0.4425878702967816,5.4262943522781155,277,-0.07657867680537674,0.8797297922731829,-1.4487666587543333,-0.08704795208481098,0.10306917228102234,3.2506052083337376,-0.16924293947414148,False,2.4701086605922684e-30,6.423524781796868e-30
US100,07:30,240,day,fade,446,-0.024974813010008465,0.9383654487165053,-0.5620793966574066,-0.026615230818833935,0.38670076793298774,5.20289281749407,277,-0.020566980185967355,0.8777633879576173,-0.3899715745642136,-0.023431121038008512,-0.12306884367745052,3.263531355122915,-0.05603154929986277,False,1.4690862914225526e-14,2.7446802042668433e-14
US100,07:30,240,recent,follow,424,-0.15426467102009397,0.956552525540552,-3.32078365638394,-0.1612715108696392,0.04727157642288732,5.657372516022711,238,-0.10138903043552353,0.9884130847355411,-1.5824899569626552,-0.10257758825870975,0.5837382048459361,5.305707352709717,-0.12234704244009446,False,5.478802015207245e-24,1.2065219453025403e-23
US100,07:30,240,recent,fade,424,-0.04729657928702832,0.9535937948558237,-1.0212903856966333,-0.04959824564942687,-0.08487890386837142,5.4499965451233345,238,0.004231608513338908,0.9959666552666784,0.0655464480209928,0.004248745167282593,-0.6201276538815892,5.498700256934112,-0.09668860605562066,False,1.0952093431919346e-15,2.0751453088095744e-15
US100,08:00,60,none,follow,907,-0.3690729729957171,0.9937503058504478,-11.18506755377606,-0.37139407235690447,-2.290721756499671,36.05229276172179,510,-0.13961357946534006,0.9309204610028864,-3.386882842443236,-0.14997369304240396,0.7156583815531902,11.680102388683414,-0.34364945061107766,False,8.03229118421687e-75,4.999537606446906e-74
US100,08:00,60,none,fade,907,-0.39795643690107246,0.9935142935205405,-12.063270260320564,-0.4005543146147448,2.103654943340362,31.85473964186478,510,-0.17377247139892876,0.9299895350020225,-4.2197624598807995,-0.18685422239568625,-0.6702480685636656,11.098925078400493,-0.3684064699549244,False,7.511585609144401e-37,1.7436839873450722e-36
US100,08:00,60,day,follow,448,-0.40793974107972925,1.0659027163700416,-8.100604966822118,-0.3827176109176063,3.6086002518060782,46.07552944246724,269,-0.2535989361179916,1.0308055889401406,-4.035030322360907,-0.24602014078982476,-1.3394065545817475,12.041980440405208,-0.3798454432562403,False,1.9460825805040903e-14,2.661434317732753e-14
US100,08:00,60,day,fade,448,-0.34336601669181777,1.095257079071046,-6.635600764035591,-0.3135026682347922,-3.709794887737929,47.35002684102717,269,-0.05836326509539695,1.0375322852093303,-0.9226013814488826,-0.05625199902441754,1.3479886917334272,12.383660004650366,-0.3269122467758777,False,3.4253950004443397e-44,1.087011762096459e-43
US100,08:00,60,recent,follow,430,-0.3308847918929803,1.094498810905927,-6.268963486691786,-0.30231626439055137,3.3075511812053797,41.70020756351619,229,-0.2767687913771155,1.1146183284490847,-3.757583829383828,-0.24830812872260982,-1.3500921282585057,10.049920349189224,-0.3844389781952478,False,5.806892661429061e-15,8.379934866578995e-15
US100,08:00,60,recent,fade,430,-0.4259403114280395,1.102578190884847,-8.010757296820273,-0.3863130206540831,-3.6146346881623663,46.38929356236995,229,-0.02551217515712073,1.1239808162224028,-0.3434838564175035,-0.022698052127673167,1.397303095745618,10.367535793825768,-0.3121259572684607,False,1.098741165656536e-39,2.779686786451786e-39
US100,08:00,120,none,follow,904,-0.20930410197038296,0.9522893297158411,-6.608350004444264,-0.21979045174520476,0.07219487800878593,6.9219848397539065,508,-0.06091842863072525,0.9057569750045796,-1.5158940955331677,-0.06725692466284043,-0.6511211703384784,8.504224216841298,-0.22769915502092752,False,5.672728860056195e-58,3.3914759444674795e-57
US100,08:00,120,none,fade,904,-0.21642870297611555,0.9595775618623471,-6.7813941591383795,-0.22554581471879245,-0.14866306348046862,6.9658374588986645,508,-0.10722397791792943,0.9038884858058542,-2.6736768585207717,-0.11862522822418164,0.5105719077083448,8.063820814476886,-0.19209613853148488,False,1.3384052114776888e-61,8.81000995444225e-61
US100,08:00,120,day,follow,445,-0.29760378216831535,0.9935950789717309,-6.318427692778438,-0.2995221981939612,-1.042919496037961,8.413765241731529,268,-0.08246844368101286,0.9093299280152998,-1.4846829149233238,-0.09069144338074102,-0.4433626169086547,6.331648356810287,-0.23263730948677952,False,7.57940497326823e-48,2.731526965604713e-47
US100,08:00,120,day,fade,445,-0.12494768164239287,0.9949090246631068,-2.649261557001009,-0.12558704217674804,0.9051527423859812,8.02896736549429,268,-0.08229968700458755,0.902870186808701,-1.4922454656041673,-0.09115339968803854,0.30688698260050673,5.996315144171955,-0.1855046559904122,False,4.608965967322643e-20,9.287151416964434e-20
US100,08:00,120,recent,follow,434,-0.14174625871493357,0.9959884524046928,-2.964846179103536,-0.14231717081930467,0.7928689749157745,7.365636404912777,227,-0.14432925372657546,1.018390068463411,-2.1352716762284993,-0.14172295881120028,0.2984188585657073,8.920293674650656,-0.22310012600229398,False,7.341173914089757e-21,1.4865382037358072e-20
US100,08:00,120,recent,fade,434,-0.2766432428166583,0.9979519388215723,-5.775044103867052,-0.2772109878791672,-0.8838885592134017,7.674189437195457,227,-0.02097835141488819,1.0168416503244344,-0.31083574686009224,-0.0206308931269631,-0.48232393642293814,9.434349087441886,-0.18141538879681307,False,2.983186068769055e-42,9.582551085000438e-42
US100,08:00,240,none,follow,899,-0.10698915361695018,0.9128897543506724,-3.5139960165665705,-0.11719832883111968,-0.4863715494311389,5.861634668516908,508,0.008774818201810017,0.8671642709024102,0.22807023388116837,0.010118980331925513,-0.6079193710482427,4.6799037367097975,-0.13029611322878482,False,6.047063569854799e-44,3.1285672015352003e-43
US100,08:00,240,none,fade,899,-0.08698231688343408,0.9136610438757842,-2.8544714867545733,-0.09520195423288691,0.4530174562213801,5.810152571672272,508,-0.10151093985197902,0.8669076140946161,-2.6391974778723757,-0.11709545308123213,0.5828382986630612,4.617105154308548,-0.08830640681131122,False,1.4107756326848455e-36,5.866083987171176e-36
US100,08:00,240,day,follow,442,-0.15428213189288792,0.9581714461825291,-3.3851938363500635,-0.16101725062624916,-0.10452079789044079,5.101034474676221,268,-0.05391689219358634,0.8897529831794662,-0.9920254077496081,-0.06059759642605337,0.17140352731877187,3.1494671100077056,-0.12459591205803587,False,1.522991155292571e-25,3.5455433793206015e-25
US100,08:00,240,day,fade,442,-0.03637065747859719,0.9605323786561646,-0.7960682031351689,-0.03786510302701264,0.05018164287290839,5.109079887945042,268,-0.037708300967589016,0.8896964284081139,-0.6938450824174185,-0.04238333409414541,-0.18766672544255772,3.115038404474177,-0.09112000318677338,False,2.4110471662780128e-15,4.586308402827709e-15
US100,08:00,240,recent,follow,412,-0.12196032900597073,1.0152742135223465,-2.4382814767457397,-0.12012550637216234,-0.5626779890315272,6.625124010131306,242,-0.03207188321365081,0.9269077397142443,-0.5382643740587524,-0.034600944451643294,0.46280862310222853,4.343261800134906,-0.10689731973731424,False,1.4340883345775933e-21,3.088298954023206e-21
US100,08:00,240,recent,fade,412,-0.06635691111315561,1.010097279771452,-1.3334341334613948,-0.0656935846101573,0.5214606770451443,6.38917247444793,242,-0.05846097513603641,0.9345873306322052,-0.9730918804143589,-0.06255271521441474,-0.4833265525818165,4.466880243645388,-0.09643735971036269,False,7.375205380675993e-16,1.3724589476526233e-15
US100,08:30,60,none,follow,907,-0.3532308619454095,0.913943349134777,-11.639732719428697,-0.3864909813937706,0.5047292673312281,8.204726190770966,509,-0.20535543363284037,0.930506617171121,-4.979040098767575,-0.22069207230051896,-0.9687051979838183,7.4575473069285065,-0.3552269777867972,False,1.839613091809773e-72,1.0401127158201305e-71
US100,08:30,60,none,fade,907,-0.3766124018670827,0.9223074366557916,-12.297661944601163,-0.40833716274981724,-0.6124249291458288,8.840985847187271,509,-0.09936545076825827,0.9268533943076467,-2.418706955274675,-0.10720730093725729,0.9783403737785084,7.539580203875652,-0.3300403767135348,False,1.3270548756435161e-103,1.4994200526222613e-102
US100,08:30,60,day,follow,447,-0.40493047904980217,1.0013700588552872,-8.549478550543956,-0.4043764595005937,-1.056499977104891,10.654175701467677,263,-0.1284234557197499,0.9893791856944533,-2.105035657319487,-0.12980205928792451,0.5380078031105334,7.819343742685302,-0.4210083465833712,False,3.711017512001014e-57,1.3944749393288565e-56
US100,08:30,60,day,fade,447,-0.3030066003815125,1.0022011399665653,-6.392208878396376,-0.3023411052911207,0.788874161363864,9.281334367340632,263,-0.17708985723312887,1.0029666136124917,-2.863420207092556,-0.17656605397390593,-0.511672513602677,7.372800894758712,-0.25369211557332805,False,8.551919041553697e-30,1.8580505821641588e-29
US100,08:30,60,recent,follow,450,-0.39003516034061547,0.9691059083944262,-8.537658404176678,-0.4024690768698431,0.061947043262877456,5.829003906283797,213,-0.12995103773422303,0.9624554805924098,-1.9705565556148796,-0.1350203103983944,0.4887731640818685,6.168523501392083,-0.3649170456873696,False,8.312746214198419e-46,2.386749011677896e-45
US100,08:30,60,recent,fade,450,-0.31405180895796825,0.9786465132612233,-6.807406783213247,-0.32090423324702594,-0.2718171928280814,6.570882631905517,213,-0.174903146604316,0.9852837918519448,-2.59075345420061,-0.17751550167649371,-0.4197789191917894,6.05629021918498,-0.28795227593886874,False,4.676621805014765e-42,1.382996316794564e-41
US100,08:30,120,none,follow,905,-0.20860948996515072,0.9444103814516588,-6.645039983244853,-0.2208886031562845,-0.49029783169469016,9.300345830815722,509,-0.052920305346779696,0.9064697385756177,-1.3171278181329422,-0.058380664124470474,-1.0249059054868004,11.378721529367102,-0.22867048870883067,False,1.355362210420735e-63,9.65708040644043e-63
US100,08:30,120,none,fade,905,-0.18213887257708344,0.9495495107413625,-5.770445176558923,-0.1918160880677809,0.4128189210360917,9.23628170000131,509,-0.10418191674205017,0.9034047998247529,-2.6017696354358146,-0.1153214115779105,0.9033020154521942,10.837841478934942,-0.1660600497213248,False,1.363784815213914e-49,6.764049977168854e-49
US100,08:30,120,day,follow,445,-0.2528044607744854,1.0122501425988937,-5.268377565834065,-0.2497450483192075,-1.102422825165643,8.334541856341442,263,0.0018760075817878192,0.8529444279134499,0.035669065150032056,0.0021994487804757445,0.6525710685305612,5.940852283368085,-0.267177854259286,False,1.2193174259318509e-41,4.0606159815736117e-41
US100,08:30,120,day,fade,445,-0.1330005230565884,1.0164997272918028,-2.7601080769196984,-0.13084167116397902,1.0232490630638016,8.217307915286339,263,-0.1553276096672922,0.8494817647716283,-2.965326184952765,-0.18284984576337543,-0.6754137364665836,5.83233321713625,-0.12339451286674259,False,4.17206371507989e-20,8.354570680778721e-20
US100,08:30,120,recent,follow,432,-0.1536401209639504,1.0075128205736208,-3.1695377784562293,-0.1524944574665327,1.2282784376628844,10.049912245630283,208,-0.08328053631794127,1.0614360895419805,-1.1315697549799668,-0.07846024564124025,0.9864083857786433,11.616752890587538,-0.244318784311708,False,4.443212140683659e-20,8.620232663185407e-20
US100,08:30,120,recent,fade,432,-0.22632026846558176,1.012778361398953,-4.644627713691055,-0.22346475506542723,-1.3100420406402715,10.110543594283925,208,-0.07136168082969657,1.0679934256439767,-0.9636696000431704,-0.06681846453002933,-1.1180304574351325,12.140683820577639,-0.13494693912380565,False,7.062650425575085e-38,2.209199727478886e-37
US100,08:30,240,none,follow,900,-0.08932449979086624,0.9288708918770306,-2.8849380653008407,-0.09616460217669469,-0.35532404212904617,5.002645361877119,509,0.019206402451450878,0.8499112847365062,0.5098369652237944,0.022598126176669536,-0.6130304093229022,4.837429586098594,-0.11039464448855883,False,1.3900040395155794e-39,6.515192463300357e-39
US100,08:30,240,none,fade,900,-0.09637439503834416,0.9297027336002762,-3.1098454878733355,-0.10366151626244452,0.3411017283852977,5.022188112678891,509,-0.10838948852905025,0.8489698339782973,-2.8804066118386467,-0.12767177842012828,0.5925115591169863,4.779538098592063,-0.1025490534782329,False,2.94329519152735e-38,1.2740821776366824e-37
US100,08:30,240,day,follow,442,-0.1544267503157593,0.9951237952040128,-3.2625453412501644,-0.15518345663124244,-0.17826541733255677,4.88532834433461,263,-0.012562660883383371,0.8667521775618857,-0.23505233478295212,-0.01449394787645215,0.18975190135680944,3.5477118823713525,-0.1253607532169281,False,2.5662233188378118e-25,5.985393721998596e-25
US100,08:30,240,day,fade,442,-0.02769482831538823,0.995545073840807,-0.5848559118115317,-0.027818758831824407,0.14642397878566424,4.819262409849884,263,-0.07617570842652276,0.8659545451320486,-1.4265903436027976,-0.08796732906449124,-0.19379738375431435,3.488479254697002,-0.08307480376060083,False,1.3144928490237139e-14,2.4564974440108215e-14
US100,08:30,240,recent,follow,436,-0.15792421365876155,0.9613022670676566,-3.43029919362524,-0.16428153669135873,-0.1995688155709559,5.336412573055332,208,0.004468549938163065,0.9336559689993333,0.06902579307145146,0.004786077620167023,0.8045299913837509,4.901864441753264,-0.10545522552338216,False,7.627392658796022e-26,1.7847232833251043e-25
US100,08:30,240,recent,fade,436,-0.024453352235972708,0.963074284931716,-0.5301781939531478,-0.025390930500970132,0.1772174049495097,5.138544120359612,208,-0.0947652323470569,0.9384829863499574,-1.4563115552577979,-0.10097703818332114,-0.819931502127139,4.964888752985557,-0.09522663680239374,False,2.921203741923244e-14,5.390785798195946e-14
US100,09:00,60,none,follow,908,-0.27138048665463327,1.0079079044151094,-8.11335894387987,-0.2692512733215599,0.09188765588331263,11.562352369761358,509,-0.08347783916674513,0.9326660568087892,-2.0193142892903633,-0.08950453225710063,-0.766239857614968,11.081397209554474,-0.3089614233943322,False,1.3093237193029577e-61,7.526956229016722e-61
US100,09:00,60,none,fade,908,-0.2533589463451616,1.0155750499022795,-7.5173911041014065,-0.24947338591031776,-0.22159200425611872,11.53178810951121,509,-0.1202607813830153,0.9286408332182562,-2.921696742769985,-0.12950193129699553,0.588465515433742,10.685772703148315,-0.22822313224298468,False,3.4798245466292625e-63,2.2255663193351246e-62
US100,09:00,60,day,follow,439,-0.3147059930419477,1.085837778217107,-6.072567152224071,-0.2898278171520977,-1.7101770006242245,14.86140932381542,261,-0.0470375470968237,0.8521395052700075,-0.89177279661322,-0.05519935034806239,0.2676419684790999,6.955194015446694,-0.2989590970501096,False,4.440947411032342e-49,1.69042947819108e-48
US100,09:00,60,day,fade,439,-0.20675007336407178,1.0780734963091914,-4.0181816231436,-0.1917773454888607,1.5798989680991635,14.033030619933243,261,-0.1526778927274183,0.8440705896728404,-2.922251852401933,-0.18088284865676443,-0.359361320690016,6.79577815022821,-0.22951602642162258,False,1.075206886795754e-20,2.0270993825566124e-20
US100,09:00,60,recent,follow,410,-0.2256980255093549,1.128646055188803,-4.049131862783388,-0.19997236908040186,-0.9968849504826753,12.588861428051734,246,-0.05774678839206985,1.0481310603279952,-0.864131423629291,-0.05509500727323065,0.8318162135692692,10.088270048004276,-0.3067393558602231,False,5.4801353199066966e-30,1.3890633733292922e-29
US100,09:00,60,recent,fade,410,-0.30047280579610847,1.1388590173591007,-5.3422860199221445,-0.26383670078222204,0.7503233792133513,11.448290818703665,246,-0.14495923818892426,1.0628072978539462,-2.139237109175248,-0.13639277645310724,-0.9868140281903367,10.787279194516763,-0.23376566375305355,False,2.801987797252147e-25,5.601866710012643e-25
US100,09:00,120,none,follow,903,-0.1536614105025204,0.9040804691947952,-5.107420358060869,-0.16996430709246102,-0.45344648587458475,5.586253502189875,509,0.004588989083187923,0.8975089715632422,0.11535518425181673,0.005113028647719276,-0.7753909504535726,10.867944018088531,-0.18977872510157248,False,1.0599470220982751e-54,6.735374805988773e-54
US100,09:00,120,none,fade,903,-0.10369919111627607,0.9053694161503557,-3.4418617680733843,-0.1145379877721147,0.418358029411864,5.5503969395067205,509,-0.12515028400825817,0.8950218772362513,-3.154692836848373,-0.1398293015973098,0.6817715654887059,10.361195064862878,-0.10974421017932098,False,1.3330491048139441e-39,5.872252891913648e-39
US100,09:00,120,day,follow,437,-0.19172012704227523,0.9328370854140748,-4.296379376666257,-0.20552369758881642,-0.12133585628481432,4.307323253086019,261,-0.033843086207078384,0.8597524461753118,-0.6359409535312273,-0.0393637568088727,-0.04234389264506983,3.792305595629728,-0.19203257838059107,False,1.2273818054597894e-29,3.0466542380101443e-29
US100,09:00,120,day,fade,437,-0.061789664729136176,0.9411866399529485,-1.3724002972256342,-0.06565080942099343,0.07583606386062415,4.114047663563704,261,-0.08555529512692213,0.8581802668354136,-1.6106034437745989,-0.0996938503869495,0.045750505386776975,3.761669450887604,-0.09804280087798217,False,3.544325410523326e-17,6.986592807614238e-17
US100,09:00,120,recent,follow,433,-0.10713956718135187,0.9718578253177249,-2.2939877786962364,-0.11024201728923182,0.6750554238126723,6.177256313232835,221,-0.054128032695836235,1.0130405709424588,-0.7943127632734376,-0.05343125857780748,1.1731027615098635,11.428599250959198,-0.23134417922302636,False,3.433410531394554e-19,6.847247500943579e-19
US100,09:00,120,recent,fade,433,-0.14609355875898591,0.9761362903812847,-3.11432948496382,-0.14966512381372574,-0.7005270924545796,6.1861232711697784,221,-0.06328305645623335,1.0183356177063263,-0.9238312511721534,-0.06214361489070815,-1.265366012946398,12.09206543546941,-0.052610338739272657,False,4.62791801372898e-26,1.119633164614084e-25
US100,09:00,240,none,follow,903,-0.09401516615656655,0.9183814606498866,-3.0762291632305994,-0.102370496558192,-0.3581824816431144,4.298853036439339,509,0.007709728122951659,0.8457364041445508,0.20566620268976724,0.009115994162211724,-0.5937008527793312,4.882635386597131,-0.12165555281720605,False,6.355904470168305e-41,3.0767575930256536e-40
US100,09:00,240,none,fade,903,-0.08732130299604898,0.9192958703266484,-2.854360176514935,-0.09498715899269904,0.3548647679662985,4.302854449940449,509,-0.09463327677618867,0.8447332093656916,-2.5274536576640423,-0.11202741377629583,0.5728508982848625,4.815500922815033,-0.08800711197220835,False,3.9940953448450705e-37,1.699705753858215e-36
US100,09:00,240,day,follow,437,-0.11269900126657333,0.9454040821060649,-2.4919728860460055,-0.11920722937383046,-0.03795266163368085,4.0972728915658205,261,-0.0019485452475844222,0.8653867513842713,-0.03637646616018509,-0.0022516467284338848,0.07416155705689786,3.296125162095877,-0.11190824578267508,False,1.4273942736629131e-21,3.0788687129919266e-21
US100,09:00,240,day,fade,437,-0.06470182930646329,0.9489842523950225,-1.4252737032689238,-0.0681800874389332,0.02181492637654253,3.9949708660169367,261,-0.08477096820249051,0.8638180051978205,-1.5854229660085408,-0.09813521794220688,-0.06936775857946564,3.27230524405102,-0.09122076024515008,False,2.0120917522588045e-17,3.9918631361116565e-17
US100,09:00,240,recent,follow,462,-0.07996534098454774,0.9622848599762776,-1.7861549370730814,-0.08309944831358883,0.20320476581608743,4.0094508006126155,238,-0.019280230508677755,0.8661865742127796,-0.34339127201209035,-0.02225875011535511,0.5228902713065061,4.913166208455503,-0.18964473960958408,False,2.943801537461217e-19,6.15540715548988e-19
US100,09:00,240,recent,fade,462,-0.09613244080176042,0.9660502963067651,-2.1389036368066665,-0.09951080308062343,-0.18891214261883035,4.062521365842,238,-0.06622387332264816,0.8681655149286424,-1.1767942181482676,-0.0762802394058365,-0.5468575120879551,5.050036717382126,-0.00815005466361752,False,2.8065901582442885e-21,6.1932587512426835e-21
US100,09:30,60,none,follow,908,-0.26179987440354896,0.9464502030950399,-8.335172446209691,-0.2766124129377568,-1.0122630010936606,11.433660750807263,510,-0.04768391602476699,0.9746504103653361,-1.1048622431934143,-0.04892412245216543,-0.9630995389356121,12.938143896438303,-0.28676368589784623,False,1.0412199884258105e-82,1.0799430847009615e-81
US100,09:30,60,none,fade,908,-0.21782952930552132,0.9510137521152334,-6.901967027284587,-0.229049820595157,0.9869896154971589,11.704167652324092,510,-0.1445217069790561,0.9681392532827836,-3.371167578458619,-0.1492778094566555,0.8324030679459696,12.5965571490255,-0.21114207961346687,False,2.934460581810494e-48,1.2564622830307185e-47
US100,09:30,60,day,follow,460,-0.26749107006978884,0.9298220371022984,-6.17004553356438,-0.28767985635552284,-0.8070742736809737,11.281387435994137,261,0.0009064359128302123,0.9459427642830927,0.015480767849825003,0.0009582354737045621,1.0099257250520095,7.943245784226929,-0.283920996627558,False,9.31167515437687e-42,2.8923410899129284e-41
US100,09:30,60,day,fade,460,-0.216505655068686,0.932372583784529,-4.980336253019634,-0.23220937512971784,0.8146139456180314,11.036224697625528,261,-0.19096124881085097,0.9402556268067723,-3.2811006942284964,-0.20309503433590678,-1.0337742119959246,7.794421032546552,-0.2004358757897379,False,2.007775218214046e-26,4.322283511622323e-26
US100,09:30,60,recent,follow,438,-0.23545797773049681,1.0703147720253612,-4.6040384881953225,-0.21998946841118402,0.13398440464356876,13.232484136691985,230,-0.14795556525444073,1.0547463712533085,-2.1273903436055956,-0.14027596518642835,1.2675306195209617,13.763250880140161,-0.24820169744174195,False,4.8177213700606184e-27,1.0756715798959222e-26
US100,09:30,60,recent,fade,438,-0.24930435839035175,1.0694151751686942,-4.878885025142892,-0.2331221439335059,-0.14021967949824493,13.073058168449121,230,-0.0335721278018654,1.0699747820249719,-0.4758490906328372,-0.031376559864643494,-1.3684984414692487,14.252308877405385,-0.2625811878928892,False,2.576045887841623e-29,6.058506834151978e-29
US100,09:30,120,none,follow,903,-0.14066944743766355,0.886625862435957,-4.767637876487676,-0.15865705411658282,-0.36402237567585793,4.632263223137586,510,0.028212844798581042,0.8682651807786284,0.7338031683057513,0.032493350445402865,-0.4131913669402452,5.528466361631169,-0.1906267199925539,False,6.6545583417485645e-52,3.990124586845887e-51
US100,09:30,120,none,fade,903,-0.08605409060608465,0.8886177048919714,-2.9100498773020296,-0.09684039619326083,0.34219831704101367,4.651219535239277,510,-0.1381039056826768,0.8664799800742337,-3.5994199227081993,-0.15938499314299803,0.38094208441272687,5.381117382078074,-0.08112283587900808,False,2.0750510182383012e-37,8.878579124603144e-37
US100,09:30,120,day,follow,457,-0.14108538687231584,0.92084072787981,-3.2753341544899723,-0.15321366942267847,-0.13638538231524464,3.9960807207043336,261,-0.083315678883963,0.8756198743793833,-1.537203556942246,-0.09515051145111914,-0.06158090582459708,3.1652302616528307,-0.13033886249157398,False,6.771109158747925e-26,1.6180397921959568e-25
US100,09:30,120,day,fade,457,-0.08344151955880738,0.9233698902361024,-1.9318108269248544,-0.09036629896765605,0.10280216540976626,3.7981484826891725,261,-0.02790735107509188,0.8736527476644742,-0.5160597912787055,-0.03194329915369268,0.06769537419762602,3.171250158791612,-0.13187485457359716,False,8.537288194152978e-20,1.802389433104623e-19
US100,09:30,120,recent,follow,427,-0.05256165610123894,0.9440589483697615,-1.1504926932824284,-0.055676243726098355,0.5966550965432562,5.169429499358273,216,-0.05161485413769113,0.9439337953898297,-0.803637223731209,-0.05468058712356518,0.47443966127271725,5.641420953736208,-0.1725147899809341,False,1.0575604025735014e-15,1.9854632945850003e-15
US100,09:30,120,recent,fade,427,-0.17350309077155612,0.9506104592421775,-3.771538668925435,-0.18251754868116224,-0.6100304686476542,5.177444432681746,216,-0.0583969111705697,0.9473679432083789,-0.9059371447893789,-0.06164121510466285,-0.518093179992027,5.9210712751386225,-0.09504689970111865,False,4.472591166057174e-29,1.13387303332178e-28
US100,09:30,240,none,follow,888,-0.09218333552221714,0.9127142825081559,-3.009705865789835,-0.10099911581190076,-0.3936729214550973,3.942532193957298,500,0.021465543930910373,0.8653535848280567,0.5546682448084016,0.024805518007041616,-0.4249745294774442,3.9101562794864564,-0.11957785666971169,False,3.3321493276752454e-40,1.574485981558005e-39
US100,09:30,240,none,fade,888,-0.0852592335968509,0.9133320748910722,-2.781757051379868,-0.09334965445839541,0.4005305283078491,3.939841819934775,500,-0.10654325845701146,0.8651355194431384,-2.7537647351198062,-0.12315210283539177,0.4068442673902563,3.9077795724634523,-0.08798273807489809,False,3.4190792382091564e-36,1.4079555886365063e-35
US100,09:30,240,day,follow,453,-0.08813155011572678,0.9366607097620345,-2.0026184208401663,-0.09409122128984918,0.009326826780473137,3.897423210228945,261,-0.017718826397758916,0.9198245683162221,-0.3112076051054126,-0.019263267157773337,0.16828157960674517,3.445061112484649,-0.0784162419965434,False,4.3470460330662345e-20,9.228351790716536e-20
US100,09:30,240,day,fade,453,-0.0868614737357937,0.9403054699018023,-1.9661078268899799,-0.09237580394471681,-0.008429182039073379,3.8520920048040903,261,-0.06943873404612898,0.917596994569737,-1.2225596717844318,-0.07567454389787855,-0.17177434494561747,3.4311066807726007,-0.12324023094841785,False,5.5926050499663e-20,1.1854926586764884e-19
US100,09:30,240,recent,follow,458,-0.053013289947345985,0.9220216446105322,-1.2304851578635245,-0.05749679550065133,0.1687090029518148,3.392379306828937,208,-0.10265148878298694,0.9244090050161113,-1.6015214230991843,-0.11104553095650323,0.19542436245599779,3.768150886723496,-0.17524737669090798,False,3.2240510582586846e-17,6.456727439303329e-17
US100,09:30,240,recent,fade,458,-0.12418113397762708,0.9278877373751379,-2.8641313110135695,-0.13383206715169854,-0.1504972389504039,3.4887501935174576,208,0.019667137131786153,0.9229234569106836,0.3073315380133379,0.021309608055275,-0.1982799005108959,3.831899123145139,-0.020085849745747977,False,3.2943969056115486e-24,7.65909926367802e-24
US100,10:00,60,none,follow,904,-0.17534388273878723,0.8638355415717699,-6.103005561800789,-0.20298294559603874,-0.371624180339523,4.37909250131627,516,-0.011722933766615078,0.8277137468597914,-0.32172217343042997,-0.01416302895909358,-0.09058115204834255,5.476847749040012,-0.21802194631842017,False,1.186412083460427e-61,8.46307780085496e-61
US100,10:00,60,none,fade,904,-0.13045165938115755,0.8643820282387312,-4.537619696983928,-0.15091898618827887,0.36703285055582907,4.336310803305729,516,-0.14362073166509082,0.8248406770985701,-3.9552315705466063,-0.174119361050774,0.06140904630953656,5.313018970838773,-0.15837460002825,False,1.7126131739281486e-45,8.368026480984095e-45
US100,10:00,60,day,follow,454,-0.20979259908270653,0.9135739607779529,-4.892990552966817,-0.22963942503796614,-0.16409272361701682,4.303591305662369,258,-0.06882474928098252,0.8227173028914224,-1.3437047727581943,-0.08365540513016975,0.1957283425861004,3.369648080122344,-0.19459322342562935,False,1.8376629247808e-33,4.945403721622734e-33
US100,10:00,60,day,fade,454,-0.09214842196596278,0.9267593889881489,-2.11859934771762,-0.09943079407759972,0.11744565371532642,4.160555784496928,258,-0.08731360943593747,0.824679431457681,-1.70061745340051,-0.10587581805163286,-0.19447583462428833,3.36332799459845,-0.17545603472403495,False,2.3198651405766468e-20,4.933777119888141e-20
US100,10:00,60,recent,follow,450,-0.10761451080402797,0.9394792008941194,-2.429908515415143,-0.11454698592753228,0.11552390631246809,4.744236383416964,222,-0.09968672268530178,0.8763630886158846,-1.6948439921856928,-0.11375048079985382,0.3154511767454377,4.187121192690427,-0.17484524255345435,False,2.2356124081896957e-21,4.8237033160989125e-21
US100,10:00,60,recent,fade,450,-0.1908846851547438,0.9442926733086354,-4.288157446715544,-0.2021456806245435,-0.1298356371088345,4.730123583114768,222,-0.0663484065666638,0.8792050682934407,-1.1243895521956495,-0.07546408563754954,-0.35616716472425697,4.4087764345123555,-0.2011018133912576,False,4.684071057057497e-30,1.1854935910610614e-29
US100,10:00,120,none,follow,904,-0.12446885341446753,0.8893120799841373,-4.208145161570997,-0.13996082614405472,-0.4082300028266196,4.288098671097932,516,-0.005479679587618321,0.8953372496907185,-0.13902514679551894,-0.006120240824908378,-0.4404087437123561,4.627097733994734,-0.15868297560390146,False,1.4913782707986726e-48,8.467978872081634e-48
US100,10:00,120,none,fade,904,-0.1001964086192767,0.889652732729647,-3.386225324572532,-0.11262417900055503,0.40081127936178024,4.262442300415901,516,-0.10867437614336065,0.895436451172485,-2.7568760277608533,-0.12136469986347144,0.4463034894874896,4.602356447382623,-0.11198136123271174,False,1.387976735283284e-39,6.148622959773003e-39
US100,10:00,120,day,follow,454,-0.13977885438461124,0.9658288242825795,-3.083679550541957,-0.14472425223842267,0.07007485216701798,4.448838212572364,258,-0.1437046754570486,0.967434421274987,-2.3859383384386113,-0.14854203271748326,0.009103117338487234,3.884804931984077,-0.1372475828893983,False,3.2561907390578578e-24,7.428788865060854e-24
US100,10:00,120,day,fade,454,-0.0816678975438925,0.9693649471903097,-1.7951138197761547,-0.08424886600305254,-0.10154083205039255,4.511897504801154,258,0.028646847617864433,0.9676472648529383,0.47552090853662765,0.02960463865127355,-0.007142391850633203,3.836641222789415,-0.13041313759404646,False,1.8050038737263923e-19,3.8002277151668127e-19
US100,10:00,120,recent,follow,438,-0.06336706437152621,0.9511798459258878,-1.3942414935021634,-0.06661943547578439,0.26852735635366687,4.448227067493342,238,-0.09565310958720624,0.9476032667983071,-1.5572596197516295,-0.10094214840604339,-0.13715051681228935,3.9837698677681814,-0.15066776760695633,False,4.388898865857692e-17,8.602518624797936e-17
US100,10:00,120,recent,fade,438,-0.15651385889662903,0.9581309948985574,-3.4187312748618006,-0.16335329900605086,-0.273298884374584,4.620706794457071,238,-0.022198137803136682,0.9488974851997218,-0.3608990392992256,-0.023393610110015697,0.14263953411244715,3.929161266184536,-0.11574841585576366,False,2.800097495331335e-26,6.663858190132878e-26
US100,10:00,240,none,follow,889,-0.09919204000362578,0.923722289379919,-3.2017416042466906,-0.10738296687656192,-0.4895237260611332,4.327979181047642,505,-0.006089537290137258,0.8642050089482498,-0.1583482266967811,-0.007046403604566368,-0.7569904040870027,5.254619148001216,-0.12130559401404822,False,8.203589969236903e-42,4.0420916478890517e-41
US100,10:00,240,none,fade,889,-0.08345041333904629,0.925093401537925,-2.6896377360629353,-0.09020755439430639,0.504156698681409,4.353906424099405,505,-0.08389791596271465,0.8645083581797871,-2.1808593905413503,-0.09704696914597886,0.758601418366957,5.261124961854793,-0.09224116270746702,False,1.8511591335972165e-35,7.471951051454721e-35
US100,10:00,240,day,follow,451,-0.07670812609344058,1.0097540058110608,-1.6132960098541422,-0.07596714214748433,-0.2544124642602465,4.363530046735949,254,-0.007591117449495102,0.898774993692989,-0.1346082222054751,-0.008446071044215254,0.18537545977414305,4.284414724147154,-0.09969404037979732,False,7.059581810738779e-19,1.4710238812440977e-18
US100,10:00,240,day,fade,451,-0.10315461060318569,1.0115359847680405,-2.1656864424550335,-0.1019781917366395,0.25234066826079515,4.2933070526931925,254,-0.08410799552626638,0.897509996274139,-1.4935330824977389,-0.09371260027790945,-0.1813223975737303,4.224282365952635,-0.11190428482852206,False,3.4526986444464836e-20,7.260495030071645e-20
US100,10:00,240,recent,follow,439,-0.06715864040188216,0.9544309461493545,-1.4743128242970305,-0.07036511197885321,0.08644752944520212,3.7503311216197233,232,-0.046076419648840475,0.8625470963125396,-0.8136542551155701,-0.05341901891018008,0.2251177777866959,4.358940386195993,-0.1945531761133154,False,1.3590420040113855e-17,2.7062106628410736e-17
US100,10:00,240,recent,fade,439,-0.11155242364832019,0.9601444571326028,-2.434303320384469,-0.11618295853257632,-0.08768761088673586,3.8121826516691812,232,-0.044928865339617395,0.8608948845270451,-0.7949124811408728,-0.05218856116713974,-0.21834443932311937,4.340026522989096,-0.00821706110453546,False,1.5351862312465881e-21,3.3242908309897162e-21
US100,10:30,60,none,follow,904,-0.15974281621967595,0.872675007100836,-5.503677958016412,-0.18304960600437817,-0.21965600400451207,3.8649154688747815,516,-0.020347384596780392,0.9105992481627673,-0.5075819354562422,-0.022345048755348138,-0.17673144648813685,4.953578417344223,-0.2058363787401273,False,5.875156112611817e-56,3.719956166614419e-55
US100,10:30,60,none,fade,904,-0.12165940398907729,0.8768354369025148,-4.171687868466797,-0.13874827461222144,0.2231468442784251,3.94194798750031,516,-0.13000441631259368,0.9091397610504675,-3.2482713722054384,-0.1429971736824928,0.17594173256062667,4.874689813492788,-0.14051295596682178,False,1.6704287457285082e-44,8.191844233539207e-44
US100,10:30,60,day,follow,443,-0.1995722915079354,0.9300345799874373,-4.516510357778172,-0.21458588293634326,-0.2804900436484169,3.829652946055261,259,-0.15894649940092187,0.9199300558409214,-2.780648166097504,-0.1727810700299672,-0.4428279081563736,3.4523656185455533,-0.13641589635299844,False,4.367564197369121e-32,1.1553610190736447e-31
US100,10:30,60,day,fade,443,-0.08026234773347647,0.928547427862831,-1.819322249695167,-0.08643860865374468,0.2616389382913378,3.5968129317847484,259,0.006274434913249718,0.9210255366295964,0.10963591080640703,0.006812444024310557,0.43430147203444047,3.442591637374105,-0.2030320828759721,False,1.0175487597617982e-18,2.068502766672029e-18
US100,10:30,60,recent,follow,426,-0.17700015644178307,0.895365813835646,-4.080167021621416,-0.19768473813349474,-0.009122934573452614,3.431407414306207,209,-0.09179331782054974,0.8493314347015544,-1.5624531805788624,-0.10807714641199509,-0.3929796619434215,3.923487176294603,-0.2006025559307704,False,7.412150492303023e-28,1.7578798103553693e-27
US100,10:30,60,recent,fade,426,-0.09432614099875697,0.9013216701674904,-2.1600164272286033,-0.10465313785391243,0.014263786621930764,3.512700700485888,209,-0.06469451679599399,0.8493619041816008,-1.1011534366072753,-0.0761683759037087,0.3941336717503436,3.9694338846916084,-0.14332903188511154,False,7.823099303031138e-20,1.6146591529501597e-19
US100,10:30,120,none,follow,904,-0.10042316825696962,0.914770242726884,-3.3007003969913167,-0.10977966222164509,-0.49805622666536237,4.4953549148316085,516,-0.004732082792514631,0.9240153971810248,-0.11633167388947512,-0.005121216385518264,-0.5303268657730628,5.396310437470062,-0.12573365989912072,False,5.668557053898963e-43,2.89975093899205e-42
US100,10:30,120,none,fade,904,-0.12483335653331532,0.9161466085984484,-4.0968483189462335,-0.13625914822114502,0.5045503507957697,4.477514227610117,516,-0.11106788476829929,0.9240015241974183,-2.730490464543068,-0.1202031402110209,0.5200555228073332,5.330408250748719,-0.14284203656209898,False,1.6107820493088643e-42,7.394950167916745e-42
US100,10:30,120,day,follow,443,-0.14414074415959813,0.9783358986976768,-3.10099191066136,-0.14733257192286695,-0.30402263085358555,4.56054483534727,259,-0.10934337222890839,0.9823347619934122,-1.791359837327397,-0.11130968429440724,-0.1502386013474271,4.285366755907615,-0.12156537239935976,False,4.039871608419315e-25,9.484169717493762e-25
US100,10:30,120,day,fade,443,-0.07970821013804928,0.9766581507225129,-1.7177594299587882,-0.08161321346581983,0.2782462383324308,4.410005769812769,259,-0.008078583052475085,0.9805346617695188,-0.132593466735444,-0.008238957139869075,0.14020100906763508,4.147621559431265,-0.14257559167367745,False,2.5442196473491125e-18,5.127859154761035e-18
US100,10:30,120,recent,follow,426,-0.06416233199010443,0.9008534139131837,-1.4700456148204817,-0.07122394276266553,0.16274881666749993,3.9087999515672447,225,-0.10751570755588463,0.9149848431231808,-1.7625817798614103,-0.11750545199076069,-0.05572176141992272,4.032475613837028,-0.1598900269392088,False,4.202752265274199e-17,8.182084338587318e-17
US100,10:30,120,recent,fade,426,-0.1543169620221531,0.9074798570209351,-3.509792733830337,-0.17005001359340702,-0.16033760454186494,4.041925941377721,225,-0.012885882064839357,0.9174761407247765,-0.21067385013401974,-0.014044923342267982,0.06555404742493977,4.006383235384842,-0.10604023170683255,False,7.045171234389663e-26,1.6346056987846455e-25
US100,10:30,240,none,follow,874,-0.09295715258525013,0.921255557504443,-2.983035403461397,-0.10090267768593822,-0.642472289723998,4.974858058616568,498,-0.0020318811735039748,0.8665932461027112,-0.052323607328219175,-0.0023446769088518262,-0.5642598325454714,4.370162366509447,-0.12673606159274872,False,1.777644563511923e-40,8.495778823254344e-40
US100,10:30,240,none,fade,874,-0.09079116898567305,0.9225936351627967,-2.909302432537781,-0.09840862274066356,0.6505363312410997,4.963287777723996,498,-0.0894831702332447,0.8681272239466968,-2.3002373855947997,-0.10307610194095121,0.5591699346406969,4.339457517659084,-0.08643124694571809,False,1.7060467996033723e-35,6.717528748996774e-35
US100,10:30,240,day,follow,430,-0.12991157493171868,1.0133281418542441,-2.658471272455307,-0.12820286890878138,-0.4291500088442741,5.064742371330135,251,0.007365459043634079,0.89813015909597,0.12992639829021485,0.008200881541543959,0.1593486963373125,3.4828011869689144,-0.06893588352731031,False,5.750739716105145e-23,1.2885194671655195e-22
US100,10:30,240,day,fade,430,-0.052656470464356536,1.013892080069286,-1.0769467807488398,-0.05193498548756606,0.4133220930918341,4.916751046437624,251,-0.1009402069629791,0.8976417721393973,-1.7815499245550608,-0.11245043412184678,-0.15253717129305785,3.461190180327153,-0.14111966381760033,False,1.0647600579998822e-15,2.0108427523440075e-15
US100,10:30,240,recent,follow,429,-0.09385210698476412,0.9525260076060931,-2.04077831407345,-0.09852970547296137,-0.217199190462142,4.377728958020732,232,0.007950997405861538,0.9048813801965373,0.1338363094513053,0.008786784190580436,0.5533723670392532,4.264742036287649,-0.2119890679714718,False,7.61390402042889e-20,1.5883079301872965e-19
US100,10:30,240,recent,fade,429,-0.08373874355164745,0.9557896309373398,-1.8146495764807276,-0.08761210714278742,0.21166633006904187,4.41269818564707,232,-0.10275598792536074,0.9039591073239549,-1.7314196692483521,-0.11367327027608089,-0.5647983982581404,4.311050157632478,0.011266136017338451,False,2.5863157393780325e-18,5.159890897766106e-18
US100,11:00,60,none,follow,910,-0.15045628505956452,0.9400153215333577,-4.828320585791336,-0.16005726886891533,-0.026561219904651257,7.353196923921829,516,-0.07967750795058776,0.9475993667975887,-1.9100108367624624,-0.08408353861596365,-0.9757325539094637,5.726114908381883,-0.1838533572141222,False,4.233949437908522e-49,2.285386794196974e-48
US100,11:00,60,none,fade,910,-0.18499458591862988,0.9420711686577957,-5.9237401813123665,-0.19637007486621064,-0.016609426963506275,7.393016490639444,516,-0.09051630585285514,0.9505218342442734,-2.163164637443513,-0.09522801327843403,0.9496294224790259,5.52821919001645,-0.21217132715032438,False,4.073655177489401e-55,2.3952617976711807e-54
US100,11:00,60,day,follow,447,-0.16016485851489584,1.0210505135116912,-3.316452396381054,-0.15686281569365465,-0.8182607879292759,9.070422531207415,256,-0.12034933316301116,0.9722401234958673,-1.9805697009133605,-0.12378560630708503,0.08729259170921952,3.862857293932559,-0.22627569140252343,False,1.1453117552644457e-27,2.8972995761412576e-27
US100,11:00,60,day,fade,447,-0.17248714653518654,1.0108091865322923,-3.6077905692970424,-0.17064263842607658,0.747075709288195,8.846188510373798,256,-0.04894584327077156,0.9715049588695337,-0.8061034430988574,-0.05038146519367859,-0.061719000710028164,3.8353280937892333,-0.16162589459441645,False,4.40852326540868e-23,9.271426499467066e-23
US100,11:00,60,recent,follow,495,-0.13165819494185776,0.9833325738843574,-2.978859844796657,-0.13388979317727873,-0.28539765295967634,4.480122711312314,256,-0.003594503435663905,0.9770892193122729,-0.058860597204319284,-0.0036787873252699553,0.2396449204104562,4.016591692105027,-0.19223947293979204,False,2.357532728836067e-26,5.939613108792775e-26
US100,11:00,60,recent,fade,495,-0.1994609309009941,0.9820624840244251,-4.518781273226565,-0.20310411419405494,0.2594348470215231,4.467717293300026,256,-0.16745386067518295,0.9743793643251281,-2.749711117557,-0.1718569448473125,-0.2579609620912236,4.076113227844284,-0.20081350965158795,False,8.468964649754962e-31,2.1925935009683977e-30
US100,11:00,120,none,follow,910,-0.10060659008474958,0.94855534263543,-3.1995172142283015,-0.1060629628685956,0.45669124072922856,12.61342060079474,516,-0.059045422368047454,0.8437463584683965,-1.5896414295683927,-0.06998006186981258,-0.7164225324534287,5.079884980174798,-0.12256957452845474,False,7.262050335678613e-38,3.070209705510221e-37
US100,11:00,120,none,fade,910,-0.16206277077354325,0.9504611574551165,-5.143628365610523,-0.17050961999064787,-0.4762321688651158,12.864422600676136,516,-0.06957483070411034,0.8445767217772023,-1.8712762336703017,-0.08237834279603085,0.6910101636693653,4.973276605742014,-0.18103122641912503,False,1.235216840155417e-52,7.287410311907287e-52
US100,11:00,120,day,follow,447,-0.09882142932024948,1.0624436666986445,-1.9665227757240045,-0.09301333559389513,-1.519161925577716,15.594671080975543,256,0.026323698594011877,0.8802931551174477,0.4784533141666844,0.029903332135417775,0.21205039673289822,4.473138950121027,-0.11759054737864895,False,4.177725491928025e-22,9.65154915375454e-22
US100,11:00,120,day,fade,447,-0.16171615889110916,1.0546003393303354,-3.242046743572393,-0.153343549077367,1.484530497235402,15.323663609648984,256,-0.15423953540427893,0.8765390735571373,-2.815427903805359,-0.17596424398783495,-0.22774870281057413,4.4787846139780845,-0.17960648069146123,False,9.660185966900601e-20,1.8494683108389083e-19
US100,11:00,120,recent,follow,498,-0.0746843059414963,0.9209491113214806,-1.8097075055592524,-0.0810949324163318,0.07763208544300608,3.3988824338120227,259,-0.04872723921673614,0.8745651175107206,-0.8966635930881065,-0.0557159647018952,0.2903084765578593,4.692263212938501,-0.11553400336535397,False,1.1829111300706963e-20,2.6325339048144823e-20
US100,11:00,120,recent,fade,498,-0.1833452087733304,0.9138779724295464,-4.477092086914999,-0.2006232935956502,-0.047253333515710365,3.4239947044270655,259,-0.0834261874265076,0.8729415371683147,-1.5380381919371091,-0.09556904314248703,-0.3138630714841543,4.703606926314282,-0.18585541246100973,False,8.662904840229099e-33,2.4051779173764007e-32
US100,11:00,240,none,follow,879,-0.0947621300453326,0.9610134891357126,-2.923477583070045,-0.09860645153956883,-0.8403312341698392,7.818087660448236,498,-0.017698506845050716,0.8471140376700562,-0.46623988284709006,-0.020892708723998427,-0.8474497455788665,5.357272488313473,-0.1334183591511782,False,9.138781667075274e-41,4.455820226921571e-40
US100,11:00,240,none,fade,879,-0.10932892707293482,0.9612130986007836,-3.3721729723012532,-0.11374057140095416,0.8231590307579459,7.656752668564654,498,-0.08056517077586105,0.8501456660517291,-2.114796866411566,-0.0947663135777944,0.8406970818711654,5.339291059329659,-0.09772252492496221,False,9.206699402333122e-37,3.6369537414402046e-36
US100,11:00,240,day,follow,437,-0.10902129285504751,1.0780026789723134,-2.1141325180177937,-0.10113267339834461,-1.0820411414260322,8.352947728760284,249,0.05452587809290187,0.884507210405499,0.9727493834651975,0.061645487398463025,0.09097353991174675,5.0477243184727465,-0.10483860134867604,False,5.618320951340047e-22,1.2714071919758085e-21
US100,11:00,240,day,fade,437,-0.09414580361742408,1.0736583784086329,-1.833055303370683,-0.08768692678295509,1.0419687148139654,8.085352455160676,249,-0.15307511849160182,0.88112155153055,-2.741375038246522,-0.17372758415192893,-0.07569450216447351,5.111179186352398,-0.12242898565366268,False,2.0513390668762825e-17,3.942461008236653e-17
US100,11:00,240,recent,follow,444,-0.04837585147946141,0.9711386029164104,-1.0496364157627944,-0.049813539832712535,0.23117038240690893,3.887362884736959,254,-0.005744514090315318,0.8796782890902153,-0.10407496747681438,-0.006530244251289223,0.2895520175670672,4.378706142573585,-0.1390337972609108,False,3.80020439138249e-16,7.349626452830185e-16
US100,11:00,240,recent,fade,444,-0.15423986111022403,0.9690274327297095,-3.3539148978843873,-0.15916975712001963,-0.20070226222211876,3.9300264170746817,254,-0.09397688876494872,0.876822673783146,-1.708150567559259,-0.10717889896650973,-0.2923004026462372,4.396076284903374,-0.08122493810523995,False,5.0075347033327455e-26,1.189716946988765e-25
US100,11:30,60,none,follow,910,-0.14374431459171957,0.9561655319739707,-4.535010411258186,-0.1503341312617329,-0.44115983050620966,5.076012148046946,516,-0.07636975794096847,0.8351390796314794,-2.0772437373142174,-0.09144555655887644,-0.8286906654681291,4.798138296046552,-0.16562068984386333,False,4.8628616836683657e-51,2.9131831386470495e-50
US100,11:30,60,none,fade,910,-0.23408217785547783,0.9528273345065885,-7.410966292403933,-0.24567114038210794,0.466528617255481,4.969719733745874,516,-0.10601130068403428,0.8368101885249191,-2.8777300681050537,-0.12668500233117969,0.7974392220870106,4.778741610994272,-0.26699768141210295,False,3.888064337524673e-59,2.2247443137001678e-58
US100,11:30,60,day,follow,448,-0.12955873396241965,1.0116172361785862,-2.710750097820022,-0.12807090402278196,-0.16593327310965328,4.2088038426652625,265,-0.021457373911935168,0.9111864712351022,-0.38334715385134044,-0.023548828466307185,0.40967172976865585,4.622570921552362,-0.19502537703177214,False,3.604333699310694e-23,8.140193241722942e-23
US100,11:30,60,day,fade,448,-0.2388939904277382,1.007610604831933,-5.0182408589085075,-0.23708959520884074,0.17887909729080614,4.2573293011866555,265,-0.15707381000234288,0.9083635986594414,-2.814926068314015,-0.17291953380138927,-0.42161433482831984,4.689823787038998,-0.23433521734922802,False,1.8573553344561076e-31,4.638881731393195e-31
US100,11:30,60,recent,follow,467,-0.15641767516179672,1.022685677518076,-3.3052330988447016,-0.15294794735113718,0.005336826735691877,4.6453791797429975,262,-0.018770762189741275,0.9710544565358326,-0.31288804341441123,-0.019330287877679517,-0.1294650432513537,4.282436482655249,-0.19132690369175945,False,8.725676919473727e-26,2.0778241814171463e-25
US100,11:30,60,recent,fade,467,-0.21215975002100732,1.0190704236873944,-4.499012895476635,-0.20818948827239098,0.011493094358510465,4.796564723957247,262,-0.16463202864048446,0.9674295355217116,-2.7545181169772297,-0.17017469758322226,0.12316701904574527,4.243128888053973,-0.23912047322003646,False,7.131451284865338e-31,1.8344619938614383e-30
US100,11:30,120,none,follow,895,-0.10859227365657065,0.9576299302913335,-3.392444353724627,-0.11339690857775751,-0.28826804832092984,6.393693642181328,505,-0.06799874683733965,0.8243854891743185,-1.853601018488113,-0.08248416272518977,-1.2464609729615725,7.678910877090779,-0.12319342459453542,False,5.069260314534381e-42,2.4653842480351233e-41
US100,11:30,120,none,fade,895,-0.18059638374566211,0.9575868606665976,-5.642120913542649,-0.1885953025921272,0.278196164734621,6.484120382069022,505,-0.06970339327778144,0.826374406658094,-1.895495472868649,-0.08434844147662558,1.225337967818212,7.524748833767367,-0.20609646507904025,False,9.300761121380517e-51,4.845461679535051e-50
US100,11:30,120,day,follow,444,-0.11318723060829465,1.0224522794111435,-2.3326300795575126,-0.11070172455724005,-0.7353748507408121,7.4998056138264975,262,0.07824275021872998,0.871643220839156,1.4529678217653708,0.08976465180719634,0.9631936587502706,7.369574262079777,-0.11798473524042237,False,1.5314468044181697e-22,3.4823104958193e-22
US100,11:30,120,day,fade,444,-0.1693485460365105,1.0178753972989836,-3.5057289906490174,-0.16637453512079264,0.7079529487224989,7.270322040745562,262,-0.2145861859063466,0.8689318398514386,-3.997299553924704,-0.24695399117039424,-0.9537995984538338,7.435904183506003,-0.20878972606023102,False,5.2801254722531604e-23,1.1143945710935572e-22
US100,11:30,120,recent,follow,475,-0.10764733686007774,0.9414821183471591,-2.491942511548264,-0.11433816401001916,0.13482392009783126,3.52946441153926,255,-0.018594935093342382,0.8594773589837305,-0.34548589102972493,-0.021635165719001072,-0.3378735958393093,6.442815985212505,-0.14997990071217654,False,1.7663965346263259e-22,3.980439700031771e-22
US100,11:30,120,recent,fade,475,-0.17319378327386561,0.9362418741988227,-4.031726307831995,-0.1849882899353055,-0.13896905206414142,3.5820895521737377,255,-0.12064686261905598,0.8610280393536491,-2.237529801974284,-0.1401195514023241,0.318627401440231,6.409027931729668,-0.17834770069234573,False,3.4410210001770374e-30,9.019327737787705e-30
US100,11:30,240,none,follow,879,-0.08382604703360577,0.9485623985710996,-2.620037571752595,-0.08837167397725242,-0.8428172410782256,7.814612673141352,498,-0.034170373249486415,0.8437111051144728,-0.9037964448303791,-0.040500087106060144,-1.0083268476772158,6.337081444182342,-0.09890007310238783,False,9.248888721122757e-39,4.3090976550266515e-38
US100,11:30,240,none,fade,879,-0.12931599782025321,0.9475405886915205,-4.046214204502398,-0.13647541790144158,0.8436547883101934,7.634926719946835,498,-0.06769589569222383,0.8457612835281076,-1.7861963996976737,-0.08004137457064626,0.9983419323721303,6.307866087483342,-0.13670548514060119,False,2.474802940817596e-39,1.0077081023597012e-38
US100,11:30,240,day,follow,436,-0.09647785803225117,1.0162123123565956,-1.9823778888174037,-0.09493868245752612,-0.9388956834422765,8.882042968160631,258,0.07501495299102642,0.8795369139912825,1.3699465499952392,0.08528914682001616,0.2970548673206056,5.487901349566736,-0.07904908835309998,False,5.802705256930881e-21,1.2747169497171522e-20
US100,11:30,240,day,fade,436,-0.1125801866408724,1.013827625594151,-2.3186814517354293,-0.11104470207634663,0.9281211448862823,8.71539363645734,258,-0.1756337372089537,0.8747565492206378,-3.2250064890729497,-0.20078013404464834,-0.30350341775425854,5.545222140814093,-0.15502989500713743,False,8.370605977980073e-19,1.6421261069570588e-18
US100,11:30,240,recent,follow,458,-0.07608291064032068,0.9933721763369747,-1.6391091178719472,-0.07659053922858375,0.1392083690607163,4.1639102664767815,255,0.0024639821564941774,0.881909365622618,0.04461528729967147,0.0027939176660797043,0.18806210222747666,4.907949856146484,-0.12279741838679721,False,1.0965704592779903e-18,2.2639291709075695e-18
US100,11:30,240,recent,fade,458,-0.13466223168134497,0.991053935016541,-2.9079119773008753,-0.13587780333983276,-0.14027871551265694,4.283904167927105,255,-0.10487116333962167,0.8796262641027551,-1.9038292184326182,-0.11922241026601606,-0.1947102876086925,4.918678554156818,-0.10277390456949341,False,2.74226469074581e-24,6.3711781140977506e-24
US100,12:00,60,none,follow,910,-0.18346329463906275,0.9219577519768114,-6.002868976357159,-0.19899316887969193,-0.3743302173656261,5.6835022153877,516,-0.09591442540731786,0.8373530212635067,-2.601957440155205,-0.1145447893202675,-1.5775175142658677,13.704044538645446,-0.21592213142333938,False,2.101403778663236e-60,1.4594346129429603e-59
US100,12:00,60,none,fade,910,-0.24147685137814898,0.9230915735263464,-7.891351967797972,-0.26159577045608995,0.39890395246741156,5.805414717259757,516,-0.10115637124369005,0.8349778429128673,-2.7519664899496443,-0.12114856951269551,1.5954192186897345,13.559633192983771,-0.2637007223427149,False,1.0837204764189457e-61,6.386341002003974e-61
US100,12:00,60,day,follow,450,-0.17328402770199666,1.0351516709704498,-3.5510828363304814,-0.1673996502749628,-0.24292394746606313,5.84106963354511,250,-0.036214688358417804,0.8373211989894604,-0.6838528637755533,-0.04325065267919204,0.3344939526087088,4.852469617787682,-0.16107436315116475,False,5.287650444949579e-27,1.2817768663885611e-26
US100,12:00,60,day,fade,450,-0.24521467146210696,1.0265035338091268,-5.067482516904675,-0.2388834167498379,0.22864357316011585,5.514073337682578,250,-0.1618751733066102,0.8261979373574647,-3.0978910811653404,-0.19592783519208049,-0.3268514968583544,5.140824063567182,-0.313682011107006,False,5.91921333754434e-31,1.4515353997811644e-30
US100,12:00,60,recent,follow,464,-0.21994989774898294,0.9607381487635219,-4.931485026237685,-0.2289384449155686,0.46449319113000204,6.07345051064328,294,-0.17631515394193242,0.8953935093284386,-3.3763648005595215,-0.19691359397296948,-1.3665376106283444,15.824580373337334,-0.23169114419533202,False,1.6526072040822989e-29,3.934967288957688e-29
US100,12:00,60,recent,fade,464,-0.20771883840116237,0.9585117739769313,-4.668070685018921,-0.21670974112224267,-0.46168137480104515,6.391963389542525,294,-0.01795109698344068,0.8983909861685443,-0.34260939865525664,-0.01998138589969438,1.3372801462385797,15.505838806031102,-0.24171590734252216,False,4.6281664698738095e-34,1.2992407825200355e-33
US100,12:00,120,none,follow,895,-0.14806758564952624,0.9610102480446776,-4.609390407444483,-0.15407492891027166,-0.5662324919257657,5.763587531550907,505,-0.08062506784103292,0.8995834523957139,-2.0140689029026833,-0.08962488986020954,-1.5081846224960032,9.297726733402367,-0.17697242280466707,False,8.632810597051839e-52,5.2419688429649494e-51
US100,12:00,120,none,fade,895,-0.16731784265724883,0.9643695754111995,-5.190512884603155,-0.1734997110271815,0.5696410610961897,5.744491149058829,505,-0.06799170579106754,0.9000186978052459,-1.6976575689490183,-0.07554477029962793,1.5117881590284294,9.241142411452358,-0.17950111814551709,False,1.2007609581488432e-46,5.693749163093823e-46
US100,12:00,120,day,follow,447,-0.11391232348370456,1.0645828502179002,-2.262272968342818,-0.1070018396974823,-0.5722212647471044,5.607949462079131,248,0.027153066951286792,0.8835958032116152,0.4839395166905237,0.03073019004005366,0.21888250776554352,4.877339288069908,-0.1150315982103203,False,4.755572882031885e-22,1.0676964959305108e-21
US100,12:00,120,day,fade,447,-0.19712556954312258,1.0600717509731696,-3.931528798234208,-0.18595493122249215,0.5388157512633568,5.500736963096135,248,-0.17826840987895864,0.8770195837340795,-3.2010388116945316,-0.2032661678088722,-0.18916435223098008,4.960650744431535,-0.238022639704043,False,2.804083211347383e-25,6.214522499110143e-25
US100,12:00,120,recent,follow,479,-0.12249103916413047,1.03450904261183,-2.5914198707457965,-0.11840499610798641,0.12837831428112267,3.906293489255896,267,-0.1275694008430365,1.0064222093008748,-2.0711995087620383,-0.12675535144604408,0.6137765772846402,9.800662270008209,-0.1367635863453074,False,5.394057398393943e-23,1.231058659057707e-22
US100,12:00,120,recent,fade,479,-0.1849861047993956,1.02601523496773,-3.945963419380974,-0.18029567056595774,-0.10110321508833224,4.07532845408536,267,-0.021749639966955628,1.0064681559287851,-0.35310808722818193,-0.021609863997023044,-0.6136502235246584,9.716963087161579,-0.21340994888238254,False,1.2514088744526328e-29,3.246019220612918e-29
US100,12:00,240,none,follow,878,-0.09333389466599906,0.9895567054552802,-2.7947692777756834,-0.09431889466410875,-1.5789741985167218,15.980428020945187,498,-0.02308189962531705,0.8929406540656555,-0.5768509648644897,-0.025849309828399752,-0.9058406635324003,6.265482639906658,-0.12062790528126659,False,4.468556036556944e-42,2.3357453998151905e-41
US100,12:00,240,none,fade,878,-0.12598133940046438,0.9911310447510338,-3.766364951055836,-0.1271086604214987,1.5712496168939754,15.577922383736999,498,-0.0790828558399174,0.89484164914195,-1.9721994167423416,-0.08837636906568748,0.9019982169019398,6.230531842379934,-0.11764031106846977,False,1.2683610703916887e-34,4.438816526768301e-34
US100,12:00,240,day,follow,438,-0.09568311394720865,1.1091981254631404,-1.805357560353814,-0.0862633209980017,-1.7638076877206392,16.739883179615575,244,0.048905295413890985,0.9296747495434123,0.821712255483013,0.052604736697333836,0.04099374037956157,5.680704482793377,0.03046086118159958,False,2.2917581327636074e-21,5.2028828738556914e-21
US100,12:00,240,day,fade,438,-0.12163712823854296,1.1055824594437424,-2.3025659265439464,-0.11002085570328503,1.7398604284575367,16.389181482798108,244,-0.15250761664852086,0.922977178054614,-2.581044454453295,-0.16523443945815175,-0.03366751172448403,5.712313783459591,-0.2661806417543251,False,2.7835706719447774e-17,5.1512288197406337e-17
US100,12:00,240,recent,follow,466,-0.1181828427144504,1.03361626100172,-2.4682438145521837,-0.11433918676928954,-0.49457027590577585,6.07776676854782,259,-0.017216958395067723,0.9568804260279442,-0.2895667163433805,-0.01799280027760222,0.27527114218392845,6.011359353104998,-0.10249643892075866,False,1.9949561045519405e-23,4.6650352950752504e-23
US100,12:00,240,recent,fade,466,-0.09828288749015526,1.0290368177083151,-2.061768746577634,-0.09550959285308484,0.5448123982360302,6.30490293419305,259,-0.0868389435876074,0.9554709824586298,-1.4626718777744012,-0.09088600824292156,-0.2780985335348183,6.016285312799043,-0.12925191455056795,False,9.953169811813202e-20,2.0771013793381219e-19
US100,12:30,60,none,follow,895,-0.22453617635166917,0.9720072332809152,-6.910800302815822,-0.23100257761844972,1.2799964181717325,25.11275899091918,505,-0.13059504941175532,0.8659899673919278,-3.388906153599718,-0.15080434454115438,-0.7078889029225939,7.573724987307228,-0.25077060286803315,False,8.467617284644774e-41,2.8579148581856025e-40
US100,12:30,60,none,fade,895,-0.22875515291811982,0.9761059910811241,-7.011088109869537,-0.23435482929958576,-1.405040700923294,25.89080708061987,505,-0.08289698917809744,0.8671934118396598,-2.148169155526413,-0.09559227278057865,0.7066127327593335,7.336515030230879,-0.2634320155074998,False,1.1635189918891904e-64,8.18245831711584e-64
US100,12:30,60,day,follow,444,-0.2645069524903207,1.0791096663904507,-5.16491280442662,-0.24511591428429946,-3.127811275726422,33.324299333086934,254,-0.0035322939983137933,0.9519583991471293,-0.059136515595357035,-0.003710555000595002,0.2848679218853178,6.4976620085353,-0.23929555079987944,False,1.9848658491993657e-47,7.960662967859395e-47
US100,12:30,60,day,fade,444,-0.18054718871542888,1.072503017061785,-3.5471838047932285,-0.16834189353616322,2.963422115500335,31.634317924572652,254,-0.2095712986543392,0.9488411531102634,-3.5201012081939727,-0.22087079377551538,-0.24491911448942189,6.654630497415778,-0.26595244126997475,False,2.7782107756784593e-16,4.625584385257243e-16
US100,12:30,60,recent,follow,476,-0.1711659711567183,1.1086924285621296,-3.3682926933888497,-0.1543854424790332,-2.3374259902679975,27.94041424314859,259,-0.19735021923405258,0.9553874042838593,-3.324359509026187,-0.2065656490227466,0.6160399419171114,6.652404609136934,-0.22162453648563737,False,3.482330795199705e-33,1.0795024627074567e-32
US100,12:30,60,recent,fade,476,-0.2745537120473159,1.1041019517971598,-5.425273272733046,-0.2486669927540854,2.217879376636848,26.59671153129927,259,-0.01941109153023873,0.9585698190586239,-0.32589379271076113,-0.020250054971792924,-0.5728306124706095,6.684640023122297,-0.2875088596350138,False,3.5273229548766537e-20,6.156899500913643e-20
US100,12:30,120,none,follow,880,-0.18565448719245145,0.944876950920877,-5.828697697397745,-0.19648535929626879,-0.8214428178287022,10.813032073012552,498,-0.08362090576460995,0.8655408276197448,-2.1559663611689457,-0.09661116275077303,-0.7114364434098198,5.801745112289371,-0.2241606461341823,False,2.9271118092698443e-60,2.04167049260202e-59
US100,12:30,120,none,fade,880,-0.13811476469179257,0.9452743587151922,-4.334345894434484,-0.14611077029479233,0.7743737495968293,10.583118133765334,498,-0.06991315212396121,0.8685693631622621,-1.7962593763736332,-0.08049230733792341,0.6878265580135875,5.74694428055805,-0.1368844182910895,False,2.6371361260377037e-40,1.0821097840095622e-39
US100,12:30,120,day,follow,436,-0.18889139875649807,1.037588219213358,-3.801284678058141,-0.18204851911262548,-1.4550342568434904,11.654949305356846,250,0.05340568213502778,0.918174996192724,0.919669977084648,0.058165036465246955,0.38058953965985526,5.285735088686134,-0.15617568345507843,False,5.908431492237501e-33,1.7110751768757693e-32
US100,12:30,120,day,fade,436,-0.12924180391820556,1.0331579379311595,-2.6120382898524266,-0.12509394660123793,1.4117703664428962,11.222963777984335,250,-0.20614403842431567,0.9179590545637919,-3.5507285659700623,-0.22456779242977667,-0.3946183861408835,5.2571509888135015,-0.1987902285706722,False,1.4793940057126359e-18,2.8167998927812058e-18
US100,12:30,120,recent,follow,464,-0.15896903678637805,0.9961716326085953,-3.4374577002733533,-0.15957996753039283,0.1885865609447742,5.767297263134694,259,-0.09224686420885232,0.9606232363734706,-1.5454266830818402,-0.09602814164385738,0.6640590630048367,5.406881776730466,-0.11018857888937661,False,2.1195445347417887e-25,4.921204273781353e-25
US100,12:30,120,recent,fade,464,-0.15818351111406684,0.9907090933171537,-3.4393316175921815,-0.15966696195795174,-0.21848025146939368,5.946718835559024,259,-0.05763650692363211,0.9629402096026778,-0.9632703939402032,-0.05985470992785078,-0.6859552708816123,5.427849058258935,-0.24494629009914232,False,6.538322235180846e-27,1.6016623224153625e-26
US100,12:30,240,none,follow,0,,,,,,,0,,,,,,,,False,,
US100,12:30,240,none,fade,0,,,,,,,0,,,,,,,,False,,
US100,12:30,240,day,follow,0,,,,,,,0,,,,,,,,False,,
US100,12:30,240,day,fade,0,,,,,,,0,,,,,,,,False,,
US100,12:30,240,recent,follow,0,,,,,,,0,,,,,,,,False,,
US100,12:30,240,recent,fade,0,,,,,,,0,,,,,,,,False,,
US100,13:00,60,none,follow,895,-0.26207853857316654,0.9433142860506172,-8.311636935013162,-0.27782738208112295,-1.1049518569899945,8.727391971190105,505,-0.1307189430528653,0.9003850185310527,-3.262540837863522,-0.14518116179468288,-1.3328086934042742,7.878835753026011,-0.29765433485164733,False,3.384818365538438e-89,4.215757682243849e-88
US100,13:00,60,none,fade,895,-0.2106561854750827,0.948350067180079,-6.645337677260318,-0.22212914066792797,1.028502314998241,8.223545207330336,505,-0.10073210824614987,0.9043212380710527,-2.5031730946431106,-0.11138974073086551,1.2979870196691234,7.844327977312115,-0.24034167691442804,False,3.8905551071884204e-48,1.6894839337692678e-47
US100,13:00,60,day,follow,447,-0.21063967593188826,1.0396019209122722,-4.28377711316856,-0.20261570481425004,-0.38730399507310337,8.715477824220708,252,-0.03952746260560561,0.977402313886183,-0.6419864237645897,-0.040441343389543596,0.8472519200813122,8.804952892095745,-0.15628113153512654,False,3.14895504878586e-30,8.008417755500425e-30
US100,13:00,60,day,fade,447,-0.25946820435283213,1.0249159339981802,-5.352413567178174,-0.25316047467488473,0.3877787065378494,8.667729236800456,252,-0.19272511184349606,0.9760095187552567,-3.1346172811017166,-0.19746232812287115,-0.8431399848852834,8.871985992926646,-0.37034748352124214,False,1.10558026726151e-29,2.5537977683903374e-29
US100,13:00,60,recent,follow,470,-0.15062621996956013,0.9765995299638942,-3.3437438105773882,-0.15423540084555326,0.42399573805665236,7.014817267516103,225,0.006624441342387897,1.0708384867459222,0.09279328429609868,0.006186218953073245,1.2384134046940376,6.619163788362807,-0.12346104482047811,False,2.4711565253190942e-24,5.572518488835305e-24
US100,13:00,60,recent,fade,470,-0.3155535568638308,0.9738181427154213,-7.0249647179422965,-0.32403745938018014,-0.49413112501182244,6.600769089976538,225,-0.23447572605885159,1.06323804193852,-3.3079477521987934,-0.22052985014658624,-1.2747476390708057,6.822717758909919,-0.41676860192491866,False,3.365092391136597e-47,1.1365579902580725e-46
US100,13:00,120,none,follow,879,-0.20349110478041732,0.9589022264965998,-6.291664269953505,-0.2122125688704289,-1.6935755622777302,16.130425382421855,498,-0.03496470099291983,0.8419707650457798,-0.9267177424147274,-0.04152721501086647,-0.7839817197038973,6.465571474271464,-0.24918878730395502,False,5.843973828074348e-73,5.814704573920828e-72
US100,13:00,120,none,fade,879,-0.12490303279281276,0.9559344956064635,-3.8738186661729683,-0.1306606607114558,1.638765285951323,15.582083286713623,498,-0.1216978914267939,0.8481245679445649,-3.202123524734515,-0.14349058620213004,0.7423543182601476,6.389714128382231,-0.11316277588815848,False,1.057239505557592e-34,3.675963442626219e-34
US100,13:00,120,day,follow,439,-0.1347356216597637,1.007072518913228,-2.8031991032975907,-0.13378939364283543,-0.7650987723141497,10.464096479587923,248,-0.05065868715007948,0.907959945010506,-0.8786442699346417,-0.055793966934844584,-0.4192713505469077,5.980778163937809,-0.03266093418477042,False,1.9463167309540963e-24,4.564264283315093e-24
US100,13:00,120,day,fade,439,-0.19206902905437367,1.00153164662986,-4.018138703937817,-0.1917752970669307,0.7172306399139787,10.497669842763855,248,-0.1057977337117762,0.902020481746189,-1.8470804270130428,-0.11728972440511126,0.3914694252802239,5.9218541792775525,-0.32304817272855146,False,9.866988271183992e-24,2.0586101273890974e-23
US100,13:00,120,recent,follow,490,-0.12469495936460538,1.0933352540494246,-2.5246058609350306,-0.1140500673537858,0.3592702592729169,15.86779795318889,251,-0.06346676144673023,0.9786396425610981,-1.0274492856506225,-0.0648520238569509,-0.09554316505780748,6.1533270684628345,-0.07154439299543487,False,7.955885014298356e-22,1.7484673076526512e-21
US100,13:00,120,recent,fade,490,-0.19656825057761512,1.0892723779411309,-3.9946149380233034,-0.18045830827837125,-0.4756255913148938,16.454359134657967,251,-0.0906393071154513,0.9743713521752926,-1.4737673505360274,-0.09302337031266186,0.06112502208245589,6.053636304207756,-0.2957636189950979,False,2.2265080346117474e-29,5.724424135725651e-29
US100,13:00,240,none,follow,0,,,,,,,0,,,,,,,,False,,
US100,13:00,240,none,fade,0,,,,,,,0,,,,,,,,False,,
US100,13:00,240,day,follow,0,,,,,,,0,,,,,,,,False,,
US100,13:00,240,day,fade,0,,,,,,,0,,,,,,,,False,,
US100,13:00,240,recent,follow,0,,,,,,,0,,,,,,,,False,,
US100,13:00,240,recent,fade,0,,,,,,,0,,,,,,,,False,,
US100,13:30,60,none,follow,880,-0.2712757559086023,0.9607199257944543,-8.376363585428704,-0.2823671588619071,-1.5077328522496372,15.205003769094589,499,-0.09623088159378436,0.8195722777533193,-2.6228742982597257,-0.1174159792929802,-0.3603535055008132,7.581117919313535,-0.32216297771623087,False,1.8434823792961256e-87,2.1444311879745968e-86
US100,13:30,60,none,fade,880,-0.19516680415608487,0.9571186537819791,-6.048971052833968,-0.2039107725932397,1.4386885505016351,14.727667215639459,499,-0.1272215706384753,0.824686843679319,-3.4460530547983668,-0.15426652142391356,0.2832024330009663,7.61108944493723,-0.18956395060935693,False,5.923868586596767e-41,2.135654668244118e-40
US100,13:30,60,day,follow,445,-0.24999082490601798,1.0819414727105328,-4.874165896793914,-0.23105762299667534,-1.701885148158798,16.919671954522798,254,-0.020307919736632044,0.861839906010299,-0.37553956346212997,-0.023563447915336336,0.3385375845604526,5.85855262769717,-0.25002133761256046,False,4.754004983783697e-40,1.5672631867609783e-39
US100,13:30,60,day,fade,445,-0.21009027681066744,1.0788127900359477,-4.108089267557454,-0.1947421079459643,1.6272570504651584,16.642278723080764,254,-0.20400566204505335,0.858863719753446,-3.7856008622490127,-0.23752972369541614,-0.3973649009281362,5.8804079423917415,-0.2545674111604753,False,1.3079695028914321e-20,2.45031404083519e-20
US100,13:30,60,recent,follow,467,-0.23893733049634297,1.0919200477692128,-4.728807202256934,-0.2188231006331377,1.399976311356001,15.46533248018426,231,-0.03816779474821532,0.9686031523478943,-0.5989039533995678,-0.039404987125735216,-0.34299120427564894,7.627793536213931,-0.29392248545307414,False,3.7423390653403045e-23,7.396429569105945e-23
US100,13:30,60,recent,fade,467,-0.2228173669431282,1.0907587738086186,-4.414471964772424,-0.20427740055219862,-1.5293156194555955,16.262218139415996,231,-0.17113398816490638,0.9580104984720846,-2.7150134974591853,-0.17863477324919214,0.23131173263198904,7.632879200675174,-0.21478132633750005,False,4.517221852333131e-37,1.432909318478481e-36
US100,13:30,120,none,follow,879,-0.17364672438423814,0.9186560714742175,-5.604128478149175,-0.18902256217125718,-1.003078101944452,10.616338853604423,499,-0.050145283665898946,0.827270082754279,-1.3540448395247702,-0.0606153718250602,-1.3395630187654513,9.658181789487303,-0.18920102680048978,False,6.580766324880737e-61,4.8225761040289844e-60
US100,13:30,120,none,fade,879,-0.1454227295762574,0.9158950199018591,-4.7073992305526575,-0.1587766353308045,0.9650981052825092,10.219428573436467,499,-0.10339200200324762,0.8294758129945944,-2.7844119615605876,-0.12464739825261356,1.298824892254668,9.462275063244448,-0.15227824234453302,False,9.823971184642044e-41,3.9485659325413914e-40
US100,13:30,120,day,follow,444,-0.10688046806293029,1.0508353996044375,-2.1431626777661776,-0.1017099995900052,0.4472089987533914,10.209014874924183,254,-0.055334037735964604,0.9138844046545818,-0.9649792038984518,-0.06054818033236824,-1.1301002868752537,11.041818334553334,-0.12920517733843337,False,2.7207042699849457e-19,5.521475588804888e-19
US100,13:30,120,day,fade,444,-0.2072453086467434,1.051038450893673,-4.154871426347224,-0.19718147178205292,-0.5404650011347408,10.775064056144036,254,-0.09858963956143604,0.9058183861432473,-1.734630608559741,-0.10884040451111461,1.122227710962952,11.108995181841616,-0.20750812448117584,False,8.142546274352303e-30,2.062176418650573e-29
US100,13:30,120,recent,follow,463,-0.1369753036803916,1.0160009642950825,-2.9009393381955246,-0.13481808432674788,-0.13102682554853454,10.860749917471752,216,-0.027583738755395423,0.9654024170203895,-0.41992489737587785,-0.02857227024615254,-1.0490508980583026,10.310871247881666,-0.09436832414461574,False,9.448246739951485e-24,2.1555274496516674e-23
US100,13:30,120,recent,fade,463,-0.17687875097199376,1.0154193506455218,-3.748182450527243,-0.17419281094017808,0.02771438762552683,10.936233350598481,216,-0.1271148729981922,0.9611692365712949,-1.943673803012915,-0.13225025121656964,1.0242972489383588,10.18311868277638,-0.2536189227092797,False,2.683766608718108e-26,6.274785917902031e-26
US100,13:30,240,none,follow,0,,,,,,,0,,,,,,,,False,,
US100,13:30,240,none,fade,0,,,,,,,0,,,,,,,,False,,
US100,13:30,240,day,follow,0,,,,,,,0,,,,,,,,False,,
US100,13:30,240,day,fade,0,,,,,,,0,,,,,,,,False,,
US100,13:30,240,recent,follow,0,,,,,,,0,,,,,,,,False,,
US100,13:30,240,recent,fade,0,,,,,,,0,,,,,,,,False,,
US100,14:00,60,none,follow,879,-0.262980801512134,0.9660384826221058,-8.070938817685004,-0.2722260098772966,-1.409828791187983,13.9978397654952,499,-0.03052486468058585,0.8040269239550526,-0.8480733737113969,-0.03796497825027098,-1.470523367394033,15.080990320965546,-0.31375646248620903,False,1.248283227985831e-84,1.3926052929475746e-83
US100,14:00,60,none,fade,879,-0.19689309358763718,0.9576686908619501,-6.095504145737584,-0.2055962520925932,1.4009221931684552,13.653428828234892,499,-0.18487473946983599,0.8120065469615755,-5.085905857957135,-0.2276764148781972,1.3496753828752712,14.224469794876143,-0.1804118672451151,False,1.5123266155192544e-41,5.536772694171314e-41
US100,14:00,60,day,follow,443,-0.1968273556112944,1.0600590281956517,-3.9080244460136444,-0.18567584481245192,1.1133031218649632,14.746823015365198,258,-0.14015283054869057,0.8466831221286026,-2.658831550857488,-0.1655316220268328,-1.7608474438191726,16.665115214167237,-0.17298507409689334,False,8.519398808185223e-22,1.6793222494504286e-21
US100,14:00,60,day,fade,443,-0.25719905938862886,1.0734452805023005,-5.043027404382413,-0.2396014627483172,-1.191498014666422,15.815355383931141,258,-0.0735953277844528,0.8388014659473483,-1.4092917712304993,-0.08773867330016372,1.7052663117956641,16.31650473964594,-0.31532943656317064,False,1.729388446435363e-36,5.02087070302741e-36
US100,14:00,60,recent,follow,435,-0.2620592672709522,1.081274729726963,-5.054847962043853,-0.24236140923882116,0.2125165065030458,14.393876439520811,237,-0.051207897654464346,0.8070198392138878,-0.9768478117117987,-0.06345308400887095,0.9919645318918989,7.140005554705943,-0.25680107641241234,False,2.167224168577047e-27,4.741141359747795e-27
US100,14:00,60,recent,fade,435,-0.19587742248953002,1.090418712945085,-3.7465860621132925,-0.17963505226399637,-0.31317238870113034,14.986625405369452,237,-0.16671239036341567,0.8063758158764748,-3.1827648802909487,-0.20674279545724078,-0.9742381522977732,6.947814099266402,-0.2351019776482044,False,7.786505380038697e-26,1.7760094350105532e-25
US100,14:00,120,none,follow,878,-0.14726551744932173,1.011114435611603,-4.315667874695265,-0.14564673617803087,-2.526095025189182,26.04454113710245,499,-0.023862765771310714,0.8233649773958518,-0.6474088938287009,-0.02898200242471345,-0.8633921860580865,8.853789712727018,-0.16585052605734882,False,5.059742511776897e-60,4.291558119920476e-59
US100,14:00,120,none,fade,878,-0.16113075578761596,1.0112167994784356,-4.721515569426008,-0.15934343245753416,2.498807191958485,25.21088450194993,499,-0.11874164529759583,0.8266096963771433,-3.2088752954067408,-0.1436489867201117,0.8324011763717347,8.641329882142893,-0.15769054865738988,False,2.8464750938883375e-32,8.445554349246278e-32
US100,14:00,120,day,follow,442,-0.09774213731366457,1.1425248223634268,-1.798569903544464,-0.08554924619622285,2.1901403184378014,24.404454037623374,258,-0.0440030413146143,0.8903983034772276,-0.7937947520465533,-0.04941950264591862,-0.8292105485358392,9.146700812771154,-0.021945059707245803,False,7.582711427094421e-16,1.3698578326268338e-15
US100,14:00,120,day,fade,442,-0.2061259269448046,1.144972150895934,-3.7848513988643653,-0.18002702230225623,-2.276749218765767,25.679970206539064,258,-0.09771744752673238,0.8842796824705734,-1.774975327356393,-0.11050513707803546,0.837813457152491,9.079199627757163,-0.29665852472795906,False,1.8897176820491194e-34,5.7840316772867234e-34
US100,14:00,120,recent,follow,464,-0.1299849610586933,1.165571268710684,-2.402222692137325,-0.11152038879825713,-0.0166503752202853,26.2190889464575,227,-0.015332916167806429,0.8671131331179154,-0.26641699520163925,-0.017682717032174583,0.027732332441500928,4.6263004030047234,-0.1080979322536699,False,8.933064371077239e-21,1.8922017412368544e-20
US100,14:00,120,recent,fade,464,-0.1740047560274692,1.1604507829960355,-3.2299320304266756,-0.14994583016974333,-0.05626374045053141,26.502111433154298,227,-0.1288784341354297,0.8667472191829033,-2.2402718531469272,-0.14869206532548845,-0.013237205589526508,4.499026365962442,-0.22042236134150658,False,5.153592611469999e-23,1.1158390750347217e-22
US100,14:00,240,none,follow,0,,,,,,,0,,,,,,,,False,,
US100,14:00,240,none,fade,0,,,,,,,0,,,,,,,,False,,
US100,14:00,240,day,follow,0,,,,,,,0,,,,,,,,False,,
US100,14:00,240,day,fade,0,,,,,,,0,,,,,,,,False,,
US100,14:00,240,recent,follow,0,,,,,,,0,,,,,,,,False,,
US100,14:00,240,recent,fade,0,,,,,,,0,,,,,,,,False,,
US100,14:30,60,none,follow,880,-0.20443490768484687,0.911072328872758,-6.656463180954092,-0.2243893280545442,-0.5870282879777647,8.883278784201519,499,-0.08307647183675218,0.8236904785979383,-2.2530159758558312,-0.10085884685490416,-0.7967630967787145,7.870829557458999,-0.19355718417107384,False,3.066532640428028e-64,2.202901116749631e-63
US100,14:30,60,none,fade,880,-0.2355831247444458,0.9099616102718705,-7.68002163428866,-0.2588934764776069,0.6250717566452145,8.538087403396283,499,-0.12917264162553765,0.8234024388127548,-3.504359600300221,-0.15687668087525797,0.759244325860659,7.955648194318868,-0.26931681187860573,False,1.0542177797277274e-54,5.085286743722502e-54
US100,14:30,60,day,follow,436,-0.15285031828389778,1.0273692266884737,-3.1065835561615835,-0.14877836936636818,0.33247052711395103,7.51839379631076,261,-0.1571738505635332,0.9137140134866821,-2.7790109689574987,-0.17201646055943312,-0.9410272555708148,8.22141327461649,-0.16344780988861363,False,1.5352725080101626e-22,3.2734402799915533e-22
US100,14:30,60,day,fade,436,-0.2830369364966737,1.0384954835948224,-5.690910393060967,-0.2725451780656014,-0.34000736759385586,8.014125432799524,261,-0.0538282900921918,0.9002863470770751,-0.9659400513197436,-0.059790188162859546,0.9541709318636504,8.394413156527193,-0.2939352268167729,False,6.661471528413489e-36,1.7950311104464426e-35
US100,14:30,60,recent,follow,428,-0.22689251511799977,1.059663088867643,-4.429699308459057,-0.2141175978493856,0.7099410988070399,8.182468141161959,219,-0.08407042974853979,0.986273285533233,-1.261444231179554,-0.08524050177744269,0.9195338636389135,7.116443571359815,-0.21446168999670273,False,7.577382715234841e-25,1.5903216823174832e-24
US100,14:30,60,recent,fade,428,-0.20804218002850342,1.0698192905319304,-4.023118787767448,-0.19446478659499744,-0.6588832064890052,8.343121579105938,219,-0.1309272764139287,0.9820683719077985,-1.972924502529382,-0.13331788311193146,-0.9768480678885967,7.145410834168524,-0.24903434887322304,False,7.221529236226149e-30,1.8408093962150396e-29
US100,14:30,120,none,follow,0,,,,,,,0,,,,,,,,False,,
US100,14:30,120,none,fade,0,,,,,,,0,,,,,,,,False,,
US100,14:30,120,day,follow,0,,,,,,,0,,,,,,,,False,,
US100,14:30,120,day,fade,0,,,,,,,0,,,,,,,,False,,
US100,14:30,120,recent,follow,0,,,,,,,0,,,,,,,,False,,
US100,14:30,120,recent,fade,0,,,,,,,0,,,,,,,,False,,
US100,14:30,240,none,follow,0,,,,,,,0,,,,,,,,False,,
US100,14:30,240,none,fade,0,,,,,,,0,,,,,,,,False,,
US100,14:30,240,day,follow,0,,,,,,,0,,,,,,,,False,,
US100,14:30,240,day,fade,0,,,,,,,0,,,,,,,,False,,
US100,14:30,240,recent,follow,0,,,,,,,0,,,,,,,,False,,
US100,14:30,240,recent,fade,0,,,,,,,0,,,,,,,,False,,
US100,15:00,60,none,follow,881,-0.1739492117810619,0.9171724499168336,-5.629365127949926,-0.1896581300461381,-1.3004747958033616,11.635234102697897,499,-0.09820492021746119,0.8569868133011194,-2.559819721174657,-0.11459326875658113,-0.43550821343523993,8.347397708394013,-0.1608325943449829,False,1.785004860615686e-64,1.4717522263584884e-63
US100,15:00,60,none,fade,881,-0.2441420911590517,0.9226003837153017,-7.854471775647295,-0.26462387775723023,1.3068412413947754,10.963871883483366,499,-0.09321723888023381,0.8573705459479513,-2.4287227895565873,-0.10872456409984113,0.43384349728977506,8.043762997170086,-0.2715811983774575,False,1.3844413655255382e-47,5.33282145257975e-47
US100,15:00,60,day,follow,432,-0.12806017611683043,1.047047272563379,-2.542082718968843,-0.12230601184157977,1.1846039935512604,11.229341907631968,257,-0.03765703858879627,0.9468913623382827,-0.6375475338832179,-0.03976912250609702,0.37436630294405887,5.616086802088293,-0.07780068183785957,False,1.1508281827022752e-18,2.2089871623696883e-18
US100,15:00,60,day,fade,432,-0.2857327693485181,1.0376689279829903,-5.723255198873278,-0.27536024414253435,-1.2033020590849968,12.110900763160288,257,-0.15194565589871029,0.9404181287077972,-2.590203329549228,-0.16157244449072314,-0.3330837726245704,5.500312372277695,-0.348361069101438,False,5.299719017094562e-42,1.6960758655900232e-41
US100,15:00,60,recent,follow,431,-0.15326308601698682,1.0172850025482254,-3.127760993188044,-0.15065894575568683,1.6089898057702596,11.61967028190675,220,-0.08851586931214643,0.9637410986589383,-1.3622979387102212,-0.09184610829123893,-0.238213700778484,5.413743420269568,-0.1628450423254245,False,4.951752653599228e-19,9.273407601968902e-19
US100,15:00,60,recent,fade,431,-0.2606231649415222,1.018688841023479,-5.311413348623059,-0.255841778613844,-1.6050966675850395,12.11184012085404,220,-0.10042188610486094,0.9654729776786621,-1.5427643383511391,-0.10401315047295327,0.2906764821671455,5.694642022562948,-0.2634484699895935,False,1.221826962852564e-44,4.396209257676491e-44
US100,15:00,120,none,follow,0,,,,,,,0,,,,,,,,False,,
US100,15:00,120,none,fade,0,,,,,,,0,,,,,,,,False,,
US100,15:00,120,day,follow,0,,,,,,,0,,,,,,,,False,,
US100,15:00,120,day,fade,0,,,,,,,0,,,,,,,,False,,
US100,15:00,120,recent,follow,0,,,,,,,0,,,,,,,,False,,
US100,15:00,120,recent,fade,0,,,,,,,0,,,,,,,,False,,
US100,15:00,240,none,follow,0,,,,,,,0,,,,,,,,False,,
US100,15:00,240,none,fade,0,,,,,,,0,,,,,,,,False,,
US100,15:00,240,day,follow,0,,,,,,,0,,,,,,,,False,,
US100,15:00,240,day,fade,0,,,,,,,0,,,,,,,,False,,
US100,15:00,240,recent,follow,0,,,,,,,0,,,,,,,,False,,
US100,15:00,240,recent,fade,0,,,,,,,0,,,,,,,,False,,
US100,15:30,60,none,follow,0,,,,,,,0,,,,,,,,False,,
US100,15:30,60,none,fade,0,,,,,,,0,,,,,,,,False,,
US100,15:30,60,day,follow,0,,,,,,,0,,,,,,,,False,,
US100,15:30,60,day,fade,0,,,,,,,0,,,,,,,,False,,
US100,15:30,60,recent,follow,0,,,,,,,0,,,,,,,,False,,
US100,15:30,60,recent,fade,0,,,,,,,0,,,,,,,,False,,
US100,15:30,120,none,follow,0,,,,,,,0,,,,,,,,False,,
US100,15:30,120,none,fade,0,,,,,,,0,,,,,,,,False,,
US100,15:30,120,day,follow,0,,,,,,,0,,,,,,,,False,,
US100,15:30,120,day,fade,0,,,,,,,0,,,,,,,,False,,
US100,15:30,120,recent,follow,0,,,,,,,0,,,,,,,,False,,
US100,15:30,120,recent,fade,0,,,,,,,0,,,,,,,,False,,
US100,15:30,240,none,follow,0,,,,,,,0,,,,,,,,False,,
US100,15:30,240,none,fade,0,,,,,,,0,,,,,,,,False,,
US100,15:30,240,day,follow,0,,,,,,,0,,,,,,,,False,,
US100,15:30,240,day,fade,0,,,,,,,0,,,,,,,,False,,
US100,15:30,240,recent,follow,0,,,,,,,0,,,,,,,,False,,
US100,15:30,240,recent,fade,0,,,,,,,0,,,,,,,,False,,
US500,02:00,60,none,follow,550,-0.3510004173496687,1.3337449753887554,-6.171861636298268,-0.2631690644213001,7.8819854161937055,133.09456982797684,498,-0.26733571887883717,0.9701418106119988,-6.149452317813784,-0.27556354746755285,-0.017013350088047944,6.339404653906749,-0.48797143021921097,False,6.807561051715237e-10,8.680340456952223e-10
US500,02:00,60,none,fade,550,-0.5102546580403616,1.370979413725174,-8.728455240231597,-0.3721825819790516,-8.10005946026162,136.0536201935454,498,-0.3201497265313669,0.9692469638068087,-7.371117893104029,-0.33030769090464696,0.08395540563570614,6.963197132207309,-0.571909731084884,False,1.4159755245699607e-24,2.5025589383446304e-24
US500,02:00,60,day,follow,278,-0.4971025390426827,1.7693962172712825,-4.684284724282213,-0.28094472803231235,-7.7865059510514625,97.28674034458636,287,-0.2769158662150928,0.9906053241060649,-4.735743048218825,-0.27954207339334186,0.3543694345030784,5.28585658325187,-0.5237423940162936,False,2.561615458683835e-34,6.507883762762454e-34
US500,02:00,60,day,fade,278,-0.3657882563054721,1.721875332800151,-3.5420154543703473,-0.21243596986235894,7.605703414879583,95.31260854199637,287,-0.2981215946922169,0.9840927956609227,-5.132138068814964,-0.30294053163146734,-0.19577495200318998,5.190722104829598,-0.5365484313543861,False,9.890744924843711e-07,1.167544780279337e-06
US500,02:00,60,recent,follow,171,-0.3864062583177369,2.0978408862368174,-2.408627616434805,-0.18419235741509757,6.292257578998453,71.03664225393456,212,-0.20266180789166607,1.1238684976478357,-2.6255744954137925,-0.1803251966896666,0.8844527469309462,5.830631392741665,-0.5523602149798513,False,2.2008629183016018e-05,2.5081734581287592e-05
US500,02:00,60,recent,fade,171,-0.389979962297587,2.1028154394727205,-2.425153268924868,-0.18545610564633014,-7.104813462375542,80.84675146710813,212,-0.35394218968554403,1.1098290757909803,-4.643486265715064,-0.31891594607330664,-0.9382877383389464,6.219318987485913,-0.5027738281360165,False,2.3618989013134904e-29,6.012754168968261e-29
US500,02:00,120,none,follow,529,-0.17479840517705023,1.44047598480259,-2.790996421660668,-0.12134767050698556,5.566952762911262,75.61999835940304,494,-0.12955863018558483,0.9502617675781081,-3.0303065577067545,-0.13633993769504735,0.029029555372941898,4.5523271967517065,-0.27161255635172293,False,2.7359891803683047e-14,4.446730063547417e-14
US500,02:00,120,none,fade,529,-0.3432003481114299,1.4525607528120532,-5.434270471153396,-0.23627262918058242,-5.787490323481272,79.11457833565598,494,-0.2342199006042808,0.946128850762522,-5.502207708160161,-0.24755602835228405,-0.009114612985667934,4.624605048756754,-0.3629126138280805,False,3.2668391937182316e-54,1.65136608916662e-53
US500,02:00,120,day,follow,270,-0.36820740664891694,1.7977611876021056,-3.365444262334234,-0.20481441538964376,-6.015687865009626,65.51175533555312,286,-0.19800532677833718,0.9522021435280935,-3.516662866978664,-0.20794463457589904,0.3370300791418102,4.966619918922795,-0.3634869853632202,False,1.1996427613859495e-40,4.272633112742276e-40
US500,02:00,120,day,fade,270,-0.1466371064484893,1.7730242805436653,-1.3589737915686568,-0.08270451118894193,5.8773127654452395,63.94009798068197,286,-0.16101462566197913,0.9509574798202612,-2.863434442382761,-0.1693184280883013,-0.2799054946946238,4.8280532332444395,-0.2676951314304241,False,2.728601032654885e-08,3.614409267777161e-08
US500,02:00,120,recent,follow,160,-0.3202002240467086,1.4268426881895342,-2.8386086950303335,-0.22441172155635347,1.248547349688394,13.646209581065197,218,-0.16351484195099394,1.0391103904416976,-2.323398679616913,-0.15736041469231024,-0.00047062812491326225,4.43597255844874,-0.35189379945518473,False,1.9695762974568198e-09,2.5176352443277927e-09
US500,02:00,120,recent,fade,160,-0.13485447372132575,1.4076024424504874,-1.2118401524803055,-0.0958043760470878,-1.4139860106860418,13.221056238128119,218,-0.17556015408039394,1.0322726213528066,-2.5110756187908283,-0.1700715009280398,-0.0009256790558149453,4.394825939830272,-0.2802216343910774,False,4.229294735274967e-09,5.737854605637865e-09
US500,02:00,240,none,follow,516,-0.14524946381051826,1.1611570243843043,-2.8415050675646305,-0.1250902856033066,0.8436535698681765,11.146027211918858,489,-0.07230621749501454,1.0358630974772838,-1.5435749113164132,-0.0698028703514078,-1.2647599783015029,13.381950844315988,-0.18842304642754223,False,7.475367463922056e-23,1.6767485306806123e-22
US500,02:00,240,none,fade,516,-0.1814433296267919,1.1624485020225919,-3.545619568056712,-0.15608719810906996,-0.9272092946416784,11.61794428231082,489,-0.15712801456495354,1.0356190443822244,-3.3551197400691035,-0.15172375925037646,1.2984124810651312,13.494589054173353,-0.1876891988318576,False,1.3574026890122837e-31,3.958867535486761e-31
US500,02:00,240,day,follow,263,-0.19484935161768732,1.2699074563705128,-2.48831161065106,-0.15343586703127238,-1.8952300267837046,13.794726841063898,283,-0.11964157050142937,0.975274121982465,-2.063709779769998,-0.12267481296256569,0.08401117424598177,6.244474618567901,-0.20604077297558845,False,1.9695167792645284e-19,3.728573831100605e-19
US500,02:00,240,day,fade,263,-0.1286681040778186,1.2657354772415244,-1.6485640417392828,-0.10165481365682419,1.7802876651584447,13.191318060847907,283,-0.10861501872401276,0.9781313049149023,-1.8680390066486505,-0.11104339282287085,-0.08917369943385495,6.19288440196608,-0.1659944918168605,False,6.42481972461618e-11,9.330217348561115e-11
US500,02:00,240,recent,follow,159,-0.18450663730599348,1.102956098929497,-2.109367883985256,-0.16728375452574334,-0.03727205153008334,4.885535842904849,209,-0.054084650103012714,1.0491884288593807,-0.7452357410310697,-0.05154903410611432,0.3717150244880962,6.0956857814123975,-0.1295363429794204,False,1.96115111512309e-10,2.6681147008071656e-10
US500,02:00,240,recent,fade,159,-0.1065787394729733,1.1030991814947066,-1.2183009399307396,-0.09661754922939786,-0.0028112883047570845,4.749996330466493,209,-0.15841682371022023,1.051130905898194,-2.1788013654652425,-0.15071084183834615,-0.3566314224937445,6.118690604092699,-0.23747925038481799,False,3.1313945016025874e-08,4.100967596845665e-08
US500,02:30,60,none,follow,629,-0.2619358672103742,1.2638986342971794,-5.197662178312184,-0.20724436288043765,3.5401819429996952,38.85052353497461,503,-0.26344876213199186,1.0227297800977921,-5.777224612565113,-0.2575937136657947,-0.11682715994436794,5.785267523665398,-0.3752253820686548,False,6.984304456264462e-21,1.3011407030426485e-20
US500,02:30,60,none,fade,629,-0.4908477486246731,1.2864983659697062,-9.568919194053198,-0.3815377940683924,-3.905523286851438,42.53438575396484,503,-0.2503997558033073,1.0165620813794338,-5.524385636356776,-0.24632018092148875,0.1846954277890566,6.253631924013475,-0.5025724934872646,False,4.7019161660276005e-71,2.5983004257631673e-70
US500,02:30,60,day,follow,313,-0.4585496771653018,1.5961980861814486,-5.082434320616684,-0.28727617276016204,-3.985333010672188,36.100124770464575,285,-0.29313639330310914,1.1048038999262113,-4.4792672147778365,-0.2653288907856747,0.2860619231547241,6.696819994932977,-0.461836840151315,False,1.123878597533679e-47,4.133223610855847e-47
US500,02:30,60,day,fade,313,-0.29484072514327836,1.5608958847892196,-3.341840391012372,-0.18889198697778173,3.645140432294523,33.63105287702795,285,-0.2265750396894883,1.0929271610202207,-3.499800394150423,-0.2073102835855832,-0.19231220217542216,6.330106057272378,-0.4073534788252255,False,2.263885012506872e-11,3.1373400955443085e-11
US500,02:30,60,recent,follow,210,-0.3193459313139861,1.8164564785480575,-2.5476868054294384,-0.1758070920417801,2.157079674122516,28.773546485418652,238,-0.31853534003115225,1.1267785286906642,-4.361215411869456,-0.2826956069186868,-0.4077268687594643,4.817947937968097,-0.35330726654754707,False,2.352807557289226e-09,3.0701924292965164e-09
US500,02:30,60,recent,fade,210,-0.34560306426281595,1.7927276683998845,-2.793655889374518,-0.19278057139112886,-2.9291527598241482,32.91172998592827,238,-0.1502384975219764,1.0875400489288987,-2.1312011966188025,-0.13814525512871362,0.5209533073754797,5.064207032188241,-0.5103725380832294,False,2.1129655403153825e-19,3.8112942083590696e-19
US500,02:30,120,none,follow,601,-0.18126932578516716,1.133410302859306,-3.920797380157839,-0.15993266103887596,1.3805551144981438,12.392191190080482,498,-0.12283266545447404,0.9784609349398813,-2.801464066883017,-0.12553660659126992,0.04331581809489513,5.199461339113233,-0.24010542698449858,False,6.748591384694034e-27,1.651572594923442e-26
US500,02:30,120,none,fade,601,-0.29061482020308244,1.1341491435718307,-6.281810406301305,-0.25624039117803776,-1.4862662400306308,13.22222822116812,498,-0.2013559101488102,0.9761560574995413,-4.603199519276249,-0.20627430276321862,-0.0069765761092025515,5.246285383764489,-0.2846766948776042,False,5.110765447297537e-58,2.7416132043983787e-57
US500,02:30,120,day,follow,304,-0.33636976417671227,1.3212195171154815,-4.438934759032153,-0.25459036883672664,-1.9291378140159428,13.108676849676161,284,-0.20615278178152627,0.999894041751092,-3.474516584589271,-0.20617462768404493,0.09507280323252904,5.975556327663296,-0.2863170860648614,False,9.897589525170157e-35,2.653655451538222e-34
US500,02:30,120,day,fade,304,-0.1307992000102343,1.3071308055762951,-1.7447083101655119,-0.10006588434167214,1.8512163864288669,12.66605544979336,284,-0.12609721956343384,0.9973931197918783,-2.130582288845762,-0.12642679908374144,-0.05141004760689063,5.812063646046536,-0.23174242136558942,False,2.930968273511766e-12,4.49663410734047e-12
US500,02:30,120,recent,follow,185,-0.22433237033070147,1.4784990049211435,-2.063748510517594,-0.15172980812568512,1.004405536823302,12.026084209310676,230,-0.2515684615584171,1.0843897465425858,-3.518314915336084,-0.23199081544297653,-0.366497869756164,5.1882630036659565,-0.30146646353823064,False,1.010395984574748e-09,1.3534002844512343e-09
US500,02:30,120,recent,fade,185,-0.18731521220097527,1.4770415089771807,-1.7249090963959146,-0.12681783894528936,-1.22105264967105,12.272932331756845,230,-0.046623466682949144,1.0708272064966955,-0.6603118383279174,-0.04353967325455045,0.4088436445945519,5.240001278341208,-0.21211536593615019,False,1.4813868421842394e-11,2.159374613206742e-11
US500,02:30,240,none,follow,573,-0.14828178898184505,1.0555252845703353,-3.3627647550548456,-0.1404815129958777,0.1197064250372218,5.39561011517615,493,-0.06518317589250523,0.9804996325002432,-1.4760855915765387,-0.06647955157952501,-0.42557182805129473,6.788654943620112,-0.1737372706182283,False,2.694533912000709e-29,7.473953532897747e-29
US500,02:30,240,none,fade,573,-0.18494428266706653,1.0578192905210408,-4.185108662591304,-0.1748354225757881,-0.1448786914588722,5.4181891836147695,493,-0.16194662851222016,0.9805405152950314,-3.667159735858089,-0.1651605680602526,0.4433314032439201,6.814251304307514,-0.1957144198760267,False,2.5742844495475584e-34,7.932226485145448e-34
US500,02:30,240,day,follow,294,-0.2101311235141178,1.132888914896928,-3.1803632063424008,-0.18548254886335072,-0.685192721567271,5.480124018507758,281,-0.08295717657960794,0.9993314089495768,-1.391546056887023,-0.08301267811326613,0.43858785504996495,8.457621933061159,-0.2305885329287433,False,4.6209116188971036e-21,8.887891324269806e-21
US500,02:30,240,day,fade,294,-0.12035427646257661,1.1303453656682472,-1.8256773748492368,-0.10647566674582201,0.6395833722705866,5.380019750314741,281,-0.15041745397032644,0.9966382299034611,-2.529961143557362,-0.15092482854575684,-0.43009580454751417,8.404772514447716,-0.13328325390342205,False,1.6541264897067484e-13,2.649423885508825e-13
US500,02:30,240,recent,follow,157,-0.17154916136031037,1.0961707509634082,-1.9609215343168416,-0.15649857580083976,0.015503316786333562,4.192020602251482,201,-0.03496493826059618,1.0608886300660911,-0.46726257663612386,-0.03295816098850823,0.5659094543522941,7.37021028628269,-0.14122192839103584,False,5.971841922347448e-10,8.041049681497391e-10
US500,02:30,240,recent,fade,157,-0.11484953394531604,1.1052641840971575,-1.3020059424258144,-0.10391138661489484,-0.029238822507874136,4.083402368918839,201,-0.17179381707200855,1.0489030059913256,-2.3220428406871996,-0.16378427375145618,-0.6154064801098764,7.5622551928777355,-0.2224105371990643,False,2.17313141450484e-08,2.851034331506491e-08
US500,03:00,60,none,follow,699,-0.30081128158481774,1.108082900837471,-7.177289343366778,-0.2714700148855915,1.0971212466422207,13.344058203562227,506,-0.19080679569588418,1.0596321450112407,-4.050549763622747,-0.18006890088622224,0.04745715125489836,5.852628964366152,-0.3665896348452224,False,7.109811521386305e-39,2.0926831073889597e-38
US500,03:00,60,none,fade,699,-0.4204795036277581,1.1135129317180412,-9.983622558507873,-0.37761528550817947,-1.1927687893030996,13.791620263609381,506,-0.2848150906471084,1.05372489136735,-6.080104105534114,-0.2702935965359255,-0.04133467822774683,5.944087253447087,-0.43475376478975486,False,4.321404551142901e-79,2.943970575387261e-78
US500,03:00,60,day,follow,343,-0.37313422684019754,1.2253958877922968,-5.639436738692569,-0.304500962144116,-1.9170529545090003,15.755710693265966,284,-0.36018973948802874,1.059404345342225,-5.72965875594382,-0.33999269596319687,-0.1205316241401013,6.488796181689026,-0.47038942708118364,False,2.121707043978225e-42,6.512144084778815e-42
US500,03:00,60,day,fade,343,-0.34489309027465836,1.2140076188474807,-5.261506864728789,-0.284094667051664,1.810379006602266,15.224558062413289,284,-0.11457429063888504,1.0653601088509934,-1.8123827334212903,-0.10754512928258136,0.17038455268441685,6.351322111197621,-0.33433458422039636,False,6.712146667945709e-18,1.0639520855392077e-17
US500,03:00,60,recent,follow,250,-0.11612132315666233,1.3673583918123615,-1.3427637855821826,-0.0849238384405932,1.5490515284084792,11.625883329224086,249,-0.3718564343916486,1.0471238230080862,-5.603726542877764,-0.3551217403529335,-0.29349826737816853,4.554980359786902,-0.24101177783346017,False,3.060327763637412e-10,4.38592628790959e-10
US500,03:00,60,recent,fade,250,-0.5421331329443381,1.3849620369909483,-6.189250857993658,-0.3914425944282264,-1.653630785226737,12.189920534611417,249,-0.07659626940008898,1.0584764022796616,-1.1418948419809567,-0.07236464529121489,0.3030774164849554,4.624630685684281,-0.5623175911061898,False,7.893651448767535e-39,1.9430814475934205e-38
US500,03:00,120,none,follow,686,-0.2092216042285227,1.0772232947142337,-5.0870130208186035,-0.1942230596526648,0.3968412455134715,8.271386443447208,505,-0.11707109453606727,0.9778949764876929,-2.6903151213523238,-0.11971745161893738,0.41286868790061343,5.459234085440485,-0.24698456588977077,False,1.0641371733529613e-38,3.6425274418502303e-38
US500,03:00,120,none,fade,686,-0.25287914119351346,1.0758460055573396,-6.156373414077167,-0.23505142918898508,-0.38226939592230236,8.352208799208835,505,-0.19287044564554437,0.9762736785654742,-4.4395585977682,-0.1975577646720396,-0.37814048993870153,5.59973170705445,-0.23906631500279735,False,3.420290078777929e-50,1.531479164803009e-49
US500,03:00,120,day,follow,339,-0.2391865087154092,1.2061649838287674,-3.6511511522257214,-0.1983033100133217,-0.7009829687406396,8.917996097056633,284,-0.21900845494234167,0.9758235518125201,-3.782237146271837,-0.22443448360674392,-0.6537836867643466,6.515643007995877,-0.3120242879515478,False,1.9898877107379243e-24,4.210055082079896e-24
US500,03:00,120,day,fade,339,-0.21892166575629068,1.2002733532402685,-3.358214469052875,-0.1823931733261326,0.7121727191404665,8.875793634428824,284,-0.09372987762343044,0.9746773114853096,-1.6206019731247636,-0.09616503484686187,0.7017142041770218,6.397986648772815,-0.17380459248704141,False,1.4969904326305682e-18,2.6545905325057433e-18
US500,03:00,120,recent,follow,184,-0.20431244340859275,1.2854495765590646,-2.155999637986596,-0.1589424020469969,-0.31049256316007473,4.770278008173432,216,-0.23052265904984412,1.04920321843883,-3.2290954444186215,-0.21971211582142502,-0.6446949685976466,6.185957515946645,-0.2408063904131444,False,6.076444270894614e-12,8.762720911881389e-12
US500,03:00,120,recent,fade,184,-0.18834105406750595,1.3082284859663533,-1.9528563882506933,-0.14396648298663475,0.24301255438595643,4.858892424408301,216,-0.058014958779448865,1.0453177009576389,-0.8156776432355146,-0.055499833903415265,0.6493116135353039,6.051829452463289,-0.22464158013227747,False,1.3305675039718248e-10,1.848648096277323e-10
US500,03:00,240,none,follow,634,-0.15256469382866583,0.9904317384676239,-3.878592218875311,-0.1540385752022758,-0.10196378410660042,4.91081292815496,496,-0.03335301133475621,0.9492843635083168,-0.7824913799966724,-0.03513490015941256,-0.1548424203979953,4.783059778221923,-0.17032081160543858,False,6.136983282859037e-35,2.028236102006141e-34
US500,03:00,240,none,fade,634,-0.1857489486887113,0.9907001427493957,-4.720943118663195,-0.1874926031333961,0.10614694573625638,4.825035343508581,496,-0.19003854096129627,0.9481542352596452,-4.463787753429244,-0.20042998690951963,0.19933926936954974,4.838959449219928,-0.19389362496166876,False,5.991279276969496e-38,2.031247217006809e-37
US500,03:00,240,day,follow,319,-0.18138871997770456,1.0405069990906346,-3.113584178327467,-0.1743272463676186,-0.0056999841765291645,4.724144745359518,278,-0.13375427435355708,0.9694849615182278,-2.300323894962565,-0.13796425902687123,0.12251231478717148,5.698062825067545,-0.23501563976473425,False,1.439412806018088e-19,2.6674349467123292e-19
US500,03:00,240,day,fade,319,-0.15435518150444355,1.0381212593802782,-2.6556355232343694,-0.14868704412872552,0.011789506599831417,4.679977951690052,278,-0.09265075949645077,0.9684779178111059,-1.5950770221765302,-0.09566636243586668,-0.06568946366340145,5.624205558635558,-0.12718794079371168,False,6.4924781609252426e-18,1.1705953295172523e-17
US500,03:00,240,recent,follow,158,-0.219644278078294,1.069593596738834,-2.581247469123449,-0.20535302263213273,-0.16933233089303268,4.144131804135838,209,-0.06646019572172293,1.0287953910363667,-0.933911555397543,-0.06460001308401433,0.022799537252841524,4.8137457821397875,-0.15757192663586322,False,5.813504845969543e-12,8.130275995731942e-12
US500,03:00,240,recent,fade,158,-0.056071575747555995,1.0853263845386338,-0.6493979951793436,-0.051663330539404244,0.1429758470801231,4.101500295762789,209,-0.14112895409793802,1.0269231872742712,-1.9867869833088445,-0.13742892929755732,0.007468159649298985,4.8468869472442595,-0.19158960046206938,False,6.801297216315326e-07,8.660044500622317e-07
US500,03:30,60,none,follow,711,-0.3411861402232734,0.9583715591603367,-9.492754822946306,-0.356006119925135,0.019052224929629748,4.888512448605632,505,-0.1606333585708779,0.9718041514998353,-3.7145198101752706,-0.16529396208378425,0.12249269257110346,4.959142840725407,-0.3566527998960266,False,1.2082520970697941e-67,6.515127990732487e-67
US500,03:30,60,none,fade,711,-0.31840819519213454,0.9561612110201023,-8.879487821666391,-0.3330068104858944,0.06542139992666914,4.881153441398924,505,-0.2734928560816047,0.973136742967141,-6.315646374626975,-0.28104257501131,-0.1460288284733439,5.2272917671522565,-0.3171787616066813,False,2.151787465484114e-63,1.0982632196830534e-62
US500,03:30,60,day,follow,355,-0.3234298504397444,1.0370740576423887,-5.8760367854566775,-0.31186765116370485,0.07484421947938848,5.0381888475433785,284,-0.2663729398629228,0.9922299688653164,-4.524149354958561,-0.2684588736697186,-0.2751399271054116,6.002413125754856,-0.31067365471717495,False,6.247596454456662e-31,1.384274532811638e-30
US500,03:30,60,day,fade,355,-0.31923257562834045,1.029009628368499,-5.845234513997214,-0.31023283633845644,-0.025650777766949257,4.991911004043836,284,-0.17620020223637015,0.9881878279083971,-3.0048726612027172,-0.17830638797617687,0.26650057243862707,5.748695066674967,-0.3492492353011634,False,1.1387541331070836e-31,2.5798289586663927e-31
US500,03:30,60,recent,follow,319,-0.2588680675038358,1.0852873833776182,-4.260190983378974,-0.23852490268355442,0.22373014157048918,4.7875017826251085,272,-0.203373600454019,0.9624760083818504,-3.4848903404620035,-0.2113025142267578,0.1802064922461587,4.375144102136678,-0.2611844651024121,False,1.1094055289409088e-22,2.111378365689859e-22
US500,03:30,60,recent,fade,319,-0.36085094936823003,1.0948605103801163,-5.886598316778069,-0.32958623125693787,-0.15139366335638793,4.624213318381974,272,-0.20338574683573502,0.9559300157245655,-3.5089636402441022,-0.2127621724290924,-0.2612547613543121,4.430428175703006,-0.39812787365205277,False,2.4317022534544954e-31,5.332975157269094e-31
US500,03:30,120,none,follow,700,-0.2906313984433293,0.9901822078682051,-7.765625329942516,-0.2935130485418829,-0.26353475531543125,7.142726469139403,503,-0.11285570375229623,0.9939723235978987,-2.5464386292334185,-0.11354008665330892,-0.8873466434247305,9.720809939201066,-0.2991989764883189,False,2.6804617057787834e-59,1.3499206382502566e-58
US500,03:30,120,none,fade,700,-0.1826243993757807,0.9900333900636193,-4.880428770688292,-0.1844628688372271,0.3322446912205511,7.102012728841119,503,-0.19569709484914774,0.9959006517054249,-4.407094413212472,-0.19650262756031667,0.8973236313532791,9.649424295765531,-0.18775862093062173,False,3.9092019101186537e-39,1.3896404440893304e-38
US500,03:30,120,day,follow,351,-0.15939343435814185,1.0405077733155095,-2.869978593295738,-0.15318812453485586,0.3906906377412987,7.260820191927719,283,-0.13875300302179336,0.9906244095168125,-2.3562783020452787,-0.14006620641366146,1.1713247542937766,14.024035864609171,-0.21472954008254833,False,1.2287306569530977e-18,2.261396648639227e-18
US500,03:30,120,day,fade,351,-0.3006123193796972,1.040197079059163,-5.414329757159411,-0.28899554270196076,-0.34047441367697784,7.114810115365716,283,-0.17471437882526505,0.9885813608728177,-2.973099530982873,-0.17673242258078775,-1.145940270144672,13.932072087924118,-0.2615985877749856,False,5.268345423891191e-31,1.2042153085084825e-30
US500,03:30,120,recent,follow,227,-0.17530727805194757,1.1628644672926503,-2.271348502152991,-0.15075469496466193,-0.5094238591233274,6.411970483797725,260,-0.18469471178367836,1.0932208081395531,-2.7241639750377775,-0.16894547781064692,1.1155660592948617,11.121413921541022,-0.231147213037916,False,3.515422387724766e-14,5.527170938580457e-14
US500,03:30,120,recent,fade,227,-0.23259327932369706,1.172952047262048,-2.9876507830782617,-0.19829734716489533,0.4853509615375638,6.4592786283201455,260,-0.0947867636270062,1.0942325678220404,-1.3967694655790177,-0.086623964972702,-1.1144334882288085,11.03125224294556,-0.23560480431096736,False,3.5485889870007654e-14,5.359045125824159e-14
US500,03:30,240,none,follow,628,-0.18829892945038906,0.9421168873682723,-5.008675367369825,-0.19986790596269532,-0.30088470533429323,5.148579318087055,494,-0.034347352999152383,0.9468567973571296,-0.8062550478350559,-0.0362751295602702,-0.20768703800667498,4.249305484537171,-0.18839322383801566,False,4.6916807008863605e-42,1.7710719545734706e-41
US500,03:30,240,none,fade,628,-0.15290121354256292,0.9438537153147915,-4.0596263665219,-0.16199672794800382,0.34597109733912074,5.101811362805355,494,-0.19165612268994056,0.9478771515618192,-4.494010859748672,-0.20219510764042403,0.2371650169839345,4.2405049946398465,-0.18142154465842886,False,2.395043385482881e-33,7.339829153782e-33
US500,03:30,240,day,follow,327,-0.16299200250510876,0.9592040301321413,-3.072763794505463,-0.16992422611345237,0.2191867741602984,4.320887855343705,276,-0.11611299232104028,0.9438269251746013,-2.0438216522173267,-0.12302360657867457,0.11667718182387406,4.755237490369076,-0.23010869361568118,False,3.9335569798314135e-19,7.218230140688568e-19
US500,03:30,240,day,fade,327,-0.17344169643923882,0.9550465180927206,-3.2839978452140275,-0.18160549580936775,-0.18116123112895313,4.233691738524642,276,-0.1138559651801925,0.9416063169644258,-2.008819737637949,-0.12091673890553777,-0.07404534133886145,4.7403719960163135,-0.13080958932471407,False,3.6512472097909826e-21,7.081800846883153e-21
US500,03:30,240,recent,follow,172,-0.23914902884559983,0.9504144921235816,-3.30004449174084,-0.25162603351223256,-0.5339903936917875,4.679379848333851,219,-0.07483240575994858,1.0361821932885218,-1.0687488000955065,-0.07221935123441339,0.08218142068424297,4.127608478655976,-0.25098299522243345,False,6.73001592031237e-16,1.0307225442299941e-15
US500,03:30,240,recent,fade,172,-0.05241233150560851,0.9613667799152863,-0.7150041980723529,-0.054518558993922155,0.559212880955995,4.69747810468555,219,-0.1329525147327477,1.0432843697218144,-1.885888067896278,-0.12743650589551025,-0.06970503935839642,4.091285781651342,-0.11034253579586557,False,2.584828336193727e-07,3.3466636155724715e-07
US500,04:00,60,none,follow,753,-0.3364824504897362,1.0159601582986126,-9.088312027957661,-0.3311965018915995,-0.1601268319003395,8.361106154025036,509,-0.20558925793568453,0.952265249453749,-4.870812075152975,-0.21589494949397486,-0.06345527371395565,4.871478348960267,-0.3487016152510318,False,1.419853542163588e-65,7.713412190069765e-65
US500,04:00,60,none,fade,753,-0.30531313147286115,1.0172304127170813,-8.236138396341463,-0.3001415683761874,0.23101104490175167,8.466702517257398,509,-0.21856735989894885,0.949353148818288,-5.194172904137977,-0.2302276662493948,0.06270349431770551,4.856344183014004,-0.2899918684616647,False,1.139180859922619e-55,5.09887486582647e-55
US500,04:00,60,day,follow,373,-0.2849162174149386,1.0973252957184165,-5.0145988313550935,-0.2596460853738039,-0.10891430128874587,7.571479767851854,296,-0.1854146416680902,0.8998326000375139,-3.5450972921731707,-0.20605459466611936,0.09000207087273283,3.851716898170935,-0.2854613937246388,False,1.2762514856916752e-28,2.8307835248541267e-28
US500,04:00,60,day,fade,373,-0.3480598131347135,1.0943119225350582,-6.142811203813413,-0.3180627076861285,0.16146832589194193,7.497997552364451,296,-0.24243556781258713,0.8877069729907194,-4.698644201470855,-0.2731031468591626,-0.06250808676086485,3.911163807163232,-0.3384239160798522,False,1.3824140789058255e-30,3.0118683210682164e-30
US500,04:00,60,recent,follow,360,-0.1924987268199847,1.1556766013751583,-3.1604053731434054,-0.16656798847612503,1.1387952848726863,8.481438212884328,286,-0.21563189902023402,0.9573129105720612,-3.8092730859076314,-0.2252470395404768,-0.21443932462122872,5.273830320483697,-0.1623778761711274,False,6.677864038698358e-18,1.178606886734615e-17
US500,04:00,60,recent,fade,360,-0.42473611824551466,1.1528256873683045,-6.990476806223292,-0.3684304773040853,-1.0859282752601696,8.233120409101312,286,-0.19576965366947208,0.9558993254515367,-3.4635083098013526,-0.20480153971967358,0.17473609161929057,5.286047370743425,-0.45516040688371145,False,5.2260994859270744e-48,1.668679947464844e-47
US500,04:00,120,none,follow,723,-0.26237056687085014,0.9614202804500974,-7.337886386951358,-0.27289893109808233,-0.19502652362512482,5.240988714290468,504,-0.14500856043552796,1.0745905275075118,-3.0294647351351567,-0.13494308457368595,-2.0094624966659125,19.560579789236602,-0.27147948583224896,False,6.023225509510616e-59,3.17093440568807e-58
US500,04:00,120,none,fade,723,-0.2145466511880608,0.9621457048695063,-5.995840113132605,-0.22298769313443983,0.22787644229034007,5.262209809169448,504,-0.16398401673257898,1.0764543475651398,-3.4199611469348623,-0.15233717723700843,2.0228910104594235,19.556898562353012,-0.21599809341514262,False,1.291155831394792e-46,5.331113459382884e-46
US500,04:00,120,day,follow,361,-0.18720012677893652,1.0164415995857254,-3.499268831824132,-0.18417204378021748,0.15144124361840344,4.783932728823135,293,-0.11161190671564343,1.1084479160660639,-1.7235704767266518,-0.10069206238553777,2.694765767402887,26.855122685447007,-0.18479632708460472,False,4.825774791145349e-22,9.61102125634181e-22
US500,04:00,120,day,fade,361,-0.2837616678526098,1.0143649944381985,-5.315120019678546,-0.2797431589304498,-0.16152310389830568,4.590658520716594,293,-0.2000197704043342,1.107540979308064,-3.091341117395377,-0.18059807640643374,-2.709287681550869,26.69050053964191,-0.28910910959508385,False,4.477154006563001e-31,1.0382297651097869e-30
US500,04:00,120,recent,follow,283,-0.1216212931089331,1.0962350877004088,-1.86637597682203,-0.11094453596085871,0.3041900986937721,4.6965466997271745,256,-0.16326831379111642,1.1413676583416668,-2.2887393046105364,-0.14304620653815853,2.7321755527346787,27.32038322635582,-0.14270556706693008,False,1.0956357698455269e-13,1.7589290027476048e-13
US500,04:00,120,recent,fade,283,-0.30580954782032316,1.1072285196903005,-4.646297293078513,-0.2761937056190173,-0.3101749638953014,4.672192446279937,256,-0.12552681445339137,1.1400413073861837,-1.7617160169915806,-0.11010725106197379,-2.706573548316858,27.51436616101822,-0.3188100437672515,False,1.953581714594709e-25,3.86901997414614e-25
US500,04:00,240,none,follow,643,-0.1592644279378745,0.9091419751485681,-4.442143283584051,-0.17518103034660584,-0.3354774041852148,4.75531955532632,492,-0.06157743482279336,0.9421207261117719,-1.4497649185402057,-0.06536045022269035,-0.27251760719116835,4.798635195340783,-0.1583032817389106,False,9.373842196187902e-40,3.483541443954542e-39
US500,04:00,240,none,fade,643,-0.18450799947551608,0.9100741708382193,-5.140956129833474,-0.2027395188082043,0.3931117288309026,4.780711091477151,492,-0.16438977814438974,0.9431750802138236,-3.8660284268273406,-0.1742940219615658,0.30203410141810955,4.714019937144306,-0.21472967859965122,False,2.268452322494089e-38,7.533990291478003e-38
US500,04:00,240,day,follow,330,-0.23032200547623286,0.910963482649864,-4.592947015229062,-0.2528334119456234,0.25154784440877237,3.9123398389359205,284,-0.14671808262026406,0.969432583673781,-2.5504992495849903,-0.15134428643223266,0.11885840972476616,5.389642369618051,-0.23295432625285797,False,2.002844857397734e-24,3.95377518055105e-24
US500,04:00,240,day,fade,330,-0.11229215636802492,0.9096384010982859,-2.242526612197983,-0.12344702711807769,-0.20802339063256678,3.7703312525937513,284,-0.08061528019746374,0.9649501132555388,-1.4078995703905808,-0.08354346933592735,-0.09050419313442067,5.253679534697444,-0.12906591721281005,False,2.3957468836573945e-17,4.3656180391597925e-17
US500,04:00,240,recent,follow,191,-0.24194777187736885,1.0092924485387502,-3.3129988621318693,-0.23972018440013093,-0.17803981716598452,4.682541903253108,220,-0.1645929702935107,0.9345586073032479,-2.61225808149073,-0.17611840392595426,0.01653102068398319,4.245235599067144,-0.22016671940440466,False,1.495946744367305e-15,2.2870296135396907e-15
US500,04:00,240,recent,fade,191,-0.05417698728047725,1.0178146820625618,-0.7356357438881898,-0.05322873430228939,0.20394965388414482,4.624053350821733,220,-0.04836060059434856,0.943055877881957,-0.7606162505839089,-0.051280737153097826,0.02925325694823488,4.17662063355349,-0.13758788893107585,False,5.0404970614487315e-08,6.739893148864348e-08
US500,04:30,60,none,follow,749,-0.41068610350635876,0.98657683495638,-11.39252532580683,-0.4162738156369915,-0.7142146235823974,9.592138539187776,507,-0.22808137298386089,1.1112639007089782,-4.621432261237852,-0.20524501231286885,-2.7601929887043166,29.409721350610045,-0.4138090867871852,False,7.229662242161334e-88,5.491321350643024e-87
US500,04:30,60,none,fade,749,-0.2895908861385948,0.9896921329134213,-8.008029800513865,-0.2926070406219227,0.7993135955563577,10.217925949615264,507,-0.21770912443919296,1.1143377577636286,-4.399099293052983,-0.1953708585412333,2.7947746344004227,28.898774837760893,-0.2978123212884305,False,4.369993412089832e-47,1.5633215585177974e-46
US500,04:30,60,day,follow,378,-0.280311597132597,1.037551743835551,-5.2526347333503,-0.2701663784943969,0.3228702938792609,6.289512164808599,293,-0.16629386943159608,1.230636843899498,-2.3130239827492955,-0.13512830389886876,2.094405101686204,31.958806588695595,-0.3201606929865536,False,1.5081162440073077e-27,3.1978018947253885e-27
US500,04:30,60,day,fade,378,-0.40281023682642714,1.044243344085728,-7.499713673986387,-0.3857436478842025,-0.3364396875230729,5.9203944341156,293,-0.2760180076961022,1.2322992510632353,-3.8340259009080397,-0.22398618473390466,-2.0209154801712117,31.86223126777925,-0.3759575626899798,False,1.0236657040034243e-42,2.7917045716419773e-42
US500,04:30,60,recent,follow,373,-0.34338066083168906,1.1536176053635112,-5.748683156432156,-0.2976555309447518,-0.34613911188632507,9.912021343208814,257,-0.199337037297366,0.9673875853075304,-3.3033458939070375,-0.20605705543967381,-0.47887343015925943,6.564908066484206,-0.29356060440436194,False,8.356193577840322e-32,1.9312088937295177e-31
US500,04:30,60,recent,fade,373,-0.3339305233834559,1.1503165863998759,-5.606517113458386,-0.29029445226774653,0.4240027673160975,10.305913919287383,257,-0.24037713461278643,0.9555893385277093,-4.032630401426581,-0.2515485731382678,0.72596597970716,7.106393336964637,-0.3915398093968859,False,3.798827035038919e-26,7.558830999769449e-26
US500,04:30,120,none,follow,703,-0.26745399724439967,0.9716367109041777,-7.298318974357265,-0.2752613134548143,-0.5545831184685681,5.332636053123981,502,-0.14885601691843575,1.0274237704547187,-3.246150442003066,-0.1448827846883033,-1.2075634125372312,12.196408078650085,-0.26910634665886574,False,1.4255353766400335e-63,8.527789660547694e-63
US500,04:30,120,none,fade,703,-0.24087493983811603,0.9790530491833925,-6.523235496858194,-0.24602848644312453,0.5863439528934491,5.436991728056462,502,-0.17638371466827601,1.026989410504946,-3.848082529320994,-0.17174832852614555,1.2453227361790742,12.240505986457055,-0.261943189241488,False,7.414748677617865e-45,2.7439769997569045e-44
US500,04:30,120,day,follow,360,-0.23300877939643846,1.0464430928926876,-4.224817169971165,-0.22266741591492684,0.3879839916617991,4.572447210684416,289,-0.08136854076359641,1.1000276297120628,-1.257482226462998,-0.07396954273311752,1.154999272252975,14.271759566234598,-0.27497190672365845,False,1.2701662276433139e-23,2.5359295955946042e-23
US500,04:30,120,day,fade,360,-0.26544841816354037,1.0443351628989015,-4.822713813574002,-0.25417933590084196,-0.4019241148730231,4.488370415714785,289,-0.24241986675298516,1.1031325489903334,-3.735850001500464,-0.21975588244120375,-1.1097847677154706,14.20484616127311,-0.24311771206097943,False,1.2950138814156048e-30,3.0714905411902876e-30
US500,04:30,120,recent,follow,318,-0.2084642394144705,1.1276635584358086,-3.2965948778575194,-0.18486386108249608,-0.0017842536434830884,5.248277672915611,280,-0.17249819122972415,1.084496143218618,-2.6615556386030934,-0.15905837222968447,1.5360278336192936,15.4722587758185,-0.24543904536169447,False,4.2777577320476366e-20,7.969803577465668e-20
US500,04:30,120,recent,fade,318,-0.27524778249888066,1.1275034259577377,-4.3533092400859585,-0.24412145999918033,0.014331433391504158,5.339158516733938,280,-0.14479042082531915,1.0870513462139564,-2.228788138692914,-0.13319556737554614,-1.4897979397292913,15.537084840135055,-0.26218502760941953,False,8.555845394741439e-24,1.6738994448812247e-23
US500,04:30,240,none,follow,634,-0.17076992477854175,0.9344813359809041,-4.601351221363788,-0.1827430021374246,-0.4136839149606673,6.6773746175562305,492,-0.06614936073689971,0.916228617208788,-1.6014166908760803,-0.07219744013062818,-0.22985045393787695,7.0802539143857395,-0.16443424270212462,False,2.889730048684571e-40,1.0721224560525402e-39
US500,04:30,240,none,fade,634,-0.1878404659021523,0.9365850499498702,-5.0499440276428516,-0.20055889842807792,0.4418200956608593,6.816152601532768,492,-0.16401642722943421,0.917989854663981,-3.9630724993245545,-0.17866910663132593,0.2762742586072846,6.744888362409595,-0.22778542259554233,False,1.0961889393729456e-36,3.4608780550244846e-36
US500,04:30,240,day,follow,333,-0.21917063922930097,0.9603474917105616,-4.16462675298152,-0.2282201402316534,0.4981786829304971,4.794356034152087,282,-0.14558946758152888,0.9970932333542516,-2.4519902729759457,-0.14601389590395827,-0.062187201663915614,7.366078017432061,-0.2532599616366129,False,8.070311300897879e-22,1.5127724719614035e-21
US500,04:30,240,day,fade,333,-0.13632035810734802,0.9587754463721134,-2.5945732221756956,-0.14218173673842738,-0.5062755636770011,4.613346267573547,282,-0.08350257028201698,0.9934397646282805,-1.411506421310158,-0.08405398420231495,0.13197198692507126,7.20774566420298,-0.13020261316302587,False,1.761495666930252e-19,3.3910975975676586e-19
US500,04:30,240,recent,follow,197,-0.22045413152201082,1.0534193669768221,-2.9373118466696018,-0.20927480396974832,-0.8546086611808981,7.848257266157398,242,-0.18310428234421644,0.9782935763443741,-2.9116353439235145,-0.18716700873006753,-0.33543591473514983,6.075624572008466,-0.22463063746509926,False,3.829016299872885e-16,6.109005200746188e-16
US500,04:30,240,recent,fade,197,-0.09108458420311831,1.048819611782742,-1.2189255870463125,-0.08684485223183074,0.8894750560335769,8.215414711277916,242,-0.03545281500825048,0.9842149656767877,-0.5603616985436193,-0.03602141426885501,0.4101855479014151,6.222713669821762,-0.1471867311642353,False,7.402701456922535e-09,1.000803447537494e-08
US500,05:00,60,none,follow,732,-0.3785908840765719,0.942330872920158,-10.869818019352492,-0.40176003456553333,-0.27754755907179335,5.146626385967267,505,-0.225845748975813,1.1287536128867324,-4.496332878735271,-0.20008418701599856,-2.306782468620752,24.42076613652118,-0.38716279725718955,False,3.553652577285468e-84,2.569952743827273e-83
US500,05:00,60,none,fade,732,-0.35748977246209895,0.944266060591053,-10.242943607032188,-0.37859008957531753,0.26774800847241853,4.92533263286084,505,-0.2290416974599741,1.1337526833536602,-4.539854297030265,-0.20202086471139788,2.2905917608579984,23.991787988825042,-0.3740612210305909,False,1.4316908398822558e-67,7.307108964455845e-67
US500,05:00,60,day,follow,365,-0.35103993044648446,1.0125488915922196,-6.623490984052537,-0.34668936321136934,0.22221558505142816,4.728076611017266,288,-0.18466353246946182,1.2325763493426314,-2.542515168979039,-0.14981914310456163,2.9598936624130467,27.31295641050277,-0.3149977384553631,False,3.6974960580612136e-33,8.334654796328727e-33
US500,05:00,60,day,fade,365,-0.3779917667864913,1.0057532399612432,-7.180213075855701,-0.37582952931979347,-0.2661570437407405,4.896246492676119,288,-0.2630069536529025,1.2431235589535703,-3.590452435805783,-0.2115694387405022,-2.845454276819484,26.621640122323413,-0.4204218106788887,False,8.063070972344644e-41,2.127051078012194e-40
US500,05:00,60,recent,follow,362,-0.43860674772141034,1.0785190497560058,-7.737519804782957,-0.4066750122036664,-0.4036150244575456,4.515233642609547,263,-0.1803864022799128,1.2968659894971655,-2.25572716754542,-0.13909409587482058,2.5961294177316208,24.415921848661593,-0.3637622222520541,False,2.607975099770692e-46,7.533447476281178e-46
US500,05:00,60,recent,fade,362,-0.2903856462919074,1.068213990259065,-5.17215068583991,-0.2718422047828475,0.4012045392934934,4.342595103099845,263,-0.2652505581163968,1.293413361968256,-3.325805424977272,-0.2050779479444614,-2.549842150017934,24.674931780721597,-0.3741810070386371,False,7.192713412156914e-27,1.4923016497233507e-26
US500,05:00,120,none,follow,688,-0.25910340009769495,0.9273968373631865,-7.3282743659513985,-0.2793878409531658,-0.6435241039378189,5.783416153614261,499,-0.08260004305688032,0.986977204901973,-1.8694911954382931,-0.0836899197333379,-0.138876971929869,6.292254052629651,-0.2572708524695846,False,3.924210832470543e-64,2.3573679489479272e-63
US500,05:00,120,none,fade,688,-0.2658813200965225,0.9289328949072775,-7.507540838963347,-0.28622231116388847,0.6902406193355848,6.056558316452232,499,-0.24505232687381304,0.9853674885815673,-5.555342949362454,-0.24869130523736369,0.21055756923963087,6.065530966576669,-0.30146952514328845,False,1.2534974385446253e-46,4.484338829079066e-46
US500,05:00,120,day,follow,349,-0.28677957319566033,0.9970527683511407,-5.373320974782312,-0.28762727741072047,0.7435843992639032,6.604303888597582,284,-0.18017229425529038,1.0434356175027,-2.909923163262061,-0.17267217184564257,0.5769494532411522,6.492207172844261,-0.281844250010906,False,3.270164346452184e-24,6.1784972387915114e-24
US500,05:00,120,day,fade,349,-0.23669885571385962,0.9933706260497756,-4.451409600377451,-0.23827849294790723,-0.6894792326985287,6.255332077686241,284,-0.1433023831274296,1.0426088538915412,-2.3162806235106714,-0.13744596796061434,-0.5017975669735297,6.321801559611759,-0.2577500101441246,False,1.5836189779369753e-29,3.720136049905237e-29
US500,05:00,120,recent,follow,359,-0.3439254696330127,0.9674827615843704,-6.735476538155107,-0.3554848554301815,-0.4250358326417563,6.501839266778256,286,-0.2078711997366665,1.0024519177341404,-3.5068225308058585,-0.20736276329993106,0.18494293650485308,4.6885677267877375,-0.29123677782790597,False,1.4935668626934102e-38,3.825207527821783e-38
US500,05:00,120,recent,fade,359,-0.17297904118173957,0.9730480451236093,-3.368266340110021,-0.17777029823821855,0.4817388108316177,6.761187529231561,286,-0.1101962829299686,0.999308545162127,-1.8648777220514967,-0.11027253140529329,-0.13383753049287495,4.409544391717315,-0.24223048514307702,False,3.2837558593854586e-20,6.194825060464776e-20
US500,05:00,240,none,follow,625,-0.13944828548112287,0.9340952532761418,-3.73217519819412,-0.1492870079277648,-0.8479756221224303,9.370270462283353,492,-0.06404907393873834,0.9119868609819873,-1.557782514442,-0.07023025953441162,-0.33122541042283,8.209196200440903,-0.14217623709305252,False,7.19803956983555e-37,2.582152823391811e-36
US500,05:00,240,none,fade,625,-0.2140931455448133,0.936906932472556,-5.712764473302809,-0.22851057893211238,0.8191764452539543,8.972931051372703,492,-0.1625127827569729,0.9126497621381257,-3.9497165828475005,-0.17806697541480024,0.3560024939438041,7.775259317131369,-0.2493145568933453,False,1.2628348695868391e-35,3.643805337009089e-35
US500,05:00,240,day,follow,319,-0.22800311588642624,1.0213418205232936,-3.9871723455999395,-0.22323879361916935,1.1214720395072844,10.976239404434011,278,-0.13859321236675146,0.9144572113147642,-2.526975143526787,-0.15155789757236268,0.21322846264100176,6.998723175251333,-0.2843822521058978,False,9.391291691774792e-18,1.557776673549291e-17
US500,05:00,240,day,fade,319,-0.12454347468266101,1.018592268705269,-2.1838154999692576,-0.12227019437421022,-1.193773257110376,11.473924696115493,278,-0.08336679179032642,0.9160481362560111,-1.517389908155392,-0.09100699896738573,-0.08641325801416326,6.9598160907751785,-0.09484150995694189,False,2.7826344479540122e-18,5.2635626903492476e-18
US500,05:00,240,recent,follow,204,-0.2962219032686423,1.0797041489633552,-3.9185688471991784,-0.27435469573128035,-1.2806486083395952,11.660274084663872,253,-0.18266997272184904,0.8954474994297633,-3.2447952420486423,-0.20399852904628857,0.5352959948309012,8.002250612367416,-0.27657856308665923,False,2.0164842319674854e-21,3.5638762082970634e-21
US500,05:00,240,recent,fade,204,-0.012684302222579808,1.0778939379899561,-0.1680759735182865,-0.011767671916063788,1.1846647475706165,10.927487431150825,253,-0.03212268979279818,0.9027776856658687,-0.5659673115446489,-0.03558206001636516,-0.5830634782135022,8.448049841600453,-0.09270879403350485,False,4.427107230105976e-07,5.848226644735383e-07
US500,05:30,60,none,follow,716,-0.3277008261040835,0.9957694587045327,-8.805930337209475,-0.3290930679179625,-0.4417876489814399,5.438908324207072,506,-0.21573619512289624,0.9337783532383115,-5.197020996486462,-0.23103576386701455,-0.18582387032867229,4.91365440863842,-0.34125176292295367,False,9.013799828283155e-73,5.965162601602208e-72
US500,05:30,60,none,fade,716,-0.44236733725190536,1.0114998869407332,-11.702367307648224,-0.4373379997004636,0.4291744219642796,5.24489007173246,506,-0.26680512452723737,0.9261294997617463,-6.480338731976334,-0.2880861959325072,0.19482482480377616,5.239501930715931,-0.46221292300203715,False,4.36665565022228e-69,2.0393407666624053e-68
US500,05:30,60,day,follow,366,-0.39162583580641036,1.0415111998833946,-7.193627293164721,-0.3760169221898487,0.513888140249978,5.371435943405556,289,-0.17806044002897364,0.9503407611621876,-3.1852021971474205,-0.18736483512631885,-0.12902643947898623,4.825646578749404,-0.40193097846058295,False,5.510308709465938e-32,1.1668002328329612e-31
US500,05:30,60,day,fade,366,-0.3626617743870353,1.0242385717847797,-6.773937696407445,-0.3540793955407104,-0.5604515779897872,5.459559213934766,289,-0.29444735217937523,0.9423023414317836,-5.312100763162278,-0.312476515480134,0.1565125111363227,4.7822969147428855,-0.37307178906282634,False,2.543602562698777e-42,7.189535583393066e-42
US500,05:30,60,recent,follow,352,-0.4179517928843227,1.0493995726170973,-7.472340288083498,-0.39827707556807257,-0.17861431640684733,4.979417451542033,259,-0.18602073937381783,0.9863082935047207,-3.0352786234116036,-0.18860303679777127,0.16644330650764044,3.979286171014143,-0.3969285710865558,False,4.93592496017253e-40,1.2403799443276287e-39
US500,05:30,60,recent,fade,352,-0.34889297791818474,1.0333624553239642,-6.3344787250128824,-0.3376288504780301,0.12101709308190296,5.004400324868928,259,-0.28603356871030267,0.9811589365282551,-4.69167070753156,-0.291526232969357,-0.16344926891350312,4.196830196647107,-0.3734997146254409,False,4.077662695085583e-32,9.041600946997007e-32
US500,05:30,120,none,follow,671,-0.22588721726212116,0.9407505992983644,-6.219828524838866,-0.24011381702078485,-0.5155432515649553,4.33069929072356,499,-0.09299598758392535,0.9233049897509051,-2.2499315258956636,-0.10072076791116918,-0.4462443909160825,7.13219234098412,-0.23345463611575845,False,1.6469805618620758e-54,8.311871962692141e-54
US500,05:30,120,none,fade,671,-0.30447041688417475,0.9450163024449179,-8.345782481434052,-0.3221853592329127,0.48313564332609743,4.3612965012358265,499,-0.24500258367428704,0.9233677328363115,-5.927154433374248,-0.2653358731972492,0.5098703297159176,7.0049173803018485,-0.34068584531961077,False,5.659870689666858e-53,2.240804006395993e-52
US500,05:30,120,day,follow,350,-0.32312527475562375,0.9985271103554052,-6.054037284538082,-0.3236019046499538,0.08242313085267053,3.9046590836184576,285,-0.25026505840406665,0.9299684281956059,-4.543122461807136,-0.2691113491773582,-0.10886854803959088,8.028453632120021,-0.3511638693575234,False,4.5289087721594693e-32,1.0200785634923369e-31
US500,05:30,120,day,fade,350,-0.20208438941832477,0.9848958437532676,-3.8386320402028202,-0.2051835132618858,-0.11835879968541677,4.007000613877859,285,-0.08237217471746411,0.9213947268809447,-1.5092362905121732,-0.08939944229581812,0.2351564480836611,7.965326423349035,-0.20377540270532576,False,3.85092559519382e-24,7.995459610750217e-24
US500,05:30,120,recent,follow,346,-0.3519530473877881,0.9528566157076072,-6.870608868837856,-0.3693662210934243,-0.13895320333250297,3.8141927563241174,273,-0.17133655603097345,0.9338202937961947,-3.031573127952093,-0.18347915243354893,-0.2665525296496725,4.066217342603353,-0.35845649894815085,False,6.946904935939662e-38,1.7176217228381674e-37
US500,05:30,120,recent,fade,346,-0.16660466057911144,0.9356879053318444,-3.3120293729679253,-0.1780558021854783,0.08600107451142998,4.008998090604828,273,-0.16193056526451874,0.9300133387796727,-2.87687490523468,-0.17411639006919805,0.3395147433660977,4.136004628440571,-0.20066862211898195,False,3.953967712248308e-21,7.694879969517878e-21
US500,05:30,240,none,follow,624,-0.13599575902074987,0.9394826129633873,-3.616004090576402,-0.1447560147939106,-0.42815405266291423,6.878996477974584,492,-0.0840902409621635,0.8949544851414654,-2.084141490337851,-0.0939603548094084,-0.20697231153487608,5.959543681626955,-0.12838211903625088,False,1.9059999758125132e-34,6.330254875711858e-34
US500,05:30,240,none,fade,624,-0.21806268101562454,0.9431616131966751,-5.7754725697641,-0.23120393998706187,0.3689952541146633,6.745977519996496,492,-0.1426219683161294,0.8926982141432638,-3.5437600774054068,-0.15976504271715822,0.20271487957784706,5.867577235017507,-0.26293727329597205,False,1.1722737898178974e-39,3.816522679052254e-39
US500,05:30,240,day,follow,327,-0.27574529270111375,1.0123058375903102,-4.925725913144395,-0.2723932654162076,0.4872513160093009,8.02188573916541,280,-0.14612010188959193,0.9169504272552653,-2.666509435849239,-0.15935441823935623,0.16007679283132595,6.4826904225809825,-0.29574039424993526,False,7.606543254183924e-23,1.4034835754470333e-22
US500,05:30,240,day,fade,327,-0.07476873919463894,0.9999755224089194,-1.3520867730038926,-0.07477056939806154,-0.6109686579971424,8.296850060081454,280,-0.07552646892859383,0.914625437677166,-1.3817673310793357,-0.08257639227748255,-0.1334883060289906,6.330315850884381,-0.0837515101956274,False,2.241444086313205e-14,3.8626039219937123e-14
US500,05:30,240,recent,follow,231,-0.23656312965905396,1.023259298120385,-3.5137215920466978,-0.23118590771038627,-0.5587727991237242,8.569873900194557,260,-0.13496430651236857,0.9222986638961205,-2.3595762815626062,-0.14633470891330463,0.46439876662036017,5.055949828345532,-0.31986978906415253,False,1.3885227958132244e-18,2.34654884403499e-18
US500,05:30,240,recent,fade,231,-0.07675195464609465,1.0218800139345527,-1.141551552949625,-0.07510857791471622,0.46209269024429,8.42421873686139,260,-0.08324670625617223,0.9301666756727875,-1.4430884702437052,-0.08949654769771241,-0.46205080400572895,5.22477270617628,-0.054786330114857486,False,5.508275227496936e-10,7.876742808645181e-10
US500,06:00,60,none,follow,710,-0.38015117771888374,1.043602341913815,-9.70622757351649,-0.3642682298141855,-0.9790674287334039,13.682599029779585,503,-0.12759860457584535,1.0547551437704075,-2.7131778661439623,-0.12097462176834875,0.9193512350119655,13.962563615647497,-0.37699291367199056,False,2.848510720388332e-73,1.7366392892105484e-72
US500,06:00,60,none,fade,710,-0.404155986313433,1.0446209865207468,-10.30906893441098,-0.3868924629396255,1.0468689451687705,14.579336671506166,503,-0.3548677928052659,1.045573646936904,-7.61195039179487,-0.3394000928054002,-0.7508221865729144,13.237739508984982,-0.4506891985714839,False,2.747551623320947e-44,7.774751409660507e-44
US500,06:00,60,day,follow,369,-0.44710799970111753,1.147246377654871,-7.486329332732732,-0.38972273820996295,1.7250991384725878,17.361752568969123,274,-0.3410449878054727,1.1030075695815322,-5.11809637865737,-0.30919550981400884,0.9330457808999459,17.291073536987927,-0.44611561172458947,False,1.9888320702114145e-20,3.134867871314617e-20
US500,06:00,60,day,fade,369,-0.3268688225419784,1.147404072326988,-5.472304998451895,-0.28487681927001834,-1.6114787314484482,16.06632077883616,274,-0.14203358055169366,1.0889412732966506,-2.1590458139663347,-0.13043272767290978,-0.7893596464361167,16.94586815527146,-0.35361589563701334,False,1.3704604947859157e-38,3.909188288258218e-38
US500,06:00,60,recent,follow,353,-0.5521309589154414,1.1224207688585643,-9.242165858238096,-0.49191085396337236,-1.8811399531266992,17.025363169543347,232,-0.22983608142835443,1.0492679273346757,-3.3363822568092396,-0.219044226399046,-0.4217786632585059,8.434042408433779,-0.4806051796758842,False,1.884501010706594e-52,5.5675390589021415e-52
US500,06:00,60,recent,fade,353,-0.22148921734114843,1.1132970996890073,-3.7379101992718646,-0.19894888561464869,2.039122107799618,18.894584211894042,232,-0.24655357243785267,1.0462411350773595,-3.5894135743153126,-0.23565654625080518,0.6073874909781761,9.23651140605297,-0.31824178491727934,False,7.738718185687792e-16,1.233409370462701e-15
US500,06:00,120,none,follow,658,-0.21554953260227855,0.9432160627337843,-5.862040899613928,-0.22852614699704896,-0.19305796943574996,5.594758753617003,496,-0.09814632767521698,0.9398385735035597,-2.325742488034372,-0.10442892049997908,0.4978603208905149,9.393005525724075,-0.22339654093071673,False,5.436226775805897e-47,2.2399085737473658e-46
US500,06:00,120,none,fade,658,-0.31854807883163955,0.9466875899898305,-8.631400191164845,-0.3364870123997944,0.19186522822469257,5.7158606139419845,496,-0.24299032116743646,0.9412622549473865,-5.74935558542841,-0.2581536865950487,-0.38384430976780864,8.870820034768476,-0.3633651846260655,False,3.9651417672420697e-56,1.656897261500754e-55
US500,06:00,120,day,follow,346,-0.3893909398570682,0.9899147554670173,-7.3168827206316704,-0.39335805200051105,-0.008936721934148295,5.752023473202938,268,-0.2688343794469492,1.028921768962918,-4.2773013446856165,-0.26127776431235944,0.6576976180366331,10.816512960930755,-0.40151191562116306,False,5.8430357444604965e-36,1.338406906892357e-35
US500,06:00,120,day,fade,346,-0.1391569413940106,0.9789144095141855,-2.6442237559953066,-0.14215434979966354,-0.017430765774330465,5.4856336059932405,268,-0.07032283954189883,1.016015642388994,-1.1330873769162721,-0.06921432762250217,-0.5208404083059829,10.64471803407481,-0.16536521554506237,False,7.657509012700312e-19,1.4400484608958615e-18
US500,06:00,120,recent,follow,340,-0.43070846944058905,0.9908412774620703,-8.015281503635368,-0.4346896715322568,-0.1227746892044021,5.5753808401481315,242,-0.1600218419184415,0.9508753174744669,-2.6179622128572735,-0.16828898487286525,-0.08488818479199924,5.197933407165319,-0.4012370418683672,False,8.06782670010534e-40,1.931726119538575e-39
US500,06:00,120,recent,fade,340,-0.09771637271731748,0.9700018354431937,-1.8575231706877935,-0.10073833795651621,0.139230490045078,5.520839474485256,242,-0.16495849201609927,0.9512976521958737,-2.697527842197619,-0.17340365724158652,0.11313633282519794,5.177147120416615,-0.1789312123808738,False,1.052584674321208e-15,1.8523643122605586e-15
US500,06:00,240,none,follow,628,-0.14282214574024385,1.0486255193922949,-3.413146683418576,-0.13619938014002644,-0.34487075602950584,17.163030986946985,492,-0.03250350823934716,0.8875811489241182,-0.8122780551430516,-0.036620322861460386,-0.46413688010451365,6.587501490602156,-0.12345609921145405,False,1.0927287696167966e-31,3.3451560105675776e-31
US500,06:00,240,none,fade,628,-0.17707074113866078,1.0510599819083644,-4.221814292930319,-0.16846873079228178,0.23586428085701022,16.771379582854685,492,-0.16255580001917735,0.8848038269083507,-4.0750977326593665,-0.1837195941920526,0.37536445841409105,6.161473580920929,-0.21128289681545542,False,3.0032279076929745e-32,8.730488560232378e-32
US500,06:00,240,day,follow,328,-0.2591634336168587,1.1885104228411363,-3.9491865784612585,-0.21805735030688922,0.20607259605210357,18.69251115950209,266,-0.05099960026871864,0.9015468799854846,-0.9226123754527251,-0.056568994248573916,0.11770115724987221,4.892865438816299,-0.31495912893252626,False,1.9887223062366856e-19,3.49512907039426e-19
US500,06:00,240,day,fade,328,-0.055928906324247234,1.1811690311129963,-0.8575534471025562,-0.04735046792714023,-0.3370171174795189,19.400914707315852,266,-0.14203531571869404,0.894491126017817,-2.5897695658051747,-0.15878896009960516,-0.1419910090109718,4.963884927012558,-0.01061600202487225,False,1.8761479493532727e-12,3.079112508981281e-12
US500,06:00,240,recent,follow,270,-0.2886960796643268,1.1874899984068714,-3.994779458545339,-0.24311453574483954,-0.3896089188815547,22.038537010333485,254,-0.183631648304044,0.9683117728739583,-3.022380779482331,-0.18964103654241812,-0.5540484858419271,6.886989644345933,-0.2793780267360123,False,3.70923814214881e-18,6.121487923330341e-18
US500,06:00,240,recent,fade,270,0.0008010934937102148,1.172862388621103,0.011223234237007898,0.0006830242844192787,0.23622851485433763,22.690783205313775,254,-0.004252503593953374,0.9611855384878671,-0.07051058528523362,-0.004424227606090905,0.4124684333500717,6.617297525638488,-0.041665982468155234,False,1.9539454887669558e-08,2.795595287983435e-08
US500,06:30,60,none,follow,703,-0.3844112120702508,0.96633109383409,-10.547456782213123,-0.39780486680298277,-0.33456938018303145,8.127539373728975,503,-0.15882104110174525,0.9451075855836376,-3.768866742761598,-0.1680454622567309,0.6335311571282666,10.30987050328033,-0.3953285845617565,False,9.03517347911288e-74,5.1341227082809456e-73
US500,06:30,60,none,fade,703,-0.3873743866696344,0.9627763358780637,-10.668003682876728,-0.4023513792706011,0.211900391386603,8.539970525394235,503,-0.3256940513860173,0.9540246151782731,-7.656569671507458,-0.341389568156118,-0.4889314887552026,9.091972697819822,-0.4362179281710139,False,4.582682073218532e-62,1.9445766452318824e-61
US500,06:30,60,day,follow,365,-0.4455495287212243,1.0959565331599428,-7.766924633047388,-0.40653941578922204,0.049389537441308695,8.218397065144917,292,-0.3753505511570297,0.9680624328428759,-6.62559852772054,-0.38773382627270286,1.4193427145890647,13.573919231486407,-0.47812485209388406,False,2.999955348305931e-35,6.657883472645481e-35
US500,06:30,60,day,fade,365,-0.3205891783934127,1.0907515111713324,-5.615254794996832,-0.29391586911407486,-0.2323233342298842,8.26667088721415,292,-0.10823858609753087,0.9486552249851832,-1.949688065059931,-0.1140968639046092,-1.3068820137006827,12.825480234151875,-0.32426812324991083,False,5.69647583949911e-31,1.2924850919180964e-30
US500,06:30,60,recent,follow,367,-0.38741530798493107,1.0759674415180864,-6.897801291677315,-0.36006229653039074,-0.6175610100069515,8.891756202322332,248,-0.28526567831851185,0.9030977244785773,-4.974398974512233,-0.3158746507563355,0.3655986373270784,4.62054129574217,-0.4158652839270623,False,1.792740443903274e-39,4.6712858628536593e-39
US500,06:30,60,recent,fade,367,-0.3749544241366967,1.081296582647122,-6.6430371926534715,-0.3467637188113282,0.43447214597686323,7.987410043262819,248,-0.18533662014308977,0.899263837575723,-3.2456370319162096,-0.20609815762493996,-0.4104224446344365,4.380591517747898,-0.39444139342516904,False,2.2160573808704035e-29,4.529537539129094e-29
US500,06:30,120,none,follow,660,-0.217884319082594,0.9970058433339114,-5.614359780482562,-0.2185386580624297,0.037863912228967914,8.315206817026795,498,-0.11101366885710391,0.8934110670646829,-2.7729357005442328,-0.12425821992763218,1.4205403163164934,14.18767158450302,-0.24646427997273387,False,2.215222100076705e-42,8.081185167397833e-42
US500,06:30,120,none,fade,660,-0.31839165281942555,0.9956211672130344,-8.2156044211463,-0.31979196837555673,-0.10101812653454766,8.361419069891454,498,-0.22376700397353774,0.8965025885147564,-5.570050987210835,-0.24959995301770904,-1.261160612158749,12.791383101079711,-0.3433374555668287,False,1.634316356631568e-55,6.965019861028597e-55
US500,06:30,120,day,follow,345,-0.3556551845519396,1.0939312063750601,-6.038772657633077,-0.3251165909513339,0.6849568940339464,9.665428523446868,288,-0.28244976653034926,0.9536550711167037,-5.026273787422062,-0.29617602326552767,1.0124576225699315,15.95181159272925,-0.3788462253978217,False,1.3181393447437573e-24,2.4278133455320722e-24
US500,06:30,120,day,fade,345,-0.17663387189992483,1.0906822438103387,-3.008051681327377,-0.1619480585682296,-0.736914346550663,9.492932419289655,288,-0.04958941858775093,0.9489494039246625,-0.8868337303584392,-0.05225717871011788,-0.8578872636918886,15.625432071787076,-0.19222415368388596,False,7.253092971935465e-22,1.4801989632047658e-21
US500,06:30,120,recent,follow,347,-0.4036735603228859,1.0081148554500423,-7.45907592775853,-0.40042417601581526,-0.5992990027159696,10.450982913733032,258,-0.21145380072186856,0.9397579252016883,-3.6141764502533142,-0.22500879753313804,0.07172873137607357,8.46906608545826,-0.3427703215827834,False,5.525651142140068e-38,1.3182975522942802e-37
US500,06:30,120,recent,fade,347,-0.11777485887102242,0.9903249603322273,-2.215335998320603,-0.11892546748646235,0.5967198001630492,9.972637460303666,258,-0.11555079434952847,0.9396707777662537,-1.975181763299182,-0.12296944534575292,0.013959967480083215,8.290813156103251,-0.23094506367506112,False,4.040678130336028e-16,7.064796957442725e-16
US500,06:30,240,none,follow,637,-0.1434113743673253,0.9560348802310943,-3.7859909938517644,-0.1500064247997517,0.8946563306605252,14.385190484709964,495,-0.04865373047243039,0.9324753732068677,-1.1608640807755144,-0.052176960239824655,-0.6750736495128413,8.422079576487667,-0.14093401629668584,False,4.116831542147247e-29,1.1119168255719659e-28
US500,06:30,240,none,fade,637,-0.16152429244799946,0.9606716641906451,-4.243581842308926,-0.16813683433047005,-0.9712482843404414,14.633314964422073,495,-0.13515735592621597,0.927192652215609,-3.2431893505992737,-0.14577052094108545,0.579834738262923,7.967875280902331,-0.1752737576873398,False,8.071417067437586e-40,3.061846678705024e-39
US500,06:30,240,day,follow,332,-0.2616473815199754,1.0444145928533437,-4.564702766135105,-0.25052061059885616,-1.6328103512164656,17.785966873159005,287,-0.002159037156943091,0.9225630789688783,-0.03964651287870752,-0.0023402596593787204,0.682115529653696,4.961027842017877,-0.2731635992044376,False,4.208965218903568e-31,1.0185162143005548e-30
US500,06:30,240,day,fade,332,-0.03799306616256014,1.0357345781284788,-0.6683822536223222,-0.036682241729547864,1.5897156639207966,17.692241527373355,287,-0.1782272764501097,0.9198030529865354,-3.2826174375483013,-0.19376678069443054,-0.7381994754821618,5.06112426563822,-0.03790065339934722,False,2.5492377228183213e-11,4.02444798986148e-11
US500,06:30,240,recent,follow,283,-0.2369242380857273,1.025202476285256,-3.8877028586104734,-0.23109994714820084,1.9496565742401528,21.64732408282347,260,-0.16779504784142638,0.9646350872125434,-2.804805552936712,-0.17394665616642158,0.7653509126092518,6.174945574948144,-0.22247743743651563,False,2.1735611899263393e-13,3.12847353246233e-13
US500,06:30,240,recent,fade,283,-0.042090924688515004,1.0227128094673743,-0.6923536547038984,-0.0411561528308576,-2.092057077176873,22.870485025329884,260,-0.008092071899369018,0.9584730572951197,-0.1361339661536024,-0.008442670180219181,-0.8395287286458868,6.371456610696502,-0.07845586798353117,False,2.2525499987222802e-11,3.545720038148968e-11
US500,07:00,60,none,follow,688,-0.33256524279844774,0.9956873293275894,-8.760887361871394,-0.33400569938259306,0.8432044568589577,14.364209784016882,502,-0.26263340197368906,0.9316851564985232,-6.3158621339161325,-0.2818907225706191,-0.3875626640459341,6.6387258446687545,-0.3607810391026336,False,1.0501856645431005e-42,3.093246468054393e-42
US500,07:00,60,none,fade,688,-0.4328298709566713,1.0000683783981974,-11.352244832802148,-0.4328002767670066,-0.8668818964333387,15.57920577817224,502,-0.23014548410820282,0.9417533681324309,-5.475416168767514,-0.24437978338702301,0.5212411024682201,6.666607793954371,-0.4823526748031862,False,9.407195914266439e-70,4.502236797186913e-69
US500,07:00,60,day,follow,358,-0.49381507030628097,1.102894366993997,-8.471726651481813,-0.4477446662931127,-1.358436382523498,17.53416716585726,288,-0.3215741315864889,0.9976838177981745,-5.469963410271061,-0.3223206850204134,0.045227978681470236,7.249671136212889,-0.5389775028585952,False,3.056018182159552e-41,7.447186988206377e-41
US500,07:00,60,day,fade,358,-0.2651737763206712,1.0896579016304124,-4.6044940304781,-0.2433550712787032,1.339236545095203,16.62791959245765,288,-0.1572122989065307,0.9924918314376259,-2.688164374674045,-0.15840160485634272,0.13390153609899896,7.791089702775914,-0.28175849413399956,False,9.156019379185395e-19,1.5388369568664126e-18
US500,07:00,60,recent,follow,351,-0.4111112754408489,1.1428924517338508,-6.73918815813036,-0.35971125263550674,-1.3354809248924524,17.055393425480197,247,-0.28469084722577526,1.07896375368371,-4.146819442692525,-0.263855802619696,0.24059136450598975,6.522151650520071,-0.3829334974766515,False,1.3118715312153635e-37,3.261523478817619e-37
US500,07:00,60,recent,fade,351,-0.3400008417928289,1.1459241421527622,-5.558756897627865,-0.29670449315614794,1.2717148820649313,15.41582247657854,247,-0.19038396101565858,1.0827970204253532,-2.7633238337715325,-0.1758260850596637,-0.07480777467633307,6.48278785009691,-0.44412744911477436,False,5.0231939679332385e-20,8.36991899844995e-20
US500,07:00,120,none,follow,660,-0.20285369779273865,1.0533252587142061,-4.9475751312956415,-0.19258410079367327,-1.965364511544674,27.266796398068742,499,-0.16418277693085098,0.9087680911117529,-4.035755061643087,-0.18066520879930534,-0.38799797787625223,6.732677798838316,-0.2311452215267104,False,1.8608005209041388e-48,8.864205094810287e-48
US500,07:00,120,none,fade,660,-0.3033493509942902,1.056725860993352,-7.3748416877881136,-0.2870653233650715,1.8211562856899832,25.5292045485191,499,-0.1566117676417847,0.9120722448204895,-3.83570699228073,-0.1717098272983939,0.4454816665515008,6.193621676976006,-0.33082397729338225,False,1.5253426673455248e-29,3.3535770085126345e-29
US500,07:00,120,day,follow,346,-0.3576768565964354,1.1881400178148604,-5.599654940150948,-0.30103931458705374,2.0857321694554245,29.6711757099482,286,-0.18914906312372562,0.9695043275784485,-3.299418909694228,-0.19509873008629805,0.21701783104483552,6.3679062301525615,-0.37812554678240434,False,2.3109127793028207e-15,3.374273760365833e-15
US500,07:00,120,day,fade,346,-0.1435625188743612,1.1862121745298237,-2.251213798205773,-0.12102600357416222,-2.277971983758231,31.653699797592996,286,-0.12219499386735483,0.9805022540713028,-2.10759827325682,-0.12462489847419436,-0.13522641869059165,6.857921410037049,-0.16805828631129122,False,8.889825214878991e-21,1.8541264056788638e-20
US500,07:00,120,recent,follow,346,-0.3291125412937248,1.0269895655055987,-5.960963331963324,-0.3204633740671931,-1.057052009945567,8.400318416827979,255,-0.21621069992405773,0.996490054169931,-3.4647691553155107,-0.2169722608061148,0.8461063420156871,6.512710753344763,-0.2786976670798531,False,3.866839278946213e-40,1.0866837902174359e-39
US500,07:00,120,recent,fade,346,-0.16031819595114094,1.0227708422104629,-2.91569792742683,-0.15674889167220815,1.0243165965876886,8.020261286432747,255,-0.092956045104384,1.00083315175668,-1.4831533111264965,-0.09287866308307825,-0.7663757244301221,6.608853396545746,-0.2561147576745337,False,3.8122185079014606e-17,6.623788609532384e-17
US500,07:00,240,none,follow,640,-0.13498656529354688,0.9167525610537226,-3.7250182261612808,-0.14724427400387327,0.44431325278234374,6.407108437906879,497,-0.04687529623681231,0.9410746357439916,-1.1104478087209726,-0.049810391712187416,-0.4855237417756677,7.851679540089318,-0.11667789135306086,False,9.319965018828385e-32,2.7883428198146234e-31
US500,07:00,240,none,fade,640,-0.11283374568060611,0.9203773974302344,-3.1014375996207386,-0.1225950854460863,-0.49166362834807015,6.484929744625729,497,-0.11131159011817389,0.937542205592347,-2.6468403922189827,-0.11872701778566469,0.39857222518282887,7.454052204229124,-0.11550368129092328,False,1.5098097852511742e-32,4.938139806707699e-32
US500,07:00,240,day,follow,333,-0.2227253329582064,0.997724476952918,-4.073625558442537,-0.22323330548972456,-0.9960367959519804,6.951320225535953,286,-0.042775175421898265,0.9211337083083929,-0.7853299140481382,-0.046437531311770495,0.3495120187193807,4.07087821588436,-0.2409293334114261,False,1.301965728260538e-28,3.040278328556684e-28
US500,07:00,240,day,fade,333,-0.019928490762259898,0.995822581276884,-0.3651863670493448,-0.020012089640211596,0.949918626641846,6.827871468872253,286,-0.11011514304161471,0.9197140109941329,-2.024777290597509,-0.11972759110474959,-0.38194462260179335,4.148218120716771,0.013210842963705702,False,6.875305122640354e-11,1.0856617173128233e-10
US500,07:00,240,recent,follow,314,-0.1602114501649082,0.9847578943044011,-2.882895528287061,-0.16269120673368762,0.3505033622025732,7.918306039537618,248,-0.1560669686003234,1.0868179269593623,-2.2614138194613163,-0.1435999211357865,0.7056134619482135,7.582626047856495,-0.18265118610709852,False,2.3049047908615132e-17,4.0093270033735456e-17
US500,07:00,240,recent,fade,314,-0.07770845424977754,0.9832098018435245,-1.4005121948561428,-0.07903547554557909,-0.4183258256090869,8.042876105385142,248,0.002564980272863316,1.0927929104959933,0.03696340756098777,0.002347178727302624,-0.8062333739808449,8.02134262936404,-0.04474368084377082,False,5.875610732835427e-14,9.893030296557984e-14
US500,07:30,60,none,follow,695,-0.3313783413311459,1.0137764283317665,-8.617361916039513,-0.3268751689920923,0.258310517808141,5.341074198837416,504,-0.2388945424376175,0.8803786972974925,-6.0918888572537355,-0.27135429693034885,1.490364605189106,17.648737285713946,-0.374938919561429,False,1.9264661200110685e-57,8.512170293305311e-57
US500,07:30,60,none,fade,695,-0.45318228040722625,1.01446640514659,-11.776809584509904,-0.4467198500691027,-0.27939326717205715,5.6059585341946985,504,-0.23563177155530463,0.8793307375348642,-6.015848105595734,-0.26796717264300357,-1.3953389156967337,15.911039065125701,-0.4693857482315224,False,6.583626196972586e-86,4.4211261714954e-85
US500,07:30,60,day,follow,358,-0.46733128435513316,1.0662111650735524,-8.293219154312805,-0.4383102519123352,0.6199923169241279,5.5735403049115195,288,-0.2753199025053084,0.9778937479680544,-4.777956389515213,-0.2815437802699834,-1.569249900751545,16.97333126725138,-0.4526010054629299,False,2.4012832659915388e-33,4.938591305093252e-33
US500,07:30,60,day,fade,358,-0.31350851893546156,1.0677625233743107,-5.555410891027095,-0.2936125890096999,-0.5762310550594083,5.395459436500998,288,-0.1904101037391487,0.9790634000032109,-3.300467174483968,-0.1944818933467682,1.6919724565844068,18.474103626017587,-0.378901668874267,False,2.1682467187157782e-35,5.57172261088458e-35
US500,07:30,60,recent,follow,351,-0.4033011580581023,1.0568384266906043,-7.149479602226682,-0.38161098979056246,0.5819894253928225,5.117331872446104,254,-0.33147581209456844,0.8994275029921143,-5.873575263699188,-0.36854088961239456,-1.1254412676448031,14.959151152421635,-0.445996633697706,False,1.0881585579902355e-30,2.2188074376471148e-30
US500,07:30,60,recent,fade,351,-0.38413286913904376,1.065859102850133,-6.752043471255126,-0.3603974184879251,-0.6110341310732316,5.124215705828805,254,-0.12769391114190906,0.8879319039637101,-2.291961862070411,-0.1438104775511343,1.2575717325375095,15.345006803769627,-0.3943849835430624,False,1.447591813689136e-42,4.078653999937893e-42
US500,07:30,120,none,follow,670,-0.21775574907848103,0.9622279569954432,-5.85772609358744,-0.22630370225203533,-0.14861434140276755,8.706347839613848,501,-0.18007295075925978,0.9390005444229491,-4.292412985623719,-0.1917708693874308,-0.7294358032302116,7.915138926889128,-0.22993222585010945,False,2.341883844598786e-45,9.216608528080641e-45
US500,07:30,120,none,fade,670,-0.28105626143539525,0.966945989705659,-7.523647676203639,-0.29066386791774124,0.005933227436204729,8.711919405729114,501,-0.13335000613737558,0.9374404478364369,-3.183964484886954,-0.14224904253399814,0.6780009297898956,7.717657291707362,-0.31600584874350984,False,3.0571187640380756e-51,1.2348455480559974e-50
US500,07:30,120,day,follow,346,-0.37179265732787115,1.0239971952300821,-6.753673959273371,-0.3630797614092419,-0.23703809676673762,10.430485929644469,287,-0.13781867498325767,0.9785369980393902,-2.3860072984976894,-0.1408415576103847,0.7332668064349134,8.587305357291278,-0.33625810389253663,False,4.58138770357762e-32,9.856300596144228e-32
US500,07:30,120,day,fade,346,-0.12420506746927218,1.013640791865164,-2.279256935440712,-0.12253361197187704,0.06444181319172304,10.690030101832248,287,-0.17006108823838584,0.9838000942086927,-2.9284582875975813,-0.17286142707190158,-0.749773713319823,8.688088207477026,-0.19816777972082394,False,4.084164573009004e-17,7.38543430630814e-17
US500,07:30,120,recent,follow,338,-0.27331119211938976,0.9896942081393565,-5.077088548202627,-0.2761572108552801,0.34586063319748617,7.3912333177250735,253,-0.2831750317190943,1.0394259732197186,-4.333328903546797,-0.2724340540018769,-0.8699981479727238,7.85973543201879,-0.22551256263303904,False,1.2178275419996647e-24,2.3573766420685955e-24
US500,07:30,120,recent,fade,338,-0.219213215635913,0.9872955110501955,-4.082046245263984,-0.2220340447033268,-0.5005856465302897,7.918390326384642,253,-0.02726065155284595,1.0343112363389038,-0.4192231428718299,-0.026356333176210115,0.8344089124188762,7.747415356163319,-0.3087978346695772,False,1.6353770806157904e-25,3.4687030588211555e-25
US500,07:30,240,none,follow,659,-0.15873228962972405,0.9380883534295219,-4.343744218864064,-0.169208251066566,0.15849174877784405,6.858044591600441,500,-0.04329088784632248,0.9238624764209085,-1.0477898009854247,-0.04685858442268771,-0.42557470155058263,5.088095747156208,-0.11660128545301868,False,2.6258976100391342e-36,8.784121762718276e-36
US500,07:30,240,none,fade,659,-0.06978660046400861,0.939168405986395,-1.9075295564811603,-0.07430680165471788,-0.22673351676142414,7.013093295407629,500,-0.10167474448790026,0.9195997079696044,-2.472289174295624,-0.11056413307523681,0.3894323791863659,4.977134618679356,-0.09156071081975134,False,2.228442628509453e-26,6.423995668208531e-26
US500,07:30,240,day,follow,340,-0.16924293947414148,0.9995636424468748,-3.122047938328662,-0.16931682214835708,-0.7640766051878694,7.970078165979077,287,-0.11050222695507067,0.9468940101552292,-1.9770179367258762,-0.11669967891861041,-0.014419154416328642,3.6370292470985217,-0.17985677102905537,False,1.6474883312187667e-22,3.4029470822807337e-22
US500,07:30,240,day,fade,340,-0.05603154929986277,0.9954672562145808,-1.037875141660569,-0.05628668240975747,0.7034930271657946,7.773438979486048,287,-0.031776574503088156,0.9420111053642011,-0.5714681154560176,-0.033732696273047307,-0.003873589168704499,3.7031057461238865,-0.024974813010008465,False,8.319829465188642e-13,1.3715448169243885e-12
US500,07:30,240,recent,follow,328,-0.12234704244009446,1.0072942128380156,-2.1997537078777247,-0.12146107947486964,0.5146272668949471,8.56789079053151,254,-0.08470194198145076,1.0287615727891335,-1.312186278973904,-0.08233388981648153,0.44559622269567617,4.670766761320392,-0.15426467102009397,False,1.2207346593462638e-15,2.0890025550003043e-15
US500,07:30,240,recent,fade,328,-0.09668860605562066,1.0054064731050671,-1.7416887392802645,-0.09616867271304756,-0.5923725532987912,8.58641199850712,254,-0.057709539947630666,1.0372162903779212,-0.8867376353156905,-0.05563886769133134,-0.4925228523225464,4.869572986882195,-0.04729657928702832,False,8.061526640689014e-16,1.433876613449275e-15
US500,08:00,60,none,follow,721,-0.34364945061107766,1.098678544357322,-8.398711105155778,-0.3127843465916569,-3.8721507902526064,56.74592046187856,507,-0.20348888368211973,0.9879280823089458,-4.637878192873263,-0.2059754017787749,0.6083115236902762,11.89969772716635,-0.3690729729957171,False,2.154841512491685e-59,1.0371376738389268e-58
US500,08:00,60,none,fade,721,-0.3684064699549244,1.0987327694282274,-9.003322431590218,-0.3353012490440605,3.662847607684062,53.16766960716102,507,-0.22916500087730238,0.988513907154405,-5.219987787245881,-0.2318277964717668,-0.5330069582850842,10.933975658947888,-0.39795643690107246,False,3.723821181449461e-21,6.2069794364768456e-21
US500,08:00,60,day,follow,369,-0.3798454432562403,1.2083005036225987,-6.038723538309797,-0.3143633906610383,5.249179890048788,69.34398518546247,293,-0.28866318468127466,1.050141734529335,-4.705191354734609,-0.27488021396526174,-1.4285695339433206,12.87365741762645,-0.40793974107972925,False,1.0700055202428296e-09,1.331573799257772e-09
US500,08:00,60,day,fade,369,-0.3269122467758777,1.2196349972056149,-5.148900455399168,-0.26804105123654837,-5.447717323429828,71.6557867882274,293,-0.13674407536039274,1.0647569395853331,-2.1983247519630047,-0.12842750328882324,1.4746433128930023,13.182968775945207,-0.34336601669181777,False,3.0172480786416066e-38,8.772533574702581e-38
US500,08:00,60,recent,follow,341,-0.3844389781952478,0.9705174931960979,-7.314779447579804,-0.3961175155423705,0.10765950334988814,4.068714998570801,250,-0.36386853948683784,1.1996939546403516,-4.7956120359140675,-0.3033011361601131,-1.3836759654358246,9.022165749361536,-0.3308847918929803,False,3.1912648683648365e-36,7.333577773671291e-36
US500,08:00,60,recent,fade,341,-0.3121259572684607,0.9656863050676632,-5.968579794029763,-0.3232167170959216,-0.18969936753915045,4.4264049093494835,250,-0.05675330665893942,1.1846076114494515,-0.7575070092984441,-0.04790894985850861,1.5284648201693134,10.11618387519043,-0.4259403114280395,False,2.207035928618466e-33,5.1515441253191166e-33
US500,08:00,120,none,follow,701,-0.22769915502092752,1.0768908930205858,-5.598204044764318,-0.21144124859506527,-1.2795952597683888,21.831008864142955,505,-0.0927220595464952,0.9569658865861648,-2.177370337216374,-0.09689170831080253,-0.3945143648743165,6.5555904095487785,-0.20930410197038296,False,1.3901042741316912e-49,6.509294717811558e-49
US500,08:00,120,none,fade,701,-0.19209613853148488,1.0782440963119182,-4.716942203796188,-0.1781564482370369,1.1381926160809834,20.66659873631934,505,-0.15412617986353538,0.95486890189639,-3.6272572195429147,-0.16141082776644786,0.25472662391989187,6.383216982190098,-0.21642870297611555,False,9.880321259362084e-32,2.7656691354914272e-31
US500,08:00,120,day,follow,355,-0.23263730948677952,1.2350216869468034,-3.5491059073849938,-0.18836698330528992,0.913556967960574,22.914466458845542,292,-0.07765853922025673,0.9346608775055932,-1.419798059215956,-0.08308739681873761,0.06987247403134017,4.52755303558372,-0.29760378216831535,False,1.65761827710765e-17,2.8199925877325593e-17
US500,08:00,120,day,fade,355,-0.1855046559904122,1.237700248974011,-2.823927305000756,-0.1498784993734839,-1.0542965446129808,23.93766382468102,292,-0.1629812089179087,0.9316539103298297,-2.9893333650432603,-0.17493750319816628,-0.13300643735758494,4.480167748455971,-0.12494768164239287,False,9.108222480606328e-21,1.8181041369020312e-20
US500,08:00,120,recent,follow,340,-0.22310012600229398,1.1775065013756425,-3.4936223752528015,-0.1894682753272728,2.585377440414025,26.951871502108308,245,-0.2421910449567126,1.0432200700958174,-3.633834882132046,-0.23215719472734828,-0.34686716554314356,6.569189081315539,-0.14174625871493357,False,8.738767410810698e-14,1.3116632955373048e-13
US500,08:00,120,recent,fade,340,-0.18141538879681307,1.192570753561801,-2.804977796502062,-0.15212127939158943,-2.6471976966492146,27.61606786159835,245,0.00301300293001793,1.0420675731957958,0.045257099240551636,0.0028913700104665017,0.16595766353042113,6.909986671580846,-0.2766432428166583,False,1.8429990124595761e-25,4.3438801219745195e-25
US500,08:00,240,none,follow,693,-0.13029611322878482,0.9150706509635637,-3.7483786159929764,-0.14238912928917982,-0.0020981728691775834,4.713065575173363,504,-0.045610131540904174,0.9333577012946918,-1.0970551934485386,-0.04886672224125523,-0.4675186825434798,4.422030729143147,-0.10698915361695018,False,6.058622228929592e-36,2.1392881130038524e-35
US500,08:00,240,none,fade,693,-0.08830640681131122,0.9165650708195175,-2.5362702538565354,-0.09634494006230769,-0.03788735148046059,4.795197650631814,504,-0.09136493261849553,0.930535881857693,-2.2042542261237212,-0.09818528699408927,0.44507508376276894,4.363576917687486,-0.08698231688343408,False,4.357478692514918e-30,1.3848011552283893e-29
US500,08:00,240,day,follow,352,-0.12459591205803587,0.9776491961550201,-2.391068828471351,-0.12744439677141556,-0.4249794422821289,5.4697638547109575,292,-0.10530655452424363,0.9717032871201879,-1.8518813472951345,-0.10837315867926922,-0.098051563871932,3.795803317266388,-0.15428213189288792,False,4.898152756535218e-19,9.466569089509621e-19
US500,08:00,240,day,fade,352,-0.09112000318677338,0.972134695608866,-1.758565766299372,-0.09373187028336977,0.38332187301285797,5.404960600235503,292,-0.029399842511004973,0.9719767401118525,-0.5168690857702325,-0.03024747537438161,0.09605375658814067,3.8053936569782443,-0.03637065747859719,False,1.8044035886668287e-15,3.1742975164911703e-15
US500,08:00,240,recent,follow,327,-0.10689731973731424,0.9000497316707606,-2.1477028118807024,-0.11876823688273419,0.6375475018018968,5.545847981335112,249,-0.0777799223564623,1.0005843564717336,-1.2266296837357973,-0.07773449769965456,0.3067528467080291,4.428874530094565,-0.12196032900597073,False,2.0293560887761287e-15,3.4543030789268884e-15
US500,08:00,240,recent,fade,327,-0.09643735971036269,0.8993840118293228,-1.9389831053651483,-0.10722601073840717,-0.6641416651729265,5.693090300916382,249,-0.052440716635833724,1.0092902084704747,-0.8198836606614741,-0.05195801583699581,-0.33933112308820323,4.56822290229739,-0.06635691111315561,False,8.728559384739564e-17,1.5900144012548207e-16
US500,08:30,60,none,follow,736,-0.3552269777867972,0.9829435479405141,-9.804292778792105,-0.36139102650511,0.2170757344502678,9.354812438658003,507,-0.2352493530414657,1.0477268722111424,-5.055735378556145,-0.22453309090468498,-0.4377456991318354,8.18827020513056,-0.3532308619454095,False,9.840151846399789e-60,4.282822879481103e-59
US500,08:30,60,none,fade,736,-0.3300403767135348,0.988689229177551,-9.056203614105241,-0.3338160940501815,-0.38596763292438246,9.565118130070495,507,-0.18997729590093876,1.0459318746895838,-4.089802001181179,-0.18163448356263265,0.474167977841471,8.06349554980636,-0.3766124018670827,False,7.923032745742743e-67,4.420228477794049e-66
US500,08:30,60,day,follow,370,-0.4210083465833712,1.0814707939228587,-7.488188571718408,-0.3892923867654643,-0.45737150560544365,11.195062020587407,276,-0.1579688448842673,1.1331913423617963,-2.3159156401219905,-0.13940174000538055,-0.10058076579798741,8.347788303231528,-0.40493047904980217,False,4.347169047853943e-37,1.0283145177306295e-36
US500,08:30,60,day,fade,370,-0.25369211557332805,1.0749272671040155,-4.539716709966645,-0.23600863364160943,0.22008891924311852,11.059766550013114,276,-0.25710259356330506,1.153519490357982,-3.7028495084175823,-0.2228853484595359,0.1796513774855101,7.897958491565751,-0.3030066003815125,False,4.209054310188727e-24,8.392588489445746e-24
US500,08:30,60,recent,follow,381,-0.3649170456873696,1.0798070233275283,-6.596453269477424,-0.3379465384128017,1.088289062526119,10.334238406058727,229,-0.19103741531981325,1.0817426518876867,-2.6724661988830025,-0.17660153733093992,0.4427503265905712,6.627779902025679,-0.39003516034061547,False,4.714437448373209e-25,8.684038335529797e-25
US500,08:30,60,recent,fade,381,-0.28795227593886874,1.1089883776677223,-5.068226421400171,-0.2596531052421414,-1.2461370396061773,10.80178668772031,229,-0.22124307047683073,1.1100269230141784,-3.0161567340419606,-0.19931324717428028,-0.3215488589596697,6.596538552277369,-0.31405180895796825,False,5.584773733191413e-37,1.5873855435995274e-36
US500,08:30,120,none,follow,728,-0.22867048870883067,0.9581685951829126,-6.439229102552546,-0.23865370860456753,0.24157534503105055,7.59997227526063,507,-0.09452046935830949,0.991630366671097,-2.14624863277906,-0.09531824814483514,-0.5423655087982989,8.599340174176138,-0.20860948996515072,False,1.6620212546598634e-47,6.786578479158929e-47
US500,08:30,120,none,fade,728,-0.1660600497213248,0.9626030188195644,-4.654613598188987,-0.1725114574489528,-0.3058850993101679,7.60265213815823,507,-0.1342185955234122,0.9861216399167035,-3.064687383016362,-0.1361075450435805,0.39827271477358295,8.35951119507231,-0.18213887257708344,False,3.4672535726274528e-43,1.461932849246105e-42
US500,08:30,120,day,follow,365,-0.267177854259286,1.0499367738582968,-4.861650592252211,-0.2544704223259688,-1.3275580977987027,8.530689740910788,276,0.003349000424827141,0.9184426417908255,0.0605783868909859,0.0036463903922155576,0.5119964118335909,4.966013812066452,-0.2528044607744854,False,2.420443993086578e-37,7.0188669843110485e-37
US500,08:30,120,day,fade,365,-0.12339451286674259,1.048489817048976,-2.2484232272660925,-0.11768785052585656,1.2596262023501525,8.489976324161455,276,-0.22405708829645493,0.9177526490935921,-4.055903206898778,-0.24413668379790823,-0.5068525203309531,4.9200788420431785,-0.1330005230565884,False,7.1640909568217e-16,1.2424936997429867e-15
US500,08:30,120,recent,follow,327,-0.244318784311708,1.0081282633498918,-4.382429562251025,-0.24234890856037047,0.5604320500038914,7.880405278040195,215,-0.18098286320121576,1.15024339439086,-2.3071027490313862,-0.1573431015416174,-0.07089665005120865,8.840324284408304,-0.1536401209639504,False,3.1627173271276392e-21,5.7339464048112186e-21
US500,08:30,120,recent,fade,327,-0.13494693912380565,1.013967532347267,-2.4066496145409664,-0.13308802779060638,-0.6053081974817184,8.253106555557455,215,-0.03625862976868064,1.150534678471705,-0.4620946117668758,-0.03151459095248153,-0.15569247394829142,9.154590476786309,-0.22632026846558176,False,2.0356351547264692e-18,3.813891553394674e-18
US500,08:30,240,none,follow,720,-0.11039464448855883,0.9561105396285301,-3.0981764454672365,-0.11546221897255685,-0.07300542652848908,5.1661877600666095,504,-0.04006365631645905,0.9361645021887803,-0.9607572723415835,-0.04279553029706749,-0.7069230751958206,5.722486272440999,-0.08932449979086624,False,8.140665261241492e-34,2.8506817798848467e-33
US500,08:30,240,none,fade,720,-0.1025490534782329,0.9566917177432915,-2.87624508944002,-0.10719132566563079,0.05081305201171741,5.197185876141187,504,-0.09103464247995889,0.9327832187834746,-2.1909942350701574,-0.09759464004796875,0.6989220308083689,5.706820194067952,-0.09637439503834416,False,2.6913763390649425e-32,9.080172524449673e-32
US500,08:30,240,day,follow,361,-0.1253607532169281,1.0323599833486052,-2.3071935657518936,-0.12143124030273124,-0.56803849475761,5.621952089457079,274,-0.09630225777494913,0.9763710816778638,-1.6326640973315651,-0.0986328452184969,-0.26286686088191946,3.961906951139718,-0.1544267503157593,False,2.6054448921952684e-19,5.132909644100436e-19
US500,08:30,240,day,fade,361,-0.08307480376060083,1.0288478809080834,-1.5341638941397897,-0.08074546811262051,0.5386195769818313,5.569853811521261,274,-0.03091709095214153,0.9748939116973749,-0.5249483159093645,-0.031713287549731635,0.2657408025829185,3.972323056624594,-0.02769482831538823,False,6.41812911706846e-15,1.1227569756180757e-14
US500,08:30,240,recent,follow,334,-0.10545522552338216,0.9900617854013489,-1.9466104046250654,-0.10651378235009137,0.05329956364458791,6.257511278190034,240,-0.04714291917836708,0.97769362373718,-0.7469977769579867,-0.04821849916353742,0.8226025483896362,6.091322982830875,-0.15792421365876155,False,6.876342012281592e-16,1.2100785271588149e-15
US500,08:30,240,recent,fade,334,-0.09522663680239374,0.9902917900837708,-1.7573914173254588,-0.09616018001556725,-0.07335777198063513,6.246451432497187,240,-0.07740380379335779,0.9844238984805804,-1.2181079451138295,-0.07862852975514666,-0.844773522767925,6.148810210077911,-0.024453352235972708,False,1.9112678000360924e-15,3.3482847698823067e-15
US500,09:00,60,none,follow,748,-0.3089614233943322,1.0582837497483275,-7.984595666691563,-0.2919457314428261,0.07004874749683015,12.703939279699497,509,-0.12511667431315077,0.9890243338746463,-2.8540863343545997,-0.1265051526315718,-0.2336017772486437,8.14195238319066,-0.27138048665463327,False,1.2485249844939025e-52,5.229821924229638e-52
US500,09:00,60,none,fade,748,-0.22822313224298468,1.0544632672016594,-5.919417948663452,-0.21643535563703847,-0.1464441614553726,12.611820518379956,509,-0.1799994596516937,0.983109253280659,-4.1307442665189384,-0.18309202059794596,0.03432407232601837,8.137008356731943,-0.2533589463451616,False,4.60692753295295e-47,1.962293863154078e-46
US500,09:00,60,day,follow,381,-0.2989590970501096,1.1878552204720165,-4.912592606561602,-0.2516797433708399,-1.8244509933800366,13.938190514372478,291,-0.10353749959840892,0.9231891731935231,-1.9131695700288862,-0.11215198640192992,-0.12265472931000464,4.489227659169397,-0.3147059930419477,False,1.9940331150026072e-40,6.377041631010465e-40
US500,09:00,60,day,fade,381,-0.22951602642162258,1.1881867069986791,-3.770429415092054,-0.19316495048271715,1.7579539467427279,13.894235711680448,291,-0.19799419175993394,0.9095792223289104,-3.713286114679258,-0.21767668708722746,0.07437701385899143,4.5028157443077985,-0.20675007336407178,False,7.163960411174223e-18,1.227667364837372e-17
US500,09:00,60,recent,follow,344,-0.3067393558602231,1.0385132660328322,-5.478184741285478,-0.29536392638678693,0.4586416531053255,7.210945809358889,240,-0.1372723155358286,0.9808688492825332,-2.168091656104595,-0.13994971461907257,0.4799694802801802,7.308884779089637,-0.2256980255093549,False,1.7515815985743411e-25,3.402412132775073e-25
US500,09:00,60,recent,fade,344,-0.23376566375305355,1.052460727551858,-4.119590453574108,-0.22211343153565336,-0.47364776501719735,6.226214615571856,240,-0.16045970475824842,0.9984153776329592,-2.4897764124563295,-0.16071437635372354,-0.6731483824247959,7.918477192490837,-0.30047280579610847,False,2.600234269984614e-26,5.655560321584159e-26
US500,09:00,120,none,follow,739,-0.18977872510157248,0.9130035361092796,-5.650635380569123,-0.2078619825617602,-0.018363175279472805,4.348670488548049,508,-0.05608143252408643,0.9768099234706336,-1.2940197110024223,-0.057412840693537893,-0.42290343841335337,8.756739789330748,-0.1536614105025204,False,3.7436284417369723e-48,1.6902533476859293e-47
US500,09:00,120,none,fade,739,-0.10974421017932098,0.9148243142929422,-3.2611151772849722,-0.11996206098232216,-0.029335884072446795,4.329128509279702,508,-0.12883994920359207,0.9713532675921337,-2.9895456924792225,-0.1326396415209171,0.31269136071834397,8.320733900613206,-0.10369919111627607,False,3.268843069216475e-35,1.193503519443017e-34
US500,09:00,120,day,follow,377,-0.19203257838059107,0.979415116976161,-3.806964134186681,-0.19606862815582327,-0.4835689363365254,4.259304068068948,291,-0.11512564679201069,0.9288272255810502,-2.114382914477923,-0.12394732154840861,-0.0008426895414844907,3.4252549998367807,-0.19172012704227523,False,8.265078518294954e-27,1.8982161364302758e-26
US500,09:00,120,day,fade,377,-0.09804280087798217,0.9846659835289592,-1.9332919820396286,-0.09956960280744655,0.4141056887837207,4.144259812977633,291,-0.06809597232941762,0.921765498250647,-1.2602232031140899,-0.07387559250010128,-0.014928205509838425,3.399117195652221,-0.061789664729136176,False,8.580040653123711e-17,1.579937086821348e-16
US500,09:00,120,recent,follow,332,-0.23134417922302636,1.0087185373840353,-4.178858027530472,-0.22934462949692966,-0.03867994862041587,4.295478254823967,236,-0.1526194841191942,1.0783511488489113,-2.1742314694715463,-0.1415304136153685,0.6721821245679364,8.608030459370466,-0.10713956718135187,False,2.5660112865208684e-24,5.1928170680772106e-24
US500,09:00,120,recent,fade,332,-0.052610338739272657,1.016561702724027,-0.9429884981424397,-0.05175321733869719,-0.001330749722280976,4.209461421616409,236,-0.026052865465014615,1.0851932226322156,-0.36881147543659415,-0.024007582172160532,-0.8136327125496639,9.281135973430601,-0.14609355875898591,False,9.502431597210308e-13,1.5715584627381393e-12
US500,09:00,240,none,follow,735,-0.12165555281720605,0.9661302941701494,-3.413814399719063,-0.12592044111576192,-0.22011131297264522,4.341541858189053,506,-0.04613710621349969,0.9261653281551336,-1.120565097121885,-0.049815194772408575,-0.7861887259324065,5.9266594354192765,-0.09401516615656655,False,1.0877928554355138e-36,4.13332262483147e-36
US500,09:00,240,none,fade,735,-0.08800711197220835,0.9667543575866991,-2.4680008260518718,-0.0910335818830957,0.19539766241621737,4.348680041524777,506,-0.08199094493223172,0.9224463362401534,-1.9994016204714173,-0.08888424368015037,0.7733621173781889,5.877796317683602,-0.08732130299604898,False,1.64858921839624e-30,5.4083087310114354e-30
US500,09:00,240,day,follow,374,-0.11190824578267508,1.0407861485716827,-2.079392079447014,-0.1075228046955196,-0.19788600527561628,4.404651929514227,289,-0.06067067083307994,0.9241152728735086,-1.1160960482291862,-0.06565270871936389,-0.13106605054952145,4.011448595026238,-0.11269900126657333,False,3.677329206397e-18,7.07044026233121e-18
US500,09:00,240,day,fade,374,-0.09122076024515008,1.0370491458159417,-1.7011011977603097,-0.08796184887976388,0.17217234650394314,4.343042312625739,289,-0.06669776999800918,0.9198026133921345,-1.2327232750346218,-0.07251313382556598,0.12895099653488776,3.997623712109133,-0.06470182930646329,False,2.86138282355555e-16,5.242843041192216e-16
US500,09:00,240,recent,follow,335,-0.18964473960958408,1.0342639875506523,-3.356076108584384,-0.1833620254522266,0.1504272570821954,4.3044285671879035,233,-0.0438738196639053,0.9994949951660667,-0.6700431667881682,-0.04389598734970718,0.3031031236817593,6.054638791785686,-0.07996534098454774,False,1.3049291415281775e-20,2.478456188674472e-20
US500,09:00,240,recent,fade,335,-0.00815005466361752,1.0371643256852257,-0.1438253219270412,-0.00785801676916819,-0.16649427876193,4.416997872435712,233,-0.07659973192345179,1.0049880667817312,-1.1634408415961004,-0.0762195437491579,-0.33719786633463905,6.090236456599532,-0.09613244080176042,False,1.6656402614139102e-10,2.621415020026332e-10
US500,09:30,60,none,follow,763,-0.28676368589784623,0.9510359952666436,-8.328934912850144,-0.30152768909387684,-0.6962372720260427,9.711137498835823,510,-0.10937975907424399,1.041957523906458,-2.3706750851695197,-0.10497525721025801,-0.41624275395989163,10.478351200029051,-0.26179987440354896,False,2.255392595154996e-70,1.5147544205535793e-69
US500,09:30,60,none,fade,763,-0.21114207961346687,0.9520966873501235,-6.125704030811752,-0.22176537574258107,0.6482498946434112,9.833958656338458,510,-0.17331310696811514,1.0312231118129542,-3.7954550994965928,-0.1680655766756623,0.19601436945563508,10.231576593526395,-0.21782952930552132,False,2.52610375920813e-43,9.424591883205594e-43
US500,09:30,60,day,follow,390,-0.283920996627558,0.9757382133734722,-5.7464085617069465,-0.2909807084893628,-1.4155914629013142,13.018891268525561,279,-0.03049769534383156,0.9750922310958571,-0.5224243693122187,-0.03127672887882281,0.3967062870783382,5.111288481388102,-0.26749107006978884,False,1.2443822237427287e-41,3.828658330170621e-41
US500,09:30,60,day,fade,390,-0.2004358757897379,0.9864082411417795,-4.012832845138582,-0.20319768978990985,1.33351408556222,12.918010215448888,279,-0.24404247493621253,0.9691594918788086,-4.206029058228307,-0.2518083731121622,-0.43954974898193677,4.927289308385943,-0.216505655068686,False,1.1072288709455104e-19,1.9927703895037108e-19
US500,09:30,60,recent,follow,368,-0.24820169744174195,1.0564123560223024,-4.507079145544194,-0.2349477417855022,-1.2877533051473624,11.25964760168317,255,-0.16697425590367532,1.0949260231242108,-2.4352010884963975,-0.1524982075293441,0.6126196056412849,9.344108433789957,-0.23545797773049681,False,3.910201241322708e-33,1.032144238919562e-32
US500,09:30,60,recent,fade,368,-0.2625811878928892,1.0619088953718052,-4.743514792329533,-0.24727280187341483,1.3090023582344803,11.259574519625488,255,-0.10509818466970265,1.1041581899557098,-1.5199664668428505,-0.09518399231718634,-0.8391731309759273,9.903483060172146,-0.24930435839035175,False,2.1869764539428433e-20,3.846424999551461e-20
US500,09:30,120,none,follow,758,-0.1906267199925539,0.9280507051955821,-5.655183128676972,-0.2054055009336804,-0.5600514522872341,5.436261492587926,509,-0.03919952121073255,0.9278818321752601,-0.953118682242627,-0.042246242841974806,-0.38972935510748985,5.0996930196701715,-0.14066944743766355,False,5.725369033268212e-54,3.1481588404391246e-53
US500,09:30,120,none,fade,758,-0.08112283587900808,0.9277602248137468,-2.4073651969102743,-0.08743944147346257,0.5143722441448322,5.378388986014791,509,-0.1269374488327262,0.9225849012523722,-3.1041472468440423,-0.13758890770964674,0.3524533194020856,4.983932631813234,-0.08605409060608465,False,4.007301857212224e-30,1.3067224508222322e-29
US500,09:30,120,day,follow,388,-0.13033886249157398,0.9641990013589887,-2.6627053562969363,-0.13517838361984205,-0.3202342714907788,4.413382393791502,279,-0.12580673552292104,0.9393577352986476,-2.237046331744334,-0.13392846068694333,-0.07891630910311118,3.285790600981166,-0.14108538687231584,False,2.8860732085089536e-21,5.996783886801527e-21
US500,09:30,120,day,fade,388,-0.13187485457359716,0.96945220709967,-2.679485756628675,-0.13603027937615395,0.2574136442999542,4.230093580100045,279,-0.03796219785403642,0.9349575537346976,-0.6782058870013137,-0.04060312439040257,0.08154275708025445,3.3188853439438732,-0.08344151955880738,False,6.74311968835641e-20,1.3297127632077018e-19
US500,09:30,120,recent,follow,320,-0.1725147899809341,1.0670518079299216,-2.892116725015119,-0.1616742398999468,-0.17979058246318455,5.725016759519258,227,-0.09003844766449784,1.0135331939664174,-1.3384524612994744,-0.08883621000328204,0.4750513791847611,4.812781418922549,-0.05256165610123894,False,3.49064396799272e-19,6.481909115107316e-19
US500,09:30,120,recent,fade,320,-0.09504689970111865,1.0751321892138854,-1.5814340295230433,-0.08840484979862336,0.15268687362908467,5.487597472305879,227,-0.07256126799152914,1.0157180839156872,-1.076327922823009,-0.07143839333036066,-0.5465924110840601,5.090192478456398,-0.17350309077155612,False,3.4010368140860867e-14,5.716872338915009e-14
US500,09:30,240,none,follow,741,-0.11957785666971169,0.96447200534379,-3.374972530707817,-0.12398271386538344,-0.2701148979344588,3.8539145931412184,499,-0.035167666950350625,0.9240422375549997,-0.8501626231609892,-0.03805850590055676,-0.6989515031765714,5.042768546994528,-0.09218333552221714,False,5.760173433297928e-37,2.2244858076169122e-36
US500,09:30,240,none,fade,741,-0.08798273807489809,0.964199417723341,-2.4839320573154318,-0.09124952417275065,0.25564866773990913,3.8767656148755303,499,-0.09028028983663075,0.9214727324028332,-2.1885714477368645,-0.09797391356466488,0.6864515667650997,5.043153437650809,-0.0852592335968509,False,1.2110471256515124e-30,3.9925734251423055e-30
US500,09:30,240,day,follow,382,-0.0784162419965434,0.9784383635092664,-1.5664056260067778,-0.08014428391308755,-0.001134867969691052,3.803928274118233,276,-0.07628033196931637,0.9617063623416249,-1.317724516794976,-0.07931769504319809,0.08590223555889578,3.804922881296396,-0.08813155011572678,False,2.7723956236876507e-16,5.140657565009477e-16
US500,09:30,240,day,fade,382,-0.12324023094841785,0.9787465614720039,-2.4610131577181646,-0.1259163871422122,-0.013230120362443018,3.7679026275776097,276,-0.04825501614239777,0.9576298938798987,-0.8371423472797501,-0.05039004781574799,-0.08708615374004634,3.817348544562382,-0.0868614737357937,False,1.501914408589024e-19,2.9664012038053616e-19
US500,09:30,240,recent,follow,329,-0.17524737669090798,1.0294982512971613,-3.087620113513965,-0.17022600715455066,0.0163206578239001,3.177413773134634,229,-0.13231975336371002,0.970369977057247,-2.0635028486225853,-0.13636010644618676,0.3234451656765872,5.553623066744892,-0.053013289947345985,False,5.493575085144228e-20,1.038094645877553e-19
US500,09:30,240,recent,fade,329,-0.020085849745747977,1.0328540981728849,-0.3527355092439523,-0.019446938131222766,-0.020725871448885082,3.2464443197472255,229,0.009950040641640309,0.9708599413460526,0.15509079200193585,0.010248688011419068,-0.3417871110961469,5.582566056618605,-0.12418113397762708,False,6.27930587625804e-11,9.941785627163128e-11
US500,10:00,60,none,follow,765,-0.21802194631842017,0.8771244293644498,-6.874952832648809,-0.24856444424469554,-0.08753437287108304,3.5598400324018336,515,-0.09638996401257707,0.8787610285025665,-2.489227809000124,-0.1096884828595873,-0.15469112779996405,5.918704300174059,-0.17534388273878723,False,5.6697556882337036e-58,3.1048719985042216e-57
US500,10:00,60,none,fade,765,-0.15837460002825,0.8785961796871222,-4.985709133357726,-0.18025869414165782,0.07339407652026105,3.495322132145672,515,-0.13937580263928967,0.8719793994669437,-3.627310817876198,-0.15983841215112712,0.12026880252013127,5.678222613553373,-0.13045165938115755,False,5.247850985092081e-45,2.3050038132296366e-44
US500,10:00,60,day,follow,384,-0.19459322342562935,0.9214693906409335,-4.138208905362811,-0.21117708889958772,-0.1813467264945584,3.6074357463199807,293,-0.12117329680862335,0.8720511324796432,-2.378476056386657,-0.1389520548687,0.2574370184839806,3.240611254988379,-0.20979259908270653,False,2.895709609823273e-27,6.596152025022529e-27
US500,10:00,60,day,fade,384,-0.17545603472403495,0.931565892995699,-3.6907985626984905,-0.1883452754585177,0.10258132195579014,3.5003047301638306,293,-0.10816107277013111,0.8712752931797486,-2.1249533358903014,-0.12414109939396263,-0.24195431994326497,3.126725107363516,-0.09214842196596278,False,4.630632182833591e-24,9.815388691773583e-24
US500,10:00,60,recent,follow,385,-0.17484524255345435,0.9365189157712429,-3.6632590481242726,-0.1866969685385005,0.09222562274114063,3.3244176372642427,251,-0.034844023316034235,0.9036784206041142,-0.6108734425052065,-0.038557989791037396,0.433342934472288,4.407382091462366,-0.10761451080402797,False,4.589351153088169e-24,9.752167841878257e-24
US500,10:00,60,recent,fade,385,-0.2011018133912576,0.9455357995752429,-4.173192084007297,-0.21268556249440507,-0.08920647187676468,3.28993226728386,251,-0.2135643917164511,0.9123711711525285,-3.708464702376993,-0.23407621642261187,-0.48599381452323653,4.836788862089162,-0.1908846851547438,False,4.621620777249533e-27,1.043552692744485e-26
US500,10:00,120,none,follow,763,-0.15868297560390146,0.9302673549559741,-4.711778040403359,-0.17057781804179434,-0.248876921739384,3.4953017836951856,514,-0.07752978416808808,0.9521288827696707,-1.8460964824834698,-0.08142782513073211,-0.6540890988507319,4.775742511574967,-0.12446885341446753,False,9.584020101107059e-46,4.443098350970718e-45
US500,10:00,120,none,fade,763,-0.11198136123271174,0.92970998083402,-3.3270591197852224,-0.1204476272614133,0.24835146278458237,3.576130695424538,514,-0.09029140877061288,0.9485876749717534,-2.1579953825817437,-0.09518509585663923,0.6757901212017062,4.8127123608971765,-0.1001964086192767,False,2.3968763697334915e-35,8.78505035139025e-35
US500,10:00,120,day,follow,383,-0.1372475828893983,0.9892411316709674,-2.715200632085219,-0.1387402711991644,-0.027515029385046456,3.5443469104893484,292,-0.15299831363424535,0.9763400393954947,-2.677792801630113,-0.15670597072816447,-0.34237150614634954,4.385019456704073,-0.13977885438461124,False,1.3055269085703465e-20,2.6331442447371188e-20
US500,10:00,120,day,fade,383,-0.13041313759404646,0.986768383663872,-2.586458440657809,-0.13216185252087462,0.021736472784745893,3.443344515271263,292,-0.01127293184639908,0.9767053385930526,-0.19722626284624692,-0.011541794030365163,0.36225074746089114,4.407905278808385,-0.0816678975438925,False,5.291164064812922e-20,1.0534014799703717e-19
US500,10:00,120,recent,follow,358,-0.15066776760695633,1.015342505262595,-2.8076909324108743,-0.14839107673128446,-0.05489995925071654,3.2498144174821655,249,-0.0816725866734855,0.970048490699968,-1.328564182027121,-0.08419433405288033,0.021558935157993116,4.211554611667854,-0.06336706437152621,False,3.517082259691033e-20,6.887077000205857e-20
US500,10:00,120,recent,fade,358,-0.11574841585576366,1.0238520751133209,-2.139042208863209,-0.11305189359796192,0.0699385921474052,3.3085819965599996,249,-0.0875874902757472,0.9714187805632238,-1.422771838211298,-0.09016450168377886,0.024192104817000886,4.184570142069847,-0.15651385889662903,False,1.9698900554068628e-17,3.6517454379543323e-17
US500,10:00,240,none,follow,742,-0.12130559401404822,1.002279591461487,-3.296809812913004,-0.12102969575302326,-0.31835411781143574,4.115163067002935,504,-0.05843348477066715,0.9235196676172673,-1.42046620723005,-0.06327259377315572,-1.2052644533825454,7.2196034603194805,-0.09919204000362578,False,9.95543455873122e-37,3.8427466247922885e-36
US500,10:00,240,none,fade,742,-0.09224116270746702,1.0029526271264997,-2.5052224851997917,-0.09196961073998253,0.30860705218608997,4.1936534003826,504,-0.07195970954558362,0.9210331218669398,-1.7539993234482496,-0.07812933958305522,1.2243652524293431,7.266820612595279,-0.08345041333904629,False,1.2865966890998417e-30,4.228586691625055e-30
US500,10:00,240,day,follow,376,-0.09969404037979732,1.0394044113215772,-1.859852762560855,-0.09591458271091884,-0.07076650110761,4.621689385453603,290,-0.015421513690411219,0.886528954015269,-0.2962327556161386,-0.017395386378035442,0.173234637911329,3.721023360260525,-0.07670812609344058,False,3.368464060327861e-17,6.338374322506642e-17
US500,10:00,240,day,fade,376,-0.11190428482852206,1.0385605745401865,-2.0893384972252877,-0.10774940583322903,0.057307224597111434,4.506407460022065,290,-0.1133708439808896,0.8825802937765574,-2.1874903829095795,-0.1284538582838466,-0.1559267484547706,3.755148682180931,-0.10315461060318569,False,8.129684557203857e-18,1.5414330449470117e-17
US500,10:00,240,recent,follow,324,-0.1945531761133154,1.018881563774537,-3.437060100554148,-0.19094778336411933,0.212128739236601,3.854928457346212,240,-0.06703661984308387,0.9743708220162964,-1.0658435428147874,-0.06879990484973972,0.7337601176913273,7.20253556956022,-0.06715864040188216,False,2.4798979503902612e-20,4.623671998970017e-20
US500,10:00,240,recent,fade,324,-0.00821706110453546,1.0226949992484486,-0.1446248392632518,-0.008034713292402877,-0.20857352232925683,3.9592088537773353,240,-0.061151521973141616,0.9754916796098086,-0.971156724953097,-0.0626878970383447,-0.7022172545269723,7.128589209286041,-0.11155242364832019,False,3.1541148935700937e-10,4.893921223033728e-10
US500,10:30,60,none,follow,767,-0.2058363787401273,0.9478001965657102,-6.014548347931726,-0.2171727537997581,-0.5804688859791413,7.000194070577568,515,-0.09607219182620932,0.9632798205356919,-2.2633350607086817,-0.0997344590617318,-0.2755371311027681,5.412634806254904,-0.15974281621967595,False,3.834461183272579e-56,2.1802353005167828e-55
US500,10:30,60,none,fade,767,-0.14051295596682178,0.9521464303175539,-4.087053366713901,-0.1475749438245111,0.5340444875143836,6.9345408773168105,515,-0.12778060323594106,0.959715742586171,-3.021523176286564,-0.13314421923684128,0.3028410472380015,5.351646731226137,-0.12165940398907729,False,3.4131996918698992e-37,1.2446048461231679e-36
US500,10:30,60,day,follow,388,-0.13641589635299844,1.0276502464210326,-2.614782159133124,-0.1327454518967811,-0.32149268427211175,4.728952313327096,287,-0.20303900887963672,0.9826964289813781,-3.500266046711197,-0.20661417187614942,-0.600889799644964,4.278569840372518,-0.1995722915079354,False,4.880927015091194e-21,1.0093392255893416e-20
US500,10:30,60,day,fade,388,-0.2030320828759721,1.0264144002111608,-3.8963485177849275,-0.19780712627784935,0.2827787442363539,4.356905384960657,287,-0.02180535567356341,0.9847838103711585,-0.3751139567066076,-0.022142276755489222,0.6190390968979771,4.456848963974034,-0.08026234773347647,False,4.2275157629492704e-24,8.854289923043163e-24
US500,10:30,60,recent,follow,394,-0.2006025559307704,0.9792593558684138,-4.066182281655789,-0.20485130392537806,-0.7578270603570957,8.212187619870486,233,-0.17370397166518264,0.9366415926199435,-2.8308331312460098,-0.18545404457141768,-0.5814528094784636,4.546961957795205,-0.17700015644178307,False,2.876556716963794e-29,7.062558738176754e-29
US500,10:30,60,recent,fade,394,-0.14332903188511154,0.9819539353514587,-2.8972846357832704,-0.14596309126640603,0.7318149697526367,7.8575571685973085,233,-0.0676940089285096,0.9288130629325495,-1.1124996425778741,-0.07288227484094455,0.5787613400779419,4.480932888992505,-0.09432614099875697,False,2.1335691923532297e-19,4.074018773816238e-19
US500,10:30,120,none,follow,764,-0.12573365989912072,0.9726430667496822,-3.5730964648239905,-0.1292700932103383,-0.38764009780196595,4.317974188473364,513,-0.07444417676554516,0.9943505933256644,-1.695703345547717,-0.07486713163871327,-0.7765841311549924,6.769167150940194,-0.10042316825696962,False,2.068753230364641e-39,8.633721507337797e-39
US500,10:30,120,none,fade,764,-0.14284203656209898,0.9728891536808244,-4.058255174951306,-0.14682251931956591,0.39014541376394446,4.410493277917155,513,-0.09435707572167021,0.992644206944658,-2.152977757320349,-0.09505629012040445,0.7759680856377772,6.751546777231258,-0.12483335653331532,False,4.251288809595061e-38,1.6056413166515953e-37
US500,10:30,120,day,follow,386,-0.12156537239935976,1.0710404725886722,-2.229962987927884,-0.11350212761385194,-0.2728928311507555,4.475111457098046,286,-0.15376247792265438,1.0347391297302873,-2.5130580059928445,-0.14860023507831752,-0.7507890214890083,5.142008550247003,-0.14414074415959813,False,2.7354769639668436e-19,5.449190018853637e-19
US500,10:30,120,day,fade,386,-0.14257559167367745,1.0652100761536918,-2.629684030248855,-0.13384739298420437,0.272577528424194,4.368664782532501,286,-0.015453683296657311,1.0312231487464385,-0.2534325368199659,-0.014985780056860543,0.7557197479020538,5.136801573827263,-0.07970821013804928,False,1.3026105757501263e-19,2.549360131896285e-19
US500,10:30,120,recent,follow,385,-0.1598900269392088,1.010635089195075,-3.104254844826507,-0.15820747631724716,0.0463397955074059,3.5740454380001347,246,-0.14419106188907466,0.9929898685275259,-2.2775141103356433,-0.14520899604231727,-0.5855043394801406,4.9830760146550075,-0.06416233199010443,False,5.507180689229634e-22,1.1347839675593477e-21
US500,10:30,120,recent,fade,385,-0.10604023170683255,1.0142825331406606,-2.051360960447074,-0.10454703521166414,-0.03130796755745879,3.5796935513425368,246,-0.03559061217729976,0.9926191756086455,-0.5623676770544167,-0.03585525350694199,0.5696364085927811,4.88658515766872,-0.1543169620221531,False,3.633519558554482e-18,7.018468577086407e-18
US500,10:30,240,none,follow,737,-0.12673606159274872,1.0065432696723948,-3.418231733639635,-0.1259121842163807,-0.5263172066619737,4.826352977798886,497,-0.046028640012292225,0.925650362566592,-1.1085604033248662,-0.049725730009618926,-0.9315268737000101,6.610794914534926,-0.09295715258525013,False,3.9918338896038896e-38,1.6024689713751235e-37
US500,10:30,240,none,fade,737,-0.08643124694571809,1.006870396444536,-2.330402569328112,-0.08584148193344882,0.5154340568785547,4.8821268544647705,497,-0.08628940999007101,0.9260676916126866,-2.0772700567564506,-0.09317829654525968,0.9407624148797408,6.591966527378386,-0.09079116898567305,False,3.4674775520402915e-29,1.092098785315236e-28
US500,10:30,240,day,follow,375,-0.06893588352731031,1.0819527185577882,-1.2338225334525417,-0.06371432165649517,-0.015283164677974144,4.939890779727133,279,-0.04738596969824608,0.9636508597735602,-0.8213573745351106,-0.049173379775099134,0.17569224493205862,5.481352649882916,-0.12991157493171868,False,6.170637261241009e-15,1.1062154084680931e-14
US500,10:30,240,day,fade,375,-0.14111966381760033,1.0799707562997456,-2.5304116088318387,-0.13066989360074172,-0.0016977388794884296,4.844848299587325,279,-0.08576930658147923,0.9587293918810866,-1.4943005585925544,-0.08946143438159805,-0.16064173660043063,5.541186329182064,-0.052656470464356536,False,1.829000803517755e-19,3.576009118661634e-19
US500,10:30,240,recent,follow,315,-0.2119890679714718,1.0172885770207645,-3.6984910700670013,-0.20838636426283666,-0.03258500822327046,3.6880472534357627,247,-0.007242253240193457,1.0035464156463598,-0.11341871414035483,-0.007216659964381316,1.0539835796508643,6.324695103011218,-0.09385210698476412,False,7.501310632543961e-22,1.440055889830385e-21
US500,10:30,240,recent,fade,315,0.011266136017338451,1.014934027072671,0.19701189756559642,0.011100362897313499,0.04242037958591002,3.7805385177326323,247,-0.12747372292458034,1.0024496830765284,-1.998511094338597,-0.12716221579656964,-1.0422129503985715,6.403639253804763,-0.08373874355164745,False,4.387390868821047e-09,6.5721155928823835e-09
US500,11:00,60,none,follow,771,-0.1838533572141222,1.0245911814093573,-4.982509552789418,-0.17944069844640487,-0.06112272128038073,6.533091245192189,515,-0.13111566625540605,1.0048759417750959,-2.961050075388162,-0.13047945602498207,-1.0248536838295679,6.4420673292862185,-0.15045628505956452,False,3.3330677710821313e-45,1.4773762176556447e-44
US500,11:00,60,none,fade,771,-0.21217132715032438,1.0243649639233325,-5.751209208511868,-0.20712474032468384,0.0448287762594165,6.632253290059825,515,-0.1127769550347421,1.004378459644093,-2.5481593834462934,-0.11228531829994166,1.0228558436718738,6.276918887170448,-0.18499458591862988,False,2.394473551721178e-48,1.0901931014570751e-47
US500,11:00,60,day,follow,386,-0.22627569140252343,1.0917143263939255,-4.07213852594957,-0.20726639371853028,-0.543513572606507,7.525538543938503,270,-0.18931353531423456,1.0040199915321695,-3.0982837375903425,-0.18855554362551638,-0.23904844682333937,3.6947297634732723,-0.16016485851489584,False,6.586257413662636e-28,1.5410341422342484e-27
US500,11:00,60,day,fade,386,-0.16162589459441645,1.0744348405561173,-2.955456090240688,-0.15042875425629387,0.5510864558963615,7.44941237626656,270,-0.0518906648072815,1.002781626015856,-0.8502854530295753,-0.051746724771421976,0.2802664773437021,3.7836734230024027,-0.17248714653518654,False,9.810817836469976e-20,1.8851495186959864e-19
US500,11:00,60,recent,follow,439,-0.19223947293979204,1.0471405805606335,-3.8465363135679835,-0.18358516182886164,-0.40631781106374376,4.25212028723279,261,-0.0032120241838640737,1.043154268438511,-0.04974512433477905,-0.0030791458953354296,0.6275993358606295,4.537714054869888,-0.13165819494185776,False,4.3086307388157774e-29,1.0908279059352941e-28
US500,11:00,60,recent,fade,439,-0.20081350965158795,1.0407250636373413,-4.042864378948925,-0.19295538914931418,0.39854058421265337,4.314990073329143,261,-0.23704021408393094,1.0438357717050826,-3.668682334986311,-0.2270857356198198,-0.6258083783334512,4.627425820378721,-0.1994609309009941,False,3.8087279426276887e-26,8.597826599108034e-26
US500,11:00,120,none,follow,765,-0.12256957452845474,1.037451632697119,-3.2677252775787173,-0.11814485674845775,0.2535754272934141,8.667756599255485,514,-0.09526925745385288,0.9059581825982577,-2.384109442854898,-0.10515855950505779,-1.0117525716182973,7.560975569034513,-0.10060659008474958,False,1.4983392519654257e-34,5.3593438712918125e-34
US500,11:00,120,none,fade,765,-0.18103122641912503,1.038587451838474,-4.821044498010031,-0.17430523168623827,-0.27115364483455007,8.853453924806084,514,-0.08778780729001655,0.9047790903488789,-2.199749388924521,-0.09702678612540211,1.0017186826733067,7.518727683379554,-0.16206277077354325,False,6.765860524393575e-45,3.0117939769267183e-44
US500,11:00,120,day,follow,382,-0.11759054737864895,1.1365929264237968,-2.02208377544917,-0.10345880626640767,-0.9453281440978427,10.903319217332161,270,-0.037763474561743594,0.9346295132833009,-0.66391783824303,-0.040404752926197066,-0.04050318650514192,4.738599701508843,-0.09882142932024948,False,2.925666497866547e-19,5.913332104175952e-19
US500,11:00,120,day,fade,382,-0.17960648069146123,1.1219467024646546,-3.1288263333264905,-0.16008468164923326,0.9352301503379097,11.031267863512175,270,-0.14329625053099945,0.9264589093348872,-2.54150253284583,-0.15467091857735285,0.02432311986457346,4.880166824014149,-0.16171615889110916,False,7.961817703605722e-19,1.4627140644342951e-18
US500,11:00,120,recent,follow,398,-0.11553400336535397,1.0437024015995506,-2.2083844251219307,-0.11069630882164266,0.0821073341889054,4.4002106514444845,273,-0.020999241850334274,0.9928594834349274,-0.34945974085914694,-0.02115026567272606,0.548234911825368,8.380522525089301,-0.0746843059414963,False,6.330420653537143e-19,1.2484792176272266e-18
US500,11:00,120,recent,fade,398,-0.18585541246100973,1.0443980936580688,-3.5501824984341717,-0.17795456884648236,-0.08633102717306974,4.418749083806078,273,-0.1668275954872434,0.9903016636542412,-2.783438981581579,-0.16846139071567834,-0.5850164538716714,8.400227456498042,-0.1833452087733304,False,1.2828443772227835e-24,2.813960642970503e-24
US500,11:00,240,none,follow,740,-0.1334183591511782,1.0712180173641452,-3.3880794533009566,-0.12454827774412287,-0.5117854117551799,5.128039962838791,497,-0.039770642062859796,0.9017810302208333,-0.9831950908606966,-0.04410232720588559,-1.2828835156941225,8.59369675308609,-0.0947621300453326,False,6.244270897071053e-38,2.498280817077152e-37
US500,11:00,240,none,fade,740,-0.09772252492496221,1.0691230868111612,-2.486467755121649,-0.09140437254651007,0.5024800005972768,5.221293582268822,497,-0.09973355072855881,0.9039766399182132,-2.4595874459534275,-0.11032757520988834,1.2868893304400852,8.599859354061442,-0.10932892707293482,False,6.1941977116690036e-30,1.982355433031014e-29
US500,11:00,240,day,follow,375,-0.10483860134867604,1.1581691641570333,-1.7529311331589166,-0.09052097447697306,-0.12101234837411182,4.9122472999486835,264,-0.000959892536557133,0.9516531528334925,-0.016388752158483105,-0.0010086579692392215,-0.41214226896469897,5.882816815095655,-0.10902129285504751,False,7.615691039167582e-17,1.4236014149404525e-16
US500,11:00,240,day,fade,375,-0.12242898565366268,1.155101513072675,-2.052483773778372,-0.10598980632272782,0.09242688116499155,4.901936210686901,264,-0.1370180568124078,0.9428338921984828,-2.361264194856198,-0.14532576517048154,0.42982632493046524,6.0599224173295765,-0.09414580361742408,False,1.4025929567147044e-17,2.641197234994995e-17
US500,11:00,240,recent,follow,323,-0.1390337972609108,1.164303387236186,-2.146127326932857,-0.11941371878247997,0.13941670556766214,5.138301563105222,257,0.02281876030261459,0.9584506707538105,0.3816707184283935,0.023807965291179664,1.1906865239864175,8.924279877271566,-0.04837585147946141,False,4.445460671998065e-16,7.755503666045881e-16
US500,11:00,240,recent,fade,323,-0.08122493810523995,1.1609691703172484,-1.2573898870980182,-0.06996304482662902,-0.15905252209994936,5.216055073217502,257,-0.16350125884631767,0.9557496425802773,-2.742480309867485,-0.17107122154386215,-1.192273328461359,8.994460821807051,-0.15423986111022403,False,1.428075058306617e-13,2.392518806060397e-13
US500,11:30,60,none,follow,770,-0.16562068984386333,1.0341031514309968,-4.444225533243113,-0.1601587710226747,-0.27818585881013125,4.431305729459299,514,-0.13329033397535023,0.9056611160889425,-3.3366795038213093,-0.14717462371682538,-1.0115151244789693,6.99312888697202,-0.14374431459171957,False,2.831152707878436e-44,1.2860733410562514e-43
US500,11:30,60,none,fade,770,-0.26699768141210295,1.0284593977508403,-7.20386725642527,-0.259609355503976,0.29967243733095905,4.470887091525444,514,-0.1257710472769123,0.905945559857642,-3.147459394228546,-0.13882848247159094,0.9992382620223506,7.059486939921192,-0.23408217785547783,False,2.1363480532734978e-54,1.0192339322610445e-53
US500,11:30,60,day,follow,383,-0.19502537703177214,1.0815306828552076,-3.529000081096412,-0.18032348052938374,-0.09305655238871285,4.208944237726329,271,-0.013973606413304559,1.0650285665146149,-0.21598913007917542,-0.013120405266719018,0.6113415377429634,6.1036558595514805,-0.12955873396241965,False,5.146126190451454e-24,1.1018476613942715e-23
US500,11:30,60,day,fade,383,-0.23433521734922802,1.067268574532633,-4.296978958552357,-0.21956536802542476,0.11545958697253451,4.402653961779054,271,-0.24056693809009208,1.0579020377826944,-3.7434766825005448,-0.2274000138938265,-0.673941014243668,6.298185690996474,-0.2388939904277382,False,3.9147477255610106e-26,8.496892632176717e-26
US500,11:30,60,recent,follow,422,-0.19132690369175945,1.1355824680363258,-3.461095556331872,-0.16848349554269373,-0.04791360108760003,4.4143746037505425,270,0.016771351927346464,1.0085658426953115,0.27324089459295264,0.016628911289050172,0.4841642226125363,6.287686549860785,-0.15641767516179672,False,5.2148583725705475e-25,1.17679864707403e-24
US500,11:30,60,recent,fade,422,-0.23912047322003646,1.1209201593191254,-4.382261679029549,-0.21332516079047428,0.06626555017420456,4.388912401314703,270,-0.26756370758089637,1.0073195801844288,-4.364573500644389,-0.2656194844658023,-0.5320573938862629,6.344263020221182,-0.21215975002100732,False,2.402875480605349e-28,5.648786089359918e-28
US500,11:30,120,none,follow,755,-0.12319342459453542,1.0528221917239344,-3.2151850468955177,-0.11701256447949053,-0.0695107316167382,5.235131479609763,504,-0.10445010926855355,0.8692124084225775,-2.69772855822391,-0.12016638080225604,-0.990733521423724,6.770591329041401,-0.10859227365657065,False,1.4539844299785456e-35,5.427471391301089e-35
US500,11:30,120,none,fade,755,-0.20609646507904025,1.0532831566677703,-5.376490458535857,-0.19567052200004734,0.0482268377259055,5.400264934437548,504,-0.09141485963950786,0.8702670295365056,-2.3581940247459627,-0.10504231062067741,0.9811845896195291,6.7193048604871635,-0.18059638374566211,False,3.048567953224933e-46,1.336855830444023e-45
US500,11:30,120,day,follow,377,-0.11798473524042237,1.088751661710609,-2.104106250802695,-0.1083669852269606,-0.34087652119506645,6.083688112155036,270,0.04054067754871341,0.9837364441357254,0.6771644088925295,0.04121091354334337,0.74610686637998,5.9488436489458305,-0.11318723060829465,False,1.5605974813253348e-18,3.041267359902076e-18
US500,11:30,120,day,fade,377,-0.20878972606023102,1.0803252286523906,-3.7525395773665626,-0.19326562087296398,0.3195533532225534,6.046380633237428,270,-0.2346146997733191,0.975969098208812,-3.95003582461753,-0.2403915248996157,-0.7743530995008843,6.099935820573705,-0.1693485460365105,False,1.0150943278412894e-22,2.0434617939123715e-22
US500,11:30,120,recent,follow,429,-0.14997990071217654,1.0861889062015044,-2.859936200840437,-0.13807902092893684,-0.05754194949084619,4.307704404849491,281,-0.05399814104890126,0.9691714952315351,-0.933966580655503,-0.05571577508684477,0.20072498235130382,6.3655304243038335,-0.10764733686007774,False,8.089126103705476e-23,1.7725748200187231e-22
US500,11:30,120,recent,fade,429,-0.17834770069234573,1.0842730903569953,-3.406885055732571,-0.16448596048217431,0.05510242067200473,4.239653906331674,281,-0.14654896946169185,0.9695887235467768,-2.5336602201401783,-0.15114549695422663,-0.21668479852897576,6.301855876793696,-0.17319378327386561,False,1.0865702824398332e-24,2.440371030326404e-24
US500,11:30,240,none,follow,739,-0.09890007310238783,1.068071128697447,-2.5172054079079196,-0.09259689775811111,-0.34994141126911493,4.852891798309881,497,-0.05093486540969482,0.8775991723168535,-1.2938893920228867,-0.05803887129385875,-0.8963578738458249,6.456445357192884,-0.08382604703360577,False,2.534873507583985e-32,8.921894776425342e-32
US500,11:30,240,none,fade,739,-0.13670548514060119,1.065044511524307,-3.489316796232043,-0.1283565932328465,0.33723755016536616,4.891664239613006,497,-0.09290426503810507,0.8797838258451727,-2.3541702806780824,-0.10559896909772774,0.886453313855464,6.447533145280688,-0.12931599782025321,False,8.573210431728363e-35,3.0096876844982683e-34
US500,11:30,240,day,follow,372,-0.07904908835309998,1.1301749781669879,-1.3490332307455066,-0.0699441147434607,0.01944298987517257,4.150905053041955,266,0.04150973655315784,0.9965966209459549,0.6793152826378127,0.041651492369859135,0.1960834109506277,5.9758642564785225,-0.09647785803225117,False,3.2774573724468528e-15,5.892722382358854e-15
US500,11:30,240,day,fade,372,-0.15502989500713743,1.1335464353246298,-2.6378348841687793,-0.13676536767789255,-0.024650751085271507,4.335576505974764,266,-0.18280869520242743,0.9875161729968498,-3.019210896435891,-0.18511969748065138,-0.22395896583337274,6.068612937129784,-0.1125801866408724,False,7.482367199821343e-20,1.4714634158113374e-19
US500,11:30,240,recent,follow,349,-0.12279741838679721,1.2295733669942532,-1.8657244479065913,-0.09986993999957966,-0.06667305223340442,4.506599741405846,268,0.0231910338164095,0.9987666176249957,0.38012242215930564,0.023219672551287627,0.34276947261186286,6.0081477299165185,-0.07608291064032068,False,2.392916736929664e-16,4.3262892198267783e-16
US500,11:30,240,recent,fade,349,-0.10277390456949341,1.2251515630705547,-1.5671326233958693,-0.08388668607818182,0.03812183902099782,4.518135998181872,268,-0.17039560586889566,0.9920283613738484,-2.811911834621906,-0.17176485320733853,-0.3636768999654435,6.0437309127784085,-0.13466223168134497,False,3.3338772532789033e-15,5.877140613523662e-15
US500,12:00,60,none,follow,766,-0.21592213142333938,1.0155887974107194,-5.884284221083307,-0.21260783101767242,-0.4967631316526659,4.765583063744776,515,-0.13515858850413626,0.8970673776112019,-3.419181843279765,-0.15066715374719084,-1.1815347969619694,11.926396605452382,-0.18346329463906275,False,1.266916387717767e-55,7.18666859070316e-55
US500,12:00,60,none,fade,766,-0.2637007223427149,1.016788082315722,-7.177864521757774,-0.25934678713202447,0.46612179539886917,4.720245420687464,515,-0.1435768037244411,0.8947526506198826,-3.6415384661472596,-0.16046535724143585,1.2007434700604434,11.841842592135952,-0.24147685137814898,False,5.23906705479383e-52,2.3295005831202835e-51
US500,12:00,60,day,follow,394,-0.16107436315116475,1.0943155339976227,-2.921675439048966,-0.1471918821829634,-0.045432791212271534,5.145081179045498,266,-0.05565411550913586,0.9515277037008891,-0.9539303493093526,-0.05848922242901992,0.11643353370672768,4.845832515176441,-0.17328402770199666,False,1.0678000800336195e-21,2.213398441866286e-21
US500,12:00,60,day,fade,394,-0.313682011107006,1.08346068885696,-5.746779927038717,-0.28951859013725484,-0.012878720387440402,4.969857569501127,266,-0.21606137864693442,0.9336010058096678,-3.774475844020335,-0.23142796259045872,-0.12040560530792288,5.24250395650621,-0.24521467146210696,False,4.1593588771917216e-33,1.0082247964744709e-32
US500,12:00,60,recent,follow,420,-0.23169114419533202,1.0864065959356568,-4.370606283798782,-0.21326374955942745,0.21353690834023964,4.564279940162099,292,-0.23588058558886893,0.9786715584413948,-4.118571934242377,-0.24102119199675714,-1.068854158607783,12.762827810538903,-0.21994989774898294,False,2.0847161556690847e-27,4.755752390995364e-27
US500,12:00,60,recent,fade,420,-0.24171590734252216,1.087212561170353,-4.556332570738178,-0.2223262644080583,-0.15758077879543925,4.5373268895901875,292,-0.0328790781152933,0.980850697390451,-0.5728067835543927,-0.03352098153446589,1.0449284073623613,12.632327191194037,-0.20771883840116237,False,2.8471888080184735e-30,7.016614357280062e-30
US500,12:00,120,none,follow,750,-0.17697242280466707,1.0804189948030503,-4.485842459856398,-0.16379980697852078,-0.3203298030077154,4.725766491409442,505,-0.1058263456198633,0.951616064324065,-2.4990659868694998,-0.11120697683370025,-1.3722956037339185,8.486835215652116,-0.14806758564952624,False,5.399791946839792e-44,2.4021190468098143e-43
US500,12:00,120,none,fade,750,-0.17950111814551709,1.0807500144050524,-4.548545463578945,-0.16608939694933206,0.2752675690090669,4.704725879451832,505,-0.1044598859289268,0.9509490172173701,-2.468527685539655,-0.10984804026044764,1.378120802795388,8.469079423900784,-0.16731784265724883,False,1.7750706609701138e-40,6.928925378499185e-40
US500,12:00,120,day,follow,390,-0.1150315982103203,1.1375820841677131,-1.9969478044318978,-0.1011193827779739,-0.30783353517902773,4.9485532288793515,265,-0.002583962619849586,0.9977278997281434,-0.04215965487887086,-0.0025898470119495036,0.5082486865100718,6.4772789452607675,-0.11391232348370456,False,1.5560398361489904e-18,3.066150600534203e-18
US500,12:00,120,day,fade,390,-0.238022639704043,1.136406495400385,-4.136346034620528,-0.2094520232570314,0.2490081953785753,4.916561544553139,265,-0.20374809030975324,0.9852880888267297,-3.3663033650391307,-0.20679037189252358,-0.5242721457957698,6.678729532497619,-0.19712556954312258,False,4.596505991428544e-25,9.776575812459033e-25
US500,12:00,120,recent,follow,412,-0.1367635863453074,1.141647341507081,-2.4315719178907975,-0.11979495013299528,-0.08206861954164346,4.651414693517921,280,-0.185835160702104,1.0445120867914743,-2.9771000728501216,-0.17791575899609863,0.48410944883067913,8.315443262287362,-0.12249103916413047,False,1.498595851478753e-20,3.1044882889885534e-20
US500,12:00,120,recent,fade,412,-0.21340994888238254,1.139061286312037,-3.8029111447228123,-0.18735598465763373,0.06866227855423511,4.7630553291487345,280,-0.023988117764365186,1.0397649478391893,-0.3860468519725543,-0.02307071210105383,-0.48244241378034075,8.408335387473812,-0.1849861047993956,False,1.7233247260630827e-25,3.8384397924097396e-25
US500,12:00,240,none,follow,739,-0.12062790528126659,1.133783762077603,-2.892276258982531,-0.10639410204660356,-0.7797386963460686,7.83873069529358,498,-0.04240843801595645,0.950782415086091,-0.9953728885245017,-0.044603725671679015,-1.031360845199753,7.155973404498305,-0.09333389466599906,False,1.140000424908288e-35,4.4101702044558654e-35
US500,12:00,240,none,fade,739,-0.11764031106846977,1.1326134484134216,-2.823557714982026,-0.10386624954282657,0.77142140855284,7.964916023356188,498,-0.0997921672900973,0.9530657599577184,-2.3366209103373667,-0.104706486669424,1.020112162570166,7.112484930849463,-0.12598133940046438,False,2.3180774330917263e-30,7.302991657795184e-30
US500,12:00,240,day,follow,385,0.03046086118159958,1.237886598826565,0.4828271475275284,0.024607149968724495,0.7932699025791168,8.530455311148328,261,0.007630640582119059,1.0408281784554305,0.11844103946061502,0.0073313162922268174,0.44265853264716554,6.6336189884958285,-0.09568311394720865,False,3.807135225763298e-10,6.15603054076977e-10
US500,12:00,240,day,fade,385,-0.2661806417543251,1.2408769305924319,-4.208992210198465,-0.21451010587104918,-0.7925933371830683,8.429104471525129,261,-0.14591211071119423,1.032313799229434,-2.2834939263327607,-0.141344725625202,-0.4565509693773434,6.685419017712247,-0.12163712823854296,False,9.373551820881855e-30,2.3011871188725772e-29
US500,12:00,240,recent,follow,368,-0.10249643892075866,1.18497999668871,-1.6592875970128327,-0.08649634526082561,0.17688695409978086,3.7892006757692567,273,-0.04259851733465156,1.0706219558052124,-0.6574150795943572,-0.03978857065621572,0.5090902991782418,6.393745970652144,-0.1181828427144504,False,5.914494587113837e-16,1.0718598558203361e-15
US500,12:00,240,recent,fade,368,-0.12925191455056795,1.1817589999285536,-2.0981279813823686,-0.10937248166367441,-0.18048396180050222,3.956358915788367,273,-0.10213873452019785,1.0657434222002111,-1.5835038929515557,-0.09583801541025136,-0.523533307758095,6.400643630146043,-0.09828288749015526,False,5.040205172638172e-18,9.612661950697751e-18
US500,12:30,60,none,follow,755,-0.25077060286803315,1.0655217022945935,-6.4667757354024165,-0.23535006591419058,1.5688376597327185,23.008738609213726,505,-0.16686148554590768,0.8898955757174308,-4.213691607378108,-0.1875068155175224,-0.4100229549297172,5.77013290121263,-0.22453617635166917,False,4.175570165587519e-34,1.1350448466593218e-33
US500,12:30,60,none,fade,755,-0.2634320155074998,1.0742649389101402,-6.737994136238663,-0.24522071415153507,-1.6414085787120274,23.340749218203946,505,-0.1372592218638047,0.8902461937977288,-3.4647914260111397,-0.1541811948425933,0.41878699264725544,5.60907914232225,-0.22875515291811982,False,1.5287125522598684e-61,9.425919221471351e-61
US500,12:30,60,day,follow,384,-0.23929555079987944,1.179642192253293,-3.9751172077581773,-0.20285435055759507,-2.776930134585852,30.50530857273797,268,-0.13360862150897168,0.9426440022256979,-2.3203535965482525,-0.1417381548002272,0.00607296090644502,4.6693627713794355,-0.2645069524903207,False,8.388600712108773e-35,2.4775825816768787e-34
US500,12:30,60,day,fade,384,-0.26595244126997475,1.177311441276103,-4.426681023351551,-0.22589812002651183,2.6563966339296328,29.09496892482668,268,-0.15803466875425157,0.9334738124030755,-2.7715175225097632,-0.1692973778743907,0.04556091758356849,4.749862887444123,-0.18054718871542888,False,2.024991914108857e-15,3.1154421177452845e-15
US500,12:30,60,recent,follow,443,-0.22162453648563737,1.1664038194600652,-3.999178328560869,-0.19000669647003438,-2.4240834103625186,28.03602585867628,261,-0.25414634090807814,0.9889784652444271,-4.151616983637559,-0.2569786399193895,0.5283963132140014,5.725920334771564,-0.1711659711567183,False,4.411623298509897e-36,1.3965544836163077e-35
US500,12:30,60,recent,fade,443,-0.2875088596350138,1.1720593383195081,-5.1630162954279015,-0.24530230700370712,2.247798198032529,26.093828400775298,261,-0.04823194041750282,0.98833580165545,-0.7884069797363052,-0.04880116690776043,-0.5427416132950554,6.003676241749711,-0.2745537120473159,False,7.161655268958825e-19,1.2054444292069466e-18
US500,12:30,120,none,follow,743,-0.2241606461341823,1.035349123830811,-5.901561759482647,-0.21650730268142182,-0.13245112159104314,5.821044747727199,498,-0.09687295263371556,0.898212860335071,-2.4067885654328727,-0.10785077447853274,-0.7830406560390645,6.894941666368593,-0.18565448719245145,False,4.2402214633164273e-50,1.990328533416402e-49
US500,12:30,120,none,fade,743,-0.1368844182910895,1.033536017994385,-3.6101297046955487,-0.13244281370737207,0.0793381320133887,5.917032372401165,498,-0.12075912220569562,0.901459475347386,-2.9894301538619725,-0.13395956835348583,0.7547953676514891,6.777322291455789,-0.13811476469179257,False,1.9353184558019293e-36,7.150912325586334e-36
US500,12:30,120,day,follow,378,-0.15617568345507843,1.101781271152637,-2.755903011884032,-0.14174835563477498,-0.523161204390134,6.720174697066668,264,-0.024649938720207223,0.9784609511910248,-0.40933069141108797,-0.025192562554695982,0.3083272684060948,6.4479699257054195,-0.18889139875649807,False,1.1754943300510067e-21,2.4531134750568824e-21
US500,12:30,120,day,fade,378,-0.1987902285706722,1.1050577036242282,-3.497485933590238,-0.1798912653327561,0.46481976680177706,6.503511742589605,264,-0.1829316183910528,0.9722308084596427,-3.0571824721039227,-0.18815657434357705,-0.3642145370449711,6.480900028064399,-0.12924180391820556,False,2.1483504789272634e-21,4.208941531926925e-21
US500,12:30,120,recent,follow,419,-0.11018857888937661,1.0957199957605104,-2.0584674609129405,-0.10056271612794436,0.25874976109123005,4.17478201664106,267,-0.11928908080091424,1.0291385379089972,-1.8940109318367409,-0.11591158663952639,0.8008710172655877,6.456679020861766,-0.15896903678637805,False,8.842696221405404e-19,1.7612420120158837e-18
US500,12:30,120,recent,fade,419,-0.24494629009914232,1.1005980912198259,-4.555637113048381,-0.2225574367730013,-0.31153381627305143,4.185307465732889,267,-0.09001764593267449,1.020059895969667,-1.4419745940218762,-0.0882474120278044,-0.8657517720822934,6.649203536772046,-0.15818351111406684,False,2.3731039134693203e-31,6.049032443420682e-31
US500,12:30,240,none,follow,0,,,,,,,0,,,,,,,,False,,
US500,12:30,240,none,fade,0,,,,,,,0,,,,,,,,False,,
US500,12:30,240,day,follow,0,,,,,,,0,,,,,,,,False,,
US500,12:30,240,day,fade,0,,,,,,,0,,,,,,,,False,,
US500,12:30,240,recent,follow,0,,,,,,,0,,,,,,,,False,,
US500,12:30,240,recent,fade,0,,,,,,,0,,,,,,,,False,,
US500,13:00,60,none,follow,752,-0.29765433485164733,1.0060794553227754,-8.113137781549584,-0.2958556933817443,-0.26777099293878504,5.088132041988464,505,-0.16718040684959695,0.9593685360666933,-3.916026263670322,-0.17426088157426806,-1.0535357403038101,6.975465846344184,-0.26207853857316654,False,9.528711573168747e-67,5.879579568366154e-66
US500,13:00,60,none,fade,752,-0.24034167691442804,1.0056441795786166,-6.553807227112541,-0.2389927588654027,0.2084908765579338,5.036748729205608,505,-0.16053349961407246,0.9602188391730473,-3.7569995236812206,-0.1671842845244798,1.013901116499524,6.81071868777221,-0.2106561854750827,False,6.198035265884142e-51,2.810464943951054e-50
US500,13:00,60,day,follow,389,-0.15628113153512654,1.0340534674370954,-2.980837851892284,-0.15113447849313807,0.18811604053925546,4.420751937361736,271,-0.05497844583464577,1.0623502403728167,-0.8519407339358169,-0.05175171402545348,0.5098137714285239,6.512200252249336,-0.21063967593188826,False,3.7199796411880386e-21,7.517151637600198e-21
US500,13:00,60,day,fade,389,-0.37034748352124214,1.043585766139572,-6.999323261135744,-0.3548797765719151,-0.23788232349802058,4.456924174364174,271,-0.25906259329981346,1.0548508917951194,-4.042949156055829,-0.24559167112135355,-0.5783045221066847,6.714140981577577,-0.25946820435283213,False,1.7732333097754894e-41,4.899014341755923e-41
US500,13:00,60,recent,follow,420,-0.12346104482047811,0.9697786274563459,-2.6090474918129045,-0.12730848187932006,0.6324943664585907,4.946611877747956,244,-0.07940377031073334,1.0793752189711114,-1.149115266749087,-0.0735645667189053,0.9794601195388567,5.789127070822855,-0.15062621996956013,False,7.105711032781218e-20,1.417953807078985e-19
US500,13:00,60,recent,fade,420,-0.41676860192491866,0.9883711742694642,-8.641707601152966,-0.4216721539182537,-0.5698943358093861,4.8318768969783195,244,-0.23955156073969303,1.0649223850864136,-3.5137912881384326,-0.2249474366343182,-1.0145365226004097,6.1688333822146735,-0.3155535568638308,False,1.895880939533662e-58,7.124689534924589e-58
US500,13:00,120,none,follow,741,-0.24918878730395502,1.0497227475798336,-6.4619410540277755,-0.23738533615515814,-0.72591861334783,5.820257935031158,498,-0.05141406406192397,0.8913324648631564,-1.2872321573457237,-0.057682252233253295,-0.9078222259257636,7.745844710396223,-0.20349110478041732,False,2.8646812610565492e-61,1.7954623778430991e-60
US500,13:00,120,none,fade,741,-0.11316277588815848,1.0419158407134654,-2.956514785990749,-0.10861028450308309,0.6972115118797025,5.922337398193972,498,-0.17057993538366995,0.8986498654575185,-4.235962466573933,-0.18981801693902742,0.8575204632748449,7.589181141524142,-0.12490303279281276,False,2.74949640604168e-31,8.877477454887143e-31
US500,13:00,120,day,follow,385,-0.03266093418477042,1.0926668414122318,-0.5865043037144964,-0.02989102711541732,0.39521760452106747,6.107661288660629,266,-0.06932430004518647,1.0272072213236236,-1.1006981784124448,-0.06748813540841114,-0.8461763925811863,7.303881440935006,-0.1347356216597637,False,5.477357842042676e-13,9.441035345565311e-13
US500,13:00,120,day,fade,385,-0.32304817272855146,1.1034896895997957,-5.744197635965349,-0.29275141922323883,-0.4174168765814712,6.058922913168615,266,-0.14165498392979495,1.0188406690835148,-2.267599774325134,-0.13903546278459702,0.7959966260315426,7.285391433095206,-0.19206902905437367,False,1.2935839620459435e-35,3.3494664548886687e-35
US500,13:00,120,recent,follow,426,-0.07154439299543487,1.1402295523910915,-1.2950546931576337,-0.06274560490508634,0.3548837572816159,5.931301856161235,244,-0.10121885492706222,1.0354317718767372,-1.526985264237846,-0.09775521446826127,-0.3669676738494407,7.317447532750985,-0.12469495936460538,False,2.6416853817891487e-16,5.036156665810553e-16
US500,13:00,120,recent,fade,426,-0.2957636189950979,1.1420882831444454,-5.345026652954708,-0.2589673875129767,-0.4227808837296024,5.8643192740705885,244,-0.11137787089340265,1.0283392553115156,-1.6918326817833187,-0.1083084889720201,0.3327261368276582,7.246924289380357,-0.19656825057761512,False,8.53674288225663e-36,2.3453158987628755e-35
US500,13:00,240,none,follow,0,,,,,,,0,,,,,,,,False,,
US500,13:00,240,none,fade,0,,,,,,,0,,,,,,,,False,,
US500,13:00,240,day,follow,0,,,,,,,0,,,,,,,,False,,
US500,13:00,240,day,fade,0,,,,,,,0,,,,,,,,False,,
US500,13:00,240,recent,follow,0,,,,,,,0,,,,,,,,False,,
US500,13:00,240,recent,fade,0,,,,,,,0,,,,,,,,False,,
US500,13:30,60,none,follow,744,-0.32216297771623087,1.030975451526878,-8.52341773924656,-0.3124836553955833,-0.5787480790145376,5.842693785775371,499,-0.12366893113207685,0.8763995836815156,-3.152163366102554,-0.14111021209364044,-0.6919555026243851,8.180518051617938,-0.2712757559086023,False,1.0603015461641861e-74,7.76325338688272e-74
US500,13:30,60,none,fade,744,-0.18956395060935693,1.0182532173460757,-5.07792670343253,-0.18616582533706788,0.4991342687656559,5.608807782621497,499,-0.19182123970226042,0.8825106843129504,-4.855422139475036,-0.2173585466011627,0.6467655576639626,8.007457235458036,-0.19516680415608487,False,4.863448819154291e-41,1.8365303037357105e-40
US500,13:30,60,day,follow,403,-0.25002133761256046,1.0123458886815695,-4.957933232771482,-0.24697224575898283,-0.08960375399785361,4.699941731336868,264,-0.08419076434072678,1.0023307484716508,-1.3647571001141747,-0.08399499313884211,0.16680202437985164,7.848503629426251,-0.24999082490601798,False,7.661786295568056e-31,1.849390157465412e-30
US500,13:30,60,day,fade,403,-0.2545674111604753,1.0221601320349782,-4.999613029270464,-0.24904846430829494,0.05327672974882964,4.917145794708819,264,-0.21905937929199026,0.9980859584270595,-3.5661193211624598,-0.21947947212604654,-0.25399115534658306,7.706182167654167,-0.21009027681066744,False,5.669093598157606e-30,1.3288048923703754e-29
US500,13:30,60,recent,follow,436,-0.29392248545307414,1.145832659905083,-5.356176246966276,-0.2565143198810738,-0.18569762087264463,5.716023624908847,248,-0.1027752076093843,1.0072767000181155,-1.6068132896451124,-0.10203274592526157,0.42012782666265275,8.005698056414559,-0.23893733049634297,False,2.2307801361206487e-34,5.899446975614127e-34
US500,13:30,60,recent,fade,436,-0.21478132633750005,1.1408380360919308,-3.9311152125246065,-0.18826627403944005,0.07626085400867136,5.695357000352926,248,-0.2021206311478559,1.0108638096576632,-3.148791016066601,-0.1999484294687586,-0.468933718716766,7.8966663908266,-0.2228173669431282,False,1.0300622365368195e-26,2.3873857668783694e-26
US500,13:30,120,none,follow,740,-0.18920102680048978,1.025235064390502,-5.020140796255753,-0.18454404591884402,-0.6483886444500788,7.352316299895346,499,-0.06584667270223207,0.8674288399164694,-1.6957048020187055,-0.07591017230712885,-1.2259705670147936,9.756694241572069,-0.17364672438423814,False,9.021617592441064e-49,4.44946648063836e-48
US500,13:30,120,none,fade,740,-0.15227824234453302,1.0177445707987218,-4.070192230543189,-0.14962324213139813,0.6019100490381325,7.3426770309787015,499,-0.14931427700200525,0.8712378447984924,-3.8283785696417967,-0.17138176204517375,1.1682301379943485,9.440122022837222,-0.1454227295762574,False,8.39224343841771e-36,2.893358689994483e-35
US500,13:30,120,day,follow,403,-0.12920517733843337,1.0849510246266358,-2.3906847171294276,-0.11908848824111369,0.3952736531441433,7.629494339187182,264,-0.10098370233722086,0.9560888351817421,-1.716149056115607,-0.1056216730300223,-1.0978110937566576,10.897814983336715,-0.10688046806293029,False,6.113677059405689e-19,1.191474628864722e-18
US500,13:30,120,day,fade,403,-0.20750812448117584,1.0967566933210746,-3.7981956731290647,-0.18920160300350955,-0.4183066086817444,7.951650386507172,264,-0.1059398530310819,0.9471821414728782,-1.8173050291418382,-0.11184739280065428,1.0496271528178818,10.782542122111897,-0.2072453086467434,False,1.2786097002911614e-26,2.949713171318167e-26
US500,13:30,120,recent,follow,429,-0.09436832414461574,1.1293881801377945,-1.730659579056097,-0.08355703185516077,-0.4988357253300546,7.290194628314073,220,-0.1351288454220107,1.0165723306601335,-1.971610496876177,-0.13292595258250028,-0.9905655942804639,10.170016643865369,-0.1369753036803916,False,6.271291601949336e-19,1.2923685756197075e-18
US500,13:30,120,recent,fade,429,-0.2536189227092797,1.1298891495578165,-4.649159666781767,-0.22446354388705633,0.4036075535233658,7.342554344879619,220,-0.0756279391171424,1.0109866579564977,-1.1095533323780984,-0.07480607040849459,0.958004120171383,10.007812632154668,-0.17687875097199376,False,4.49964216863421e-27,9.991825016889787e-27
US500,13:30,240,none,follow,0,,,,,,,0,,,,,,,,False,,
US500,13:30,240,none,fade,0,,,,,,,0,,,,,,,,False,,
US500,13:30,240,day,follow,0,,,,,,,0,,,,,,,,False,,
US500,13:30,240,day,fade,0,,,,,,,0,,,,,,,,False,,
US500,13:30,240,recent,follow,0,,,,,,,0,,,,,,,,False,,
US500,13:30,240,recent,fade,0,,,,,,,0,,,,,,,,False,,
US500,14:00,60,none,follow,744,-0.31375646248620903,1.0887420677471986,-7.860571885211708,-0.2881825473460643,-1.244863580429835,10.928712752785797,499,-0.06693417055401067,0.8802183896913046,-1.6986649320492753,-0.0760426859264832,-1.716729173992067,18.660845220036634,-0.262980801512134,False,1.6895268094980438e-76,1.4065340100754114e-75
US500,14:00,60,none,fade,744,-0.1804118672451151,1.077791584712429,-4.56579891823495,-0.1673903097816928,1.2703654838948721,11.043020220911709,499,-0.23871822953800595,0.8926425608876166,-5.973904390510877,-0.2674286887022638,1.5337711623678338,17.181693484604644,-0.19689309358763718,False,4.877522769981167e-34,1.5132549225802547e-33
US500,14:00,60,day,follow,393,-0.17298507409689334,1.1827910835334197,-2.899324765225446,-0.14625158787985204,0.830676275405815,11.811244683927953,262,-0.19790378935884867,0.9268108090856607,-3.456317779700053,-0.2135320255426125,-2.3788359122397864,22.22148597864347,-0.1968273556112944,False,7.701074423664583e-19,1.4403871387033873e-18
US500,14:00,60,day,fade,393,-0.31532943656317064,1.1918247308518712,-5.245035077803912,-0.2645770207652807,-0.8227874298813169,12.35670499280878,262,-0.09332834249935354,0.9141996461565591,-1.6524302992546638,-0.10208748481988672,2.27140859677271,21.89182342686048,-0.25719905938862886,False,1.8004068198422275e-33,4.5758994474330695e-33
US500,14:00,60,recent,follow,401,-0.25680107641241234,1.2348227135336487,-4.164514866213976,-0.2079659481461381,-0.7771550088913802,11.421553964385597,247,-0.15380028134006066,0.9158206515149633,-2.63933899315962,-0.16793711856752966,0.7449579182726066,7.617729808905454,-0.2620592672709522,False,3.6058486567089225e-29,8.779837497451654e-29
US500,14:00,60,recent,fade,401,-0.2351019776482044,1.245843579194122,-3.778896092691584,-0.1887090655476034,0.7266551103027477,10.992572141575579,247,-0.15644096694072296,0.9140307087695694,-2.6899126742452255,-0.17115504483576638,-0.8115003196141845,7.361706998591694,-0.19587742248953002,False,1.3756517651426965e-21,2.682274429332389e-21
US500,14:00,120,none,follow,742,-0.16585052605734882,1.132269015513914,-3.9899658904850313,-0.14647625589407534,-2.0497416789650775,19.850797273506497,499,-0.05742651069902614,0.9135161933031164,-1.4042565279449457,-0.06286315570540882,-0.991415742959068,10.37887126333992,-0.14726551744932173,False,5.288977537481301e-49,2.982548592312832e-48
US500,14:00,120,none,fade,742,-0.15769054865738988,1.1301052237986617,-3.800920048906571,-0.1395361647186615,2.0579577121833843,19.848868651050246,499,-0.1387308253361189,0.9177830762765933,-3.376627846161249,-0.1511586222519421,0.925799460729837,10.035081945830898,-0.16113075578761596,False,1.5916541384539374e-28,4.298957182710174e-28
US500,14:00,120,day,follow,393,-0.021945059707245803,1.2788383853312588,-0.3401867377123112,-0.017160150929909218,1.9960774569297204,20.603460369820226,262,-0.10156145291656683,0.9713624461212641,-1.692381392368047,-0.10455567159520185,-0.8583405064723099,10.052121744118606,-0.09774213731366457,False,3.3330380351137974e-12,5.63589133284672e-12
US500,14:00,120,day,fade,393,-0.29665852472795906,1.281321901981479,-4.589811588381524,-0.2315253678792163,-1.9730039325009594,20.82225017114248,262,-0.08574791117800157,0.9655022534077665,-1.4375431956641178,-0.08881171522422861,0.8422158725873935,9.949244943797884,-0.2061259269448046,False,4.391321267003528e-36,1.2781255037842088e-35
US500,14:00,120,recent,follow,432,-0.1080979322536699,1.2335564417454765,-1.8213786205832327,-0.08763111974082989,-0.9248106058727295,23.3772527628707,229,-0.032362307813410804,0.9353986961187559,-0.5235527743856436,-0.03459734116339004,0.11287997234501045,5.066470208155411,-0.1299849610586933,False,1.6137252081281319e-19,3.3842733798104417e-19
US500,14:00,120,recent,fade,432,-0.22042236134150658,1.2356880383384772,-3.7075642115737777,-0.17838026629916193,0.9015249769091784,22.770180050462326,229,-0.15735739131266724,0.9320719741195123,-2.5547913597607397,-0.16882536508118476,-0.07632292325603533,4.986174382604371,-0.1740047560274692,False,1.2294096557028318e-20,2.3516099286637923e-20
US500,14:00,240,none,follow,0,,,,,,,0,,,,,,,,False,,
US500,14:00,240,none,fade,0,,,,,,,0,,,,,,,,False,,
US500,14:00,240,day,follow,0,,,,,,,0,,,,,,,,False,,
US500,14:00,240,day,fade,0,,,,,,,0,,,,,,,,False,,
US500,14:00,240,recent,follow,0,,,,,,,0,,,,,,,,False,,
US500,14:00,240,recent,fade,0,,,,,,,0,,,,,,,,False,,
US500,14:30,60,none,follow,745,-0.19355718417107384,1.007973063802815,-5.241293806934369,-0.19202614744568067,-0.3740575368316449,8.347935249667577,499,-0.12161778642660985,0.8691285448218807,-3.125815595343757,-0.13993072388565286,-0.4109357218524356,6.587019508780941,-0.20443490768484687,False,1.8349237394108077e-47,8.468313002649661e-47
US500,14:30,60,none,fade,745,-0.26931681187860573,1.006085216605027,-7.306457014282957,-0.26768787318771947,0.3600018227660305,8.535230155979239,499,-0.17357361027913323,0.8703816862241716,-4.454759115153888,-0.19942240631477212,0.33287004239190066,6.600222334900725,-0.2355831247444458,False,4.584878445166681e-50,1.8864765289704412e-49
US500,14:30,60,day,follow,396,-0.16344780988861363,1.0926954362346994,-2.976648607999326,-0.14958222068890087,0.051372678840699695,6.650780170561632,269,-0.16400612287446664,0.8772188904826927,-3.0663959068326396,-0.1869614581421311,-0.15262727995589445,4.413483765678408,-0.15285031828389778,False,1.532015426749659e-21,3.1463872404611157e-21
US500,14:30,60,day,fade,396,-0.2939352268167729,1.1029991413256788,-5.303029658831252,-0.2664872671283283,-0.04513951044799195,7.009086014806498,269,-0.11570024737860037,0.865337913283603,-2.192929629565552,-0.13370527929322468,0.08691643115733379,4.328890804238732,-0.2830369364966737,False,1.3361990176111597e-30,3.112654941888079e-30
US500,14:30,60,recent,follow,396,-0.21446168999670273,1.1397711173136875,-3.744377867554709,-0.1881620675756066,0.41507951951862837,6.969656178396259,224,-0.12341184109394147,1.0009924818824907,-1.8452279520665804,-0.12328947852020844,0.37225317654247764,6.312267571484205,-0.22689251511799977,False,6.20816327920045e-23,1.267327594972596e-22
US500,14:30,60,recent,fade,396,-0.24903434887322304,1.1546591517790254,-4.291934085571678,-0.21567780282997517,-0.37117330185112607,6.907540420402189,224,-0.16673951466419631,0.9997578950317236,-2.4961328730116024,-0.16677989290487719,-0.47837338969037096,6.334583885862538,-0.20804218002850342,False,1.513933073940108e-28,3.5689442398281383e-28
US500,14:30,120,none,follow,0,,,,,,,0,,,,,,,,False,,
US500,14:30,120,none,fade,0,,,,,,,0,,,,,,,,False,,
US500,14:30,120,day,follow,0,,,,,,,0,,,,,,,,False,,
US500,14:30,120,day,fade,0,,,,,,,0,,,,,,,,False,,
US500,14:30,120,recent,follow,0,,,,,,,0,,,,,,,,False,,
US500,14:30,120,recent,fade,0,,,,,,,0,,,,,,,,False,,
US500,14:30,240,none,follow,0,,,,,,,0,,,,,,,,False,,
US500,14:30,240,none,fade,0,,,,,,,0,,,,,,,,False,,
US500,14:30,240,day,follow,0,,,,,,,0,,,,,,,,False,,
US500,14:30,240,day,fade,0,,,,,,,0,,,,,,,,False,,
US500,14:30,240,recent,follow,0,,,,,,,0,,,,,,,,False,,
US500,14:30,240,recent,fade,0,,,,,,,0,,,,,,,,False,,
US500,15:00,60,none,follow,749,-0.1608325943449829,1.0436333635013448,-4.217615861788874,-0.15410832958175705,-1.0158493526626384,9.178662942747037,499,-0.14538806866127862,0.965626310860614,-3.3633336278748867,-0.15056349130721342,-0.6798174800852869,9.822710477388584,-0.1739492117810619,False,5.794756554614793e-46,2.850435806207833e-45
US500,15:00,60,none,fade,749,-0.2715811983774575,1.048472091223239,-7.088979729634884,-0.2590256818954591,1.0182441863414633,9.03610958940942,499,-0.11217973351946357,0.965329933187002,-2.595905650245783,-0.11620869680183461,0.6430076078599685,9.344146172517092,-0.2441420911590517,False,2.4168117643216735e-43,8.309846954132083e-43
US500,15:00,60,day,follow,399,-0.07780068183785957,1.1713110526320152,-1.326776008013903,-0.06642187970738957,0.7152364693074846,8.991321678351234,266,-0.10686834215646118,1.0140281589130402,-1.7188575073345524,-0.10538991567158823,0.26639172145301154,5.517365687922875,-0.12806017611683043,False,2.9675358034556688e-15,5.3729274080039776e-15
US500,15:00,60,day,fade,399,-0.348361069101438,1.1698543166991835,-5.948182441193875,-0.29778158197027504,-0.690210499444444,9.235948385606127,266,-0.13710132574438755,1.00962088964978,-2.214747116223402,-0.13579485839674496,-0.2290832408177172,5.389917846071669,-0.2857327693485181,False,9.903438380679014e-38,2.6998913465801813e-37
US500,15:00,60,recent,follow,390,-0.1628450423254245,1.1363615400465648,-2.8300253009854637,-0.14330390160753909,1.252554386466639,9.68574683342061,220,-0.1757207153829254,1.095810645384805,-2.378476078988253,-0.16035682453259914,0.039083078113197965,4.244730133361866,-0.15326308601698682,False,6.779059980351918e-18,1.2295125927048243e-17
US500,15:00,60,recent,fade,390,-0.2634484699895935,1.1384035102269778,-4.570163716126356,-0.23141923546692722,-1.2630424189451945,9.713838195198184,220,-0.08037017691975377,1.1009580512162127,-1.0827682014250235,-0.07300021724803228,0.0039460496717035175,4.350920425248729,-0.2606231649415222,False,3.5738418463391265e-35,1.0112945850637148e-34
US500,15:00,120,none,follow,0,,,,,,,0,,,,,,,,False,,
US500,15:00,120,none,fade,0,,,,,,,0,,,,,,,,False,,
US500,15:00,120,day,follow,0,,,,,,,0,,,,,,,,False,,
US500,15:00,120,day,fade,0,,,,,,,0,,,,,,,,False,,
US500,15:00,120,recent,follow,0,,,,,,,0,,,,,,,,False,,
US500,15:00,120,recent,fade,0,,,,,,,0,,,,,,,,False,,
US500,15:00,240,none,follow,0,,,,,,,0,,,,,,,,False,,
US500,15:00,240,none,fade,0,,,,,,,0,,,,,,,,False,,
US500,15:00,240,day,follow,0,,,,,,,0,,,,,,,,False,,
US500,15:00,240,day,fade,0,,,,,,,0,,,,,,,,False,,
US500,15:00,240,recent,follow,0,,,,,,,0,,,,,,,,False,,
US500,15:00,240,recent,fade,0,,,,,,,0,,,,,,,,False,,
US500,15:30,60,none,follow,0,,,,,,,0,,,,,,,,False,,
US500,15:30,60,none,fade,0,,,,,,,0,,,,,,,,False,,
US500,15:30,60,day,follow,0,,,,,,,0,,,,,,,,False,,
US500,15:30,60,day,fade,0,,,,,,,0,,,,,,,,False,,
US500,15:30,60,recent,follow,0,,,,,,,0,,,,,,,,False,,
US500,15:30,60,recent,fade,0,,,,,,,0,,,,,,,,False,,
US500,15:30,120,none,follow,0,,,,,,,0,,,,,,,,False,,
US500,15:30,120,none,fade,0,,,,,,,0,,,,,,,,False,,
US500,15:30,120,day,follow,0,,,,,,,0,,,,,,,,False,,
US500,15:30,120,day,fade,0,,,,,,,0,,,,,,,,False,,
US500,15:30,120,recent,follow,0,,,,,,,0,,,,,,,,False,,
US500,15:30,120,recent,fade,0,,,,,,,0,,,,,,,,False,,
US500,15:30,240,none,follow,0,,,,,,,0,,,,,,,,False,,
US500,15:30,240,none,fade,0,,,,,,,0,,,,,,,,False,,
US500,15:30,240,day,follow,0,,,,,,,0,,,,,,,,False,,
US500,15:30,240,day,fade,0,,,,,,,0,,,,,,,,False,,
US500,15:30,240,recent,follow,0,,,,,,,0,,,,,,,,False,,
US500,15:30,240,recent,fade,0,,,,,,,0,,,,,,,,False,,
XAUUSD,02:00,60,none,follow,920,-0.3272088748817508,0.9226943746919962,-10.756255637712352,-0.3546232467180437,-1.408032986021414,24.10393330624518,515,-0.1621487865200625,0.963163154454989,-3.8204758342923717,-0.16835027977353978,-0.9372079281943915,11.726954823032756,,False,6.665689938585897e-80,4.9418940590685445e-79
XAUUSD,02:00,60,none,fade,920,-0.2424532711363227,0.9278535867475,-7.9257890783146125,-0.2613055277247124,1.0783263254848239,24.418683254682783,515,-0.24691556893068042,0.9674234290246612,-5.79209249089269,-0.2552300900750525,0.7856428929284087,10.946392658794016,,False,1.4360710421383735e-44,5.09645783379629e-44
XAUUSD,02:00,60,day,follow,397,-0.366133597139698,1.114183603023551,-6.547538683648253,-0.32861154673801,-2.8465682653337008,26.138451649918604,195,-0.2653916618725213,1.212046512286245,-3.0576325532360564,-0.21896161507195083,-1.4969091513431172,10.35318939875472,,False,2.271723432672464e-53,8.969763469463155e-53
XAUUSD,02:00,60,day,fade,397,-0.22839893693322544,1.1048169099174308,-4.119068542426457,-0.20673012413459077,2.6231620422051507,24.617439785220714,195,-0.18200012893812065,1.2234942384216,-2.0772418934865873,-0.14875438169035807,1.348243589992853,9.76231647946676,,False,3.8954937586319123e-16,6.227150701391105e-16
XAUUSD,02:00,60,recent,follow,342,-0.3867849254549936,1.1285136096808381,-6.338343791759127,-0.34273837917150385,0.6292687744310662,28.19520450558915,224,-0.291405912942356,1.0357376946812813,-4.210877299569142,-0.2813510741559212,0.24597409102785062,5.770767314911484,,False,5.372832542243454e-19,8.420830549805631e-19
XAUUSD,02:00,60,recent,fade,342,-0.20605241595183968,1.115066419764369,-3.417354452771128,-0.18478936527869058,-0.9818880028448776,29.317777814123705,224,-0.14830926982910336,1.034026081259784,-2.1466478845757395,-0.1434289448950977,-0.42369579343154257,6.418705925971815,,False,5.0987249101329076e-21,9.801274412437007e-21
XAUUSD,02:00,120,none,follow,920,-0.23001003164283756,0.8879428628805096,-7.856980415032409,-0.25903697327627484,-1.7341663269627385,24.042131620376885,515,-0.06203518594552113,0.9782609591642707,-1.4390867712836177,-0.06341373982512585,0.4571361980997496,7.331540022327458,,False,1.060851630147579e-77,1.0152363589716575e-76
XAUUSD,02:00,120,none,fade,920,-0.12181403798973763,0.884706804062032,-4.176301903284009,-0.1376885963015568,1.6132436334623685,23.37154898068231,515,-0.18835780424384235,0.9759601430912751,-4.379808797186013,-0.192997434964131,-0.5192246837145559,7.45070435873154,,False,6.811863024431374e-36,2.43083294352941e-35
XAUUSD,02:00,120,day,follow,397,-0.23189845291145295,1.0714771487336203,-4.312312162826172,-0.2164287434272713,-2.2299325552986047,25.31367044017765,195,-0.16289052674820229,1.198629654998459,-1.8977024361797445,-0.13589729410491827,-0.6980164996105962,6.744868776446079,,False,6.744915142408514e-35,1.9458430848475393e-34
XAUUSD,02:00,120,day,fade,397,-0.13539361283999565,1.0712817426715517,-2.5181971435891257,-0.12638469176404743,2.0862456222426524,24.439220640481363,195,-0.1099613295727872,1.2037914641247955,-1.2755750870876776,-0.09134582928176309,0.6985658284016583,6.780165773647729,,False,1.4782540039778486e-15,2.507396756628569e-15
XAUUSD,02:00,120,recent,follow,336,-0.14027355096430374,1.0777585476791391,-2.385744624075264,-0.13015303962689123,2.1986188170326644,27.47632301737244,215,-0.12065919321998583,1.0834601704380773,-1.6329267231654652,-0.11136467819689162,-0.6001362425757512,7.938048178301684,,False,2.787543574374035e-13,4.3227341286352143e-13
XAUUSD,02:00,120,recent,fade,336,-0.23365601344386805,1.080219765880651,-3.9649204801032942,-0.21630414553040472,-2.286602379213099,28.175961922290284,215,-0.14089744340259192,1.0828941207091092,-1.907815386277447,-0.13011192941958938,0.5710062378668431,8.071961477445042,,False,4.243117998637563e-29,1.0171035950524251e-28
XAUUSD,02:00,240,none,follow,920,-0.13005326255506655,0.8111571614913105,-4.863065940191013,-0.16033053608990389,-0.26190585008587985,7.333114888219884,515,0.001031660878957345,0.8839231362966417,0.026486591604202494,0.0011671386759709423,-0.14058289105957014,6.171405362397982,,False,1.8171633092052617e-51,1.066317242126984e-50
XAUUSD,02:00,240,none,fade,920,-0.1078301050255403,0.8114464053302558,-4.030640841621,-0.1328862933118224,0.20759144348810138,7.340433170026291,515,-0.17779258411685048,0.8843194816988063,-4.562554488076332,-0.20105017224691826,0.1220534894478305,6.128143336755018,,False,8.893825084362463e-44,4.328566798657781e-43
XAUUSD,02:00,240,day,follow,397,-0.1694765517066679,0.9398735596763664,-3.5928198378987126,-0.18031845875632996,-0.8862413302951233,7.945653247436395,195,-0.11005623991471383,1.05826232270157,-1.452240828682588,-0.10399712581069533,-0.52401633996062,6.255139140501639,,False,1.0639229933505228e-27,2.5834556032023944e-27
XAUUSD,02:00,240,day,fade,397,-0.07837238252806115,0.9400294983777805,-1.6611804862785533,-0.08337225870391222,0.8429629912248991,7.7730675998673116,195,-0.0839307137745003,1.0651006690561968,-1.1003923556169957,-0.07880073331366197,0.5498649436388513,6.237075539903616,,False,5.425271848762364e-16,9.890959873221247e-16
XAUUSD,02:00,240,recent,follow,395,-0.1271454376411626,0.9157304956234468,-2.75950796238464,-0.13884591399852808,-0.9089735738001183,8.123980970917133,225,-0.14369764373748087,0.9978131207912955,-2.1601887278780874,-0.14401258185853916,-0.4703129763838085,6.26620339574116,,False,2.4358343465427858e-23,5.43496612054383e-23
XAUUSD,02:00,240,recent,fade,395,-0.1201555117107141,0.9152679148511746,-2.6091197179478747,-0.13127906021948968,0.8767496648428992,8.010496813794877,225,-0.043477661491651776,1.0005769277358962,-0.6517888872877514,-0.043452592485850094,0.4571209605610101,6.294021068040998,,False,2.334908031634851e-18,4.375401732735291e-18
XAUUSD,02:30,60,none,follow,920,-0.2529481419486746,0.8946883046340611,-8.575385390716994,-0.28272208392411435,-1.7641511065303666,24.18307560665929,515,-0.11117949764689493,0.9439583115134309,-2.67285566370316,-0.11778009292448827,0.227130463690038,8.334821302874733,,False,1.5567119783303138e-81,1.5255500949029693e-80
XAUUSD,02:30,60,none,fade,920,-0.21348885064403056,0.8932731982187625,-7.249111991070619,-0.23899614481856105,1.5994592887584564,23.399134232638943,515,-0.22972591072440163,0.9482435155243719,-5.497860485591215,-0.24226467881234584,-0.28670397073421583,8.347648878789204,,False,5.653891612062861e-41,1.8864990889877656e-40
XAUUSD,02:30,60,day,follow,395,-0.24935789608997505,1.025518491344488,-4.832570263341328,-0.24315299840479598,-2.5553250885785666,30.510593809414356,204,-0.14140456683096816,1.178840876889685,-1.7132602258531329,-0.11995220865097359,-0.1062701570126159,7.7405505295901955,,False,2.0599622623215863e-37,6.111817626955215e-37
XAUUSD,02:30,60,day,fade,395,-0.24142870409735143,1.026673158803668,-4.673639853765573,-0.2351563416527578,2.364402851024852,29.40509053517465,204,-0.2268119763943533,1.1847624607282383,-2.7343227859549253,-0.19144088702383322,0.11959405644277123,7.59325913986303,,False,2.389172861077976e-16,3.755734145078839e-16
XAUUSD,02:30,60,recent,follow,374,-0.21453977840477262,1.0441131301492024,-3.9737091062063796,-0.2054756062440429,-2.689914914675785,29.915113555576628,222,-0.14508567301099345,1.0348419686205028,-2.088944888589882,-0.14020080109854846,0.861670693319627,7.720314593925382,,False,9.869368894908253e-34,2.8001489994784002e-33
XAUUSD,02:30,60,recent,fade,374,-0.2736608720761026,1.0546214391358124,-5.018245593805544,-0.2594873021928592,2.461304646036697,28.126844804532276,222,-0.2053045200160668,1.0489044347324525,-2.9163461913568947,-0.19573234054295374,-0.819619616594769,7.391185144313125,,False,1.0026145243644786e-15,1.5191766388099785e-15
XAUUSD,02:30,120,none,follow,920,-0.18774178779557119,0.8055894868700886,-7.068724782040016,-0.23304895465430386,-0.8213679518118215,12.447926877152483,515,-0.06329836619779358,0.8837177247697703,-1.6254834397366338,-0.07162735840144469,0.7006791076132282,9.315070633154068,,False,2.4878538215224553e-69,2.0327407788745448e-68
XAUUSD,02:30,120,none,fade,920,-0.13462917624112936,0.8033555269730758,-5.083060937755707,-0.16758355637184957,0.7412711126775228,12.070769609982634,515,-0.16974108779447258,0.8816517463501535,-4.369115477905924,-0.19252623101713773,-0.7541315223720185,9.285973158594457,,False,2.5279045430795576e-44,1.1250038117006162e-43
XAUUSD,02:30,120,day,follow,395,-0.17289949692075268,0.9043044140844968,-3.7999477647889197,-0.19119612182341644,-1.5898799394842353,16.118025711542774,204,-0.14102690708869878,1.0811699757607771,-1.8630438988356555,-0.13043916336047312,-0.6430198198818139,9.345274409533877,,False,1.1655583565938654e-30,3.068648037727147e-30
XAUUSD,02:30,120,day,fade,395,-0.16552331779998034,0.9062099295365063,-3.63018630585576,-0.18265449583480017,1.4937601678769608,15.348834754531522,204,-0.11156565550526182,1.0821700317793068,-1.472482365020395,-0.10309438649102606,0.6443715905030494,9.543546825041886,,False,1.403513407349983e-18,2.4904743128461962e-18
XAUUSD,02:30,120,recent,follow,342,-0.08670798459238332,0.9204312004620752,-1.7421310168174684,-0.0942036564480367,1.556848549183696,15.96798926803266,219,-0.06391701718218569,1.0653859910179604,-0.8878335964426858,-0.05999423469151677,-0.6463416007411599,8.542739134922943,,False,1.351807540607484e-13,2.2022072109740293e-13
XAUUSD,02:30,120,recent,fade,342,-0.25245401301386344,0.9315331753304242,-5.011837777145279,-0.27100914889511635,-1.5840009607987153,16.05546245029721,219,-0.17398641728802705,1.072324278683504,-2.401105616585294,-0.16225168146116278,0.5976386420076724,8.630655213153386,,False,2.1868256086412358e-34,5.652223478521449e-34
XAUUSD,02:30,240,none,follow,920,-0.12044669064232891,0.7898256796198935,-4.6254877568859705,-0.1524978153410944,0.20276229528882772,6.226759722325803,515,0.0033426414670971964,0.8636980036685876,0.08782769706698512,0.0038701507389147702,-0.12281034176518502,7.985998061702643,,False,4.252626755874381e-47,2.191076006608325e-46
XAUUSD,02:30,240,none,fade,920,-0.11396743667483059,0.7909236793878556,-4.370590485554465,-0.1440941011692013,-0.25211334489377657,6.2152790244585265,515,-0.1788030483091869,0.8637343180173295,-4.697841474196821,-0.20701162913107674,0.11827733279437408,7.954501937330737,,False,1.1695931058319115e-48,6.568193163767245e-48
XAUUSD,02:30,240,day,follow,395,-0.15518899317052187,0.8472135894709905,-3.640546227101988,-0.18317576004348984,-0.4910012682309135,7.130667848931616,204,-0.12762560942608278,0.9930663216171915,-1.835585671420791,-0.1285167029108858,-1.494636817636174,8.823217055077468,,False,4.164196935049501e-26,9.532540443888293e-26
XAUUSD,02:30,240,day,fade,395,-0.08946924188080928,0.8472143317438092,-2.0988384481718705,-0.10560402312441529,0.46627021552695824,6.971190544189392,204,-0.06339151640424617,0.9997050195724694,-0.9056791123672198,-0.06341022117839919,1.5099347061057944,8.983434714375072,,False,1.0842563769442227e-17,2.0519637694671886e-17
XAUUSD,02:30,240,recent,follow,408,-0.06309166982604499,0.8842335325562005,-1.4412360706014096,-0.07135181770776712,0.12065050167524435,5.256841708883444,211,-0.15851953511868153,1.0093433518722252,-2.281314132165745,-0.15705214169652432,-1.3113577647808845,8.038299874743165,,False,1.7491772942134038e-16,3.315123453700771e-16
XAUUSD,02:30,240,recent,fade,408,-0.1802122664633094,0.8846293285884771,-4.114841360739672,-0.2037150031537591,-0.13649677855263803,5.275818751928357,211,-0.030109061559037715,1.0191734192594573,-0.429131464555397,-0.029542628359475166,1.3141475090714907,8.130366004363898,,False,1.8548908514700367e-27,4.300598699895022e-27
XAUUSD,03:00,60,none,follow,920,-0.25443428995243855,0.8237347799943218,-9.36876080147223,-0.30887889662033263,-0.006705272818959118,6.792894755380525,515,-0.11396048629558023,0.9409769950898244,-2.7483934341903486,-0.12110868479276873,1.0439396679852604,9.965901029555635,,False,2.2815578846268917e-75,1.720445938484912e-74
XAUUSD,03:00,60,none,fade,920,-0.19556623842791082,0.8172587412746859,-7.258188146131337,-0.23929537678958854,-0.0906512079330194,6.614950422651717,515,-0.20463898243941434,0.9344809710532721,-4.96960098274383,-0.21898678387079584,-1.09512163564537,10.200341212721433,,False,1.1276673664361242e-64,7.802233970560826e-64
XAUUSD,03:00,60,day,follow,402,-0.2556290223683845,0.9060610676113133,-5.65673346389557,-0.282132222105415,-0.06866755054031333,7.006992515719635,198,-0.16096763734743288,1.1040030041104743,-2.0516388276794686,-0.1458036225880825,-0.9995330874528958,10.985849444780882,,False,2.0647783812436866e-32,4.958449568546057e-32
XAUUSD,03:00,60,day,fade,402,-0.21411050328155878,0.9050359626191296,-4.743349899396192,-0.2365767904536451,-0.05175068294524142,6.843635269546933,198,-0.1797689958776458,1.112237363596233,-2.274311290889811,-0.16162826547778694,1.033953100590142,11.284388654919923,,False,7.762794155323447e-29,1.7896986138990775e-28
XAUUSD,03:00,60,recent,follow,421,-0.2053308346027943,0.8322455785398128,-5.062251570364551,-0.24671904531238278,0.593223726391067,6.938235863369766,237,-0.021294614981516295,0.9814415754543099,-0.3340254161569399,-0.02169728235902275,0.9421058957061191,6.771967680301239,,False,3.566756537465712e-27,7.70675147358606e-27
XAUUSD,03:00,60,recent,fade,421,-0.2573157870168262,0.8324508551825422,-6.342330599895344,-0.30910627986609646,-0.7439846111313655,7.548503417555043,237,-0.3029556021281095,0.9986969223188682,-4.670027620670077,-0.3033508919049022,-0.9775862251075944,6.9101367761963095,,False,3.407637680729393e-43,1.0604530107657661e-42
XAUUSD,03:00,120,none,follow,920,-0.16202029592439846,0.7898618332834939,-6.2217449768186475,-0.20512485740812697,0.31575751302373595,4.880245238800342,515,-0.04408958992967776,0.8881522095739128,-1.1265546732229366,-0.049641930126852404,0.1965515118128732,11.378280884839896,,False,4.1058319217697874e-55,2.345908562354459e-54
XAUUSD,03:00,120,none,fade,920,-0.15663966510619454,0.7892103911669938,-6.0200883485169,-0.19847643525647676,-0.3802077501355917,4.867335106775792,515,-0.1847268730509348,0.885410431329423,-4.734662852884705,-0.20863417293782244,-0.2120855002604929,11.193385424081086,,False,1.6985677309989674e-61,1.2254727851731246e-60
XAUUSD,03:00,120,day,follow,402,-0.2153337120505589,0.868945251782829,-4.968584030972818,-0.2478104479065341,-0.26543331172934986,5.069819881557464,198,-0.16147199985871885,1.0314951911429768,-2.2027368214920586,-0.1565416894283291,-1.3689607392784537,11.482132930865593,,False,6.086878199904369e-32,1.5170547243976923e-31
XAUUSD,03:00,120,day,fade,402,-0.11778918817221129,0.86639835654575,-2.725842981502834,-0.13595269114062714,0.21120730638207155,5.13587758538754,198,-0.08432270950838805,1.038854018612899,-1.1421486325400603,-0.08116896888070724,1.3844945199976535,11.73721765564569,,False,1.3969387280659663e-20,2.8260777711224015e-20
XAUUSD,03:00,120,recent,follow,391,-0.14743309250409467,0.8108584800736527,-3.5953261286843676,-0.18182345764047864,0.11550629353380629,4.720691804788751,229,-0.05769585481886329,1.0549130583391089,-0.8276480288725373,-0.054692521210896385,-0.5114616539610154,11.579935030387619,,False,1.0793676679229938e-23,2.280878280866099e-23
XAUUSD,03:00,120,recent,fade,391,-0.17743003920006503,0.8091169853918588,-4.336149118405592,-0.21928848658903743,-0.19390072563773597,4.8897583907451,229,-0.1746687170564998,1.0664977252490486,-2.478408774931828,-0.1637778618006064,0.5218535298752255,11.571020468187085,,False,3.844060472651126e-28,8.896559587951942e-28
XAUUSD,03:00,240,none,follow,920,-0.11144401631746852,0.7811715145963273,-4.327173118476563,-0.14266267296633,0.8054402009060405,8.113714846154972,515,-0.02740524903392996,0.8765535323555995,-0.7095106572744928,-0.031264775079147385,-1.23200694894058,17.739674341132886,,False,6.28860617781444e-42,2.7677952611538417e-41
XAUUSD,03:00,240,none,fade,920,-0.12314312570076105,0.783301232036097,-4.7684285216955855,-0.1572104327994804,-0.8470044307356026,8.027947819838166,515,-0.1474811354873831,0.8788938194194674,-3.808059072568017,-0.16780313187865886,1.2375768586848486,17.95187296071784,,False,1.3866597973377356e-55,9.539464873268516e-55
XAUUSD,03:00,240,day,follow,402,-0.16223717590825715,0.8432166278344516,-3.8576626160250593,-0.19240272375191955,0.5447739630975397,10.448910962296807,198,-0.09575375939978109,1.048108735335627,-1.2855296220976191,-0.09135861210918986,-2.572812792370652,20.067780345938594,,False,1.7471870275380218e-22,3.493661019021036e-22
XAUUSD,03:00,240,day,fade,402,-0.08139220435791283,0.8415802537811137,-1.9391004193709978,-0.09671353859863982,-0.573190417589568,10.326159564744293,198,-0.09305594858738063,1.052190707433482,-1.244463816443167,-0.08844019238144003,2.6242420683436283,20.503746557986375,,False,6.356011153897756e-19,1.281145598021665e-18
XAUUSD,03:00,240,recent,follow,387,-0.06382578628705748,0.798863697767864,-1.5717337175743178,-0.07989571495787777,-0.04583423807193929,4.194056415851881,241,-0.04892359245361517,0.8780902110790348,-0.8649434721351082,-0.055715906903797234,-0.3792453731452563,6.397791004384813,,False,1.6874127086569884e-16,3.158569663913809e-16
XAUUSD,03:00,240,recent,fade,387,-0.17774516568438933,0.7976899783297321,-4.383481159213455,-0.22282486995332015,0.0008564104736476486,4.141428680157535,241,-0.13002395167126515,0.8786418078598258,-2.2973121952385114,-0.14798288734743265,0.4157438988539101,6.628170861033901,,False,2.539672310153214e-27,5.697230938314825e-27
XAUUSD,03:30,60,none,follow,921,-0.24251957289150655,0.7357687172705392,-10.003115672303789,-0.32961386805241555,-0.012125431170056157,4.901730595374492,515,-0.1457415387909161,0.7861485084563633,-4.207095498882047,-0.1853867777184821,0.029173735079395684,4.813102967247743,,False,1.1818086805956194e-82,1.0164246487074035e-81
XAUUSD,03:30,60,none,fade,921,-0.209790429435364,0.7335100989307817,-8.679793428753305,-0.2860089175884149,-0.07331735074027647,4.926755008268736,515,-0.17537359299226873,0.7770760934980092,-5.121583598788789,-0.22568393811064788,-0.06149915027052061,4.754911035982163,,False,2.794655780417035e-75,2.263719521761357e-74
XAUUSD,03:30,60,day,follow,424,-0.2787483360222953,0.7604356354726728,-7.548014943611225,-0.36656401017954726,-0.04189285388344723,3.7851849560880915,212,-0.21445173466222467,0.8478452059273013,-3.682823664917182,-0.25293736776830095,-0.30477357511954234,5.5732811841272,,False,2.77012671198045e-44,8.076855110105772e-44
XAUUSD,03:30,60,day,fade,424,-0.19176846857345078,0.7620513895268678,-5.181742995998113,-0.251647685719087,0.0060450438399151105,3.9215975363463866,212,-0.13669683290362275,0.8476947789880005,-2.347939352046139,-0.16125713675718858,0.3852657844644849,5.691438396442686,,False,1.9250932597750965e-32,4.841776372295146e-32
XAUUSD,03:30,60,recent,follow,411,-0.24818484443844574,0.7365117360091795,-6.831506673360543,-0.3369733736807046,0.28899324105144497,4.532218353165804,276,-0.1464136665191221,0.8516415732778038,-2.8561387661810302,-0.1719193509490198,0.2643718249017809,4.716784913732617,,False,7.366658997564984e-36,1.8036711641895143e-35
XAUUSD,03:30,60,recent,fade,411,-0.22099862649598873,0.7289893032886994,-6.145954343479789,-0.30315757103567176,-0.28442871270195513,4.468066336478052,276,-0.17972065904079057,0.8550675133561388,-3.491822322165121,-0.21018300453888983,-0.25805162466947124,4.569358036244083,,False,8.131001204521464e-39,2.2651826711470693e-38
XAUUSD,03:30,120,none,follow,921,-0.1581357013345032,0.7656384490200286,-6.2681013393589895,-0.20654096138576558,0.5963656780970608,5.994340279132869,515,-0.07079528296882032,0.849576893975907,-1.891059719932691,-0.083330047545794,-0.1655633857588794,7.778834604440733,,False,3.0935073217001485e-52,1.6017230899511546e-51
XAUUSD,03:30,120,none,fade,921,-0.16514105661667827,0.7697979346818887,-6.510406895961817,-0.2145252009346078,-0.680655363946764,6.071175266677719,515,-0.17024422814588866,0.8500480491360202,-4.544985858929666,-0.20027600594922026,0.1785360850011531,7.731997688528415,,False,1.1635079389183416e-68,9.982932467786674e-68
XAUUSD,03:30,120,day,follow,424,-0.19994345933061444,0.7859237854001165,-5.238533162167807,-0.2544056599951642,0.020279353681214828,6.378324459522132,212,-0.1922821348086389,0.927166169483956,-3.01959911227448,-0.20738691848049165,-1.263878293178288,9.350494751800907,,False,1.7695360396034957e-31,4.3055041073232135e-31
XAUUSD,03:30,120,day,fade,424,-0.13610158623942348,0.7858320142666,-3.5662878785372665,-0.17319424987596635,-0.08311687911712622,6.421889085706745,212,-0.07230341382887623,0.9345191079186314,-1.1265190697206702,-0.0773696473578919,1.335823184642039,9.770258117962621,,False,2.5401707234169576e-25,5.751210990408393e-25
XAUUSD,03:30,120,recent,follow,419,-0.14165428213033812,0.7726580664556048,-3.752747774506066,-0.18333372584867366,0.47411916798345105,4.99000309794497,256,-0.0625237450450035,0.9610242360347129,-1.0409518128780277,-0.06505948830487673,0.9031526128942547,8.384110500318815,,False,5.9247161422147505e-24,1.2603653875564626e-23
XAUUSD,03:30,120,recent,fade,419,-0.1901470277321311,0.7635869571449322,-5.097274841306726,-0.24901817134631904,-0.542619494669422,5.026065103338589,256,-0.18872110223398156,0.9599888487285865,-3.1453882404392446,-0.1965867650274528,-0.8405174674280145,7.90531661890043,,False,1.0941063998273067e-35,3.047879694930527e-35
XAUUSD,03:30,240,none,follow,921,-0.11315766492217695,0.749768057580977,-4.580225473877432,-0.15092356066389986,0.4062887641219591,5.613054327541428,515,-0.0513535132379158,0.8368596899750014,-1.3925831166755502,-0.06136454396489074,-1.2937223422995832,12.500826163828435,,False,8.957007707394705e-46,4.4214401406610204e-45
XAUUSD,03:30,240,none,fade,921,-0.12708966484119216,0.7521282712465877,-5.12800141200973,-0.16897339150747787,-0.46940711268358476,5.579973236471897,515,-0.1288251594899679,0.8390291630278794,-3.4843939179332,-0.1535407410930331,1.3113489804999492,12.744976187126506,,False,1.0856108026253026e-55,7.168038405618657e-55
XAUUSD,03:30,240,day,follow,424,-0.12375204364883337,0.7693600626532999,-3.312116998133872,-0.16085062073803055,0.2124443514104266,5.974724414755795,212,-0.16810540911810748,0.9475348700571106,-2.5831784983037474,-0.1774134276535652,-2.1857138501576263,15.174350281627762,,False,2.3110631020331397e-23,4.98110264172869e-23
XAUUSD,03:30,240,day,fade,424,-0.12531315362846246,0.7700649557000806,-3.350828711290744,-0.16273062772287553,-0.2497630138562171,5.875123910632461,212,-0.02990986586892082,0.9562103270386223,-0.4554376880110588,-0.031279588834343064,2.210094984513767,15.415142031392644,,False,3.7429954513624717e-25,8.569461503568795e-25
XAUUSD,03:30,240,recent,follow,420,-0.0896712198162441,0.785050957950978,-2.3408839012918476,-0.11422343850173806,0.25261190947840034,6.619032697172286,244,-0.09950966164879074,0.9550902392994591,-1.6274803587399382,-0.10418875364256598,1.727100158947351,14.30857657437733,,False,1.132285730984872e-19,2.2870203254751576e-19
XAUUSD,03:30,240,recent,fade,420,-0.15939256080663444,0.7821474235566113,-4.1764191093767336,-0.20378838567522012,-0.312474161422219,6.526930424572633,244,-0.08958971859806265,0.9530972158107536,-1.468303671519743,-0.09399851044770184,-1.6815992065334855,13.895466872589886,,False,8.040558050840803e-29,1.9489509440443077e-28
XAUUSD,04:00,60,none,follow,921,-0.20558906340370406,0.8254976250928387,-7.558123690557904,-0.24904864309038163,0.5022786500832876,7.282903275555808,515,-0.10395548468834287,0.8562886685068317,-2.75505850177067,-0.12140238276143145,-1.088865430763428,11.11847782780509,,False,3.309689295601607e-58,1.8227764826735792e-57
XAUUSD,04:00,60,none,fade,921,-0.25267162645571667,0.8273439817975606,-9.268302051548456,-0.3054009360251101,-0.6247650653202186,7.355611716070544,515,-0.22836342619337052,0.8619994265933668,-6.01205836141433,-0.2649229444338099,1.0397503441288516,11.191420365043848,,False,3.4687719658530625e-88,3.7704844530153887e-87
XAUUSD,04:00,60,day,follow,417,-0.31880119512568245,0.8675632115213625,-7.503896591517279,-0.36746739706335785,0.014172226903081,8.55957522355015,221,-0.25646189113317686,0.8745189230164081,-4.359631340511986,-0.2932605394616087,-0.5121731553824932,4.344341935125515,,False,1.1378029040035772e-37,2.804921835474823e-37
XAUUSD,04:00,60,day,fade,417,-0.15155634091182754,0.8689354105582682,-3.5616779125993174,-0.17441611778078714,-0.15676663948469974,8.908314941155663,221,-0.1004511760095714,0.8838021567078271,-1.6896474815923639,-0.11365798923115683,0.47051840437533177,4.484669678443147,,False,6.725357923015436e-25,1.4976931132032461e-24
XAUUSD,04:00,60,recent,follow,400,-0.2926229309937786,0.9318512931017089,-6.280464128987148,-0.31402320644935744,-0.49385320999587795,7.64201337799562,237,-0.20381636122691657,0.8743265644767572,-3.588719736363478,-0.23311239702397807,0.3418706120941859,5.635061985733635,,False,1.6873633124823832e-38,4.5814140536425187e-38
XAUUSD,04:00,60,recent,fade,400,-0.1813568027172469,0.929312053766722,-3.9030334747551123,-0.1951516737377556,0.37942300326677925,7.508618797521109,237,-0.1279531115053954,0.8720519261895061,-2.2588254831975716,-0.14672648229159446,-0.4273742695430725,5.583078624244024,,False,1.2793891300800928e-23,2.646931525837322e-23
XAUUSD,04:00,120,none,follow,921,-0.12776247144394867,0.7895300851235565,-4.910937825631973,-0.1618209031565335,0.13104799532199346,6.839722636059834,515,-0.0565561433375284,0.81233645160465,-1.5799649747037,-0.06962157518083811,-0.5118403688390425,5.946723568545902,,False,5.740561789163309e-49,3.065778248107884e-48
XAUUSD,04:00,120,none,fade,921,-0.20068677658276987,0.7927869477543283,-7.682314476406902,-0.25314086861702395,-0.24324025533593355,6.912239053281498,515,-0.19617683096298888,0.8197489254942261,-5.430883330405846,-0.23931331272525183,0.4953133066560408,6.1011624675789875,,False,2.0418392923935666e-69,1.5573099141260403e-68
XAUUSD,04:00,120,day,follow,417,-0.21590516924574743,0.8000697228987887,-5.5106551242363935,-0.2698579424596725,0.036484890498393034,6.743085498567307,221,-0.18638280906411558,0.9444890422426938,-2.933628161832615,-0.19733718521662114,-0.8949677626668134,5.977395779682868,,False,6.396276165511541e-32,1.5412272237767357e-31
XAUUSD,04:00,120,day,fade,417,-0.12017538200422058,0.8011297722781912,-3.063237479856303,-0.15000738477422337,-0.1428073158969234,7.0376878413658055,221,-0.0854271856224732,0.9507910440387637,-1.335694548571967,-0.08984853839135483,0.9414668019500009,6.15651698707179,,False,3.609916661962781e-23,7.859217135508218e-23
XAUUSD,04:00,120,recent,follow,435,-0.1669021319604937,0.8232534300820339,-4.228369814983679,-0.20273481513932176,-0.019699945272842145,6.890864230631996,271,-0.19799295612409096,0.8631627538830183,-3.776084405715955,-0.2293807920156438,-0.2870984876542825,4.690797840183591,,False,5.017748836941357e-28,1.1870227611155575e-27
XAUUSD,04:00,120,recent,fade,435,-0.1669094397486269,0.8163637797014208,-4.264241575146372,-0.2044547343950914,-0.12747239819604805,6.771165405647402,271,-0.06227657106456321,0.856126136498776,-1.1974891361034365,-0.07274228458816856,0.27844909908948695,4.788783810019349,,False,9.296038857198552e-29,2.246188498427581e-28
XAUUSD,04:00,240,none,follow,921,-0.1197275805277989,0.7483876073174617,-4.8550916672111875,-0.15998070967122677,0.26675941229517974,5.069478152113389,515,-0.05108089349008128,0.8938917892855796,-1.296812391111572,-0.057144381570957706,-2.4137248587573987,24.675791379965688,,False,3.2306861774052164e-48,1.6902055485372812e-47
XAUUSD,04:00,240,none,fade,921,-0.12221026899657687,0.7513254217582287,-4.936389629868567,-0.16265956862019143,-0.3282801644274595,5.05643269760297,515,-0.13236386372006703,0.8994531571141149,-3.3396003645646135,-0.14716037480457012,2.4156372515920292,24.76323288495411,,False,2.7860207661857233e-53,1.729363254088767e-52
XAUUSD,04:00,240,day,follow,417,-0.1514924449373505,0.7476778458403994,-4.137561763732699,-0.2026172713022827,0.15917421812698326,5.363676092805194,221,-0.14950839120605106,0.9121125070635101,-2.4367630141655163,-0.16391441850455937,-1.388074093630125,10.255256739837378,,False,1.8563235810649897e-26,4.1723144655437094e-26
XAUUSD,04:00,240,day,fade,417,-0.09551509863597143,0.7485710919655358,-2.6055955528034445,-0.1275965631870392,-0.21123474975930678,5.340843942046587,221,-0.047849369479403304,0.9196771233551871,-0.7734584215833876,-0.052028443748647506,1.4008577130732585,10.35632712019806,,False,1.1179927602001707e-21,2.387891111007128e-21
XAUUSD,04:00,240,recent,follow,413,-0.16364820349797318,0.7985883128303969,-4.164504328233629,-0.20492186132547194,0.01698322476402799,5.0072475058821455,257,-0.19529419944128198,0.9856643592582883,-3.17633904187739,-0.19813458568009978,2.848972638108914,28.485104575676303,,False,3.618864905667049e-27,8.295811159830061e-27
XAUUSD,04:00,240,recent,fade,413,-0.08430804540466673,0.7962905829146727,-2.151654156784779,-0.10587597946477391,-0.0816828878461352,4.841296885380397,257,0.008038683577361058,0.9873078270167422,0.13052656702397067,0.008142023548674594,-2.7828082582683247,27.569557705042104,,False,1.7243333028276646e-19,3.503705174590876e-19
XAUUSD,04:30,60,none,follow,921,-0.21723376694258972,0.7992041247185373,-8.2489644435052,-0.2718126198599073,0.7501884337382039,9.29097184625214,515,-0.12515198516059564,0.87551728092824,-3.2439685469656765,-0.14294633342691665,-0.8455081447940532,10.284463972564849,,False,1.173814138388545e-56,5.797459620239564e-56
XAUUSD,04:30,60,none,fade,921,-0.2534862299327726,0.8075912327558672,-9.525605508475069,-0.3138793731920079,-0.9122222971351162,9.626192089832251,515,-0.24431046706839674,0.8878741249466796,-6.244451385140834,-0.27516340459078986,0.8596065871175647,10.346866065199118,,False,1.87262855046535e-93,2.2787506110796156e-92
XAUUSD,04:30,60,day,follow,424,-0.28719638720861074,0.8797071866563843,-6.722390871367307,-0.32646816072992974,0.5291698921705238,9.889107349453932,213,-0.20784776501005037,0.9398753422132623,-3.2274899949436593,-0.22114397056167126,-1.4792339888270822,12.788257895291231,,False,9.27864540647516e-31,2.010979041918649e-30
XAUUSD,04:30,60,day,fade,424,-0.19758481784587734,0.8773362708870601,-4.637355763163956,-0.22520990457410658,-0.7541820670019558,10.598473568495079,213,-0.1982798929266323,0.9546227519018381,-3.0313542829798927,-0.2077049730185155,1.5631140480275425,13.076346261469599,,False,1.46438296816678e-32,3.8605342105592113e-32
XAUUSD,04:30,60,recent,follow,389,-0.20988847795492818,0.8789300251394712,-4.709871931723738,-0.2387999862919946,0.7933903640982456,7.745351168797474,234,-0.15170621049584387,0.9202785111887937,-2.521691808229659,-0.16484815047987314,0.8639989872150237,6.1532883587398155,,False,9.300174885513846e-24,1.8287991703661808e-23
XAUUSD,04:30,60,recent,fade,389,-0.2681537698693628,0.8816441573516802,-5.998813688302569,-0.3041519275473388,-0.9498803860714801,7.9704633643112,234,-0.22589644733771838,0.9251671783377821,-3.7350559552787095,-0.24416824615803948,-0.7469588825630694,5.628621066550637,,False,8.42693812348059e-42,2.545532270240156e-41
XAUUSD,04:30,120,none,follow,921,-0.15268299844644725,0.7650821909401629,-6.056370040460318,-0.19956417788110375,0.18062182907705904,7.512849918012439,515,-0.055386835901782866,0.831202805136091,-1.5121788868467732,-0.06663456326126631,-0.6977414045012879,8.02488471133957,,False,2.6283076902522507e-54,1.4888012652640855e-53
XAUUSD,04:30,120,none,fade,921,-0.19332674454481047,0.7685340523661109,-7.634113945842849,-0.25155260713511535,-0.2936554093542058,7.4392069889952595,515,-0.214599145294686,0.835599004749401,-5.82818982561775,-0.2568207286927598,0.7219404659748692,8.180780210236138,,False,2.1758106839900007e-69,1.6672137862988439e-68
XAUUSD,04:30,120,day,follow,424,-0.20325346930183935,0.7806003492525136,-5.361572145869636,-0.2603809612645838,0.23041126761695296,4.973905309559756,213,-0.15887163156243056,0.8916549438682303,-2.600395078668214,-0.17817613489945364,-1.2983679300651707,10.66403183396103,,False,3.858101636832827e-31,9.211370054249284e-31
XAUUSD,04:30,120,day,fade,424,-0.1524394726532707,0.7809138479430746,-4.0195482087022345,-0.19520651740879733,-0.334911430836606,5.068834286594695,213,-0.13752654976531872,0.9015779118318814,-2.226245661783509,-0.1525398392756582,1.401949363209775,10.982368471905133,,False,9.047411950551614e-29,2.220715429838324e-28
XAUUSD,04:30,120,recent,follow,438,-0.1550276848750661,0.8419642824204373,-3.8534759103252942,-0.18412620120820347,0.5336217820388837,6.661510152144665,256,-0.11704893918753595,0.9284961826563862,-2.017006706093962,-0.1260629191308726,1.0009224935047896,8.843608866330316,,False,1.661883955503563e-24,3.597947548261622e-24
XAUUSD,04:30,120,recent,fade,438,-0.19716326416572144,0.8382445186495484,-4.922574896383471,-0.2352097267314802,-0.6546371309699366,6.896343660882602,256,-0.15802243573664354,0.929420152282589,-2.720361685268852,-0.17002260532930324,-0.9439329182276265,8.260862463019858,,False,1.4515175464280212e-35,4.128913531512665e-35
XAUUSD,04:30,240,none,follow,921,-0.13098165124307395,0.7640462088246547,-5.202602569827171,-0.1714315832344293,-0.3835343219579015,6.312055271666057,515,-0.07428619106683301,0.9158253421705979,-1.8407679690564756,-0.08111392821994562,-2.3882510753458406,21.520964167451705,,False,4.158490759874279e-55,2.665997386192921e-54
XAUUSD,04:30,240,none,fade,921,-0.10697394811802106,0.7647960372564607,-4.24484865714143,-0.13987251882445262,0.3070419279735313,6.14377946204231,515,-0.10358497186690026,0.919993757577207,-2.5551446222074508,-0.11259312469650891,2.408408807160855,21.787882516147395,,False,1.4242092901504872e-44,6.976217646681258e-44
XAUUSD,04:30,240,day,follow,424,-0.10448634413825834,0.801588373422385,-2.6840527874386755,-0.13034912631298962,0.1287929985253551,4.237136181928855,213,-0.1998432350547502,1.0864537880653553,-2.684528349802617,-0.18394085164966878,-3.2413295010590772,23.148410572871743,,False,1.8298890635549393e-21,3.85971752811797e-21
XAUUSD,04:30,240,day,fade,424,-0.1399336524136787,0.8027393231855713,-3.5894719192562023,-0.17432016642509723,-0.1826204246996587,4.148632382856212,213,0.005929059200766645,1.095783445464613,0.07896794808771837,0.005410794646795124,3.2622402146322957,23.253046180279878,,False,3.1044006263734226e-26,7.240877679072392e-26
XAUUSD,04:30,240,recent,follow,420,-0.07615450017396311,0.8229506934944565,-1.896471854407929,-0.09253835105307691,0.7041947048476765,6.826684507043099,265,-0.11224925754180366,1.080504919088324,-1.6911404041641809,-0.10388592921586509,2.657573044474432,21.625276247072495,,False,1.5338387863374617e-17,2.941400413010166e-17
XAUUSD,04:30,240,recent,fade,420,-0.16943883739536908,0.8266228675430465,-4.200782467565516,-0.20497719582690535,-0.7843133518916984,6.884800199290324,265,-0.06687638797125452,1.08146044582937,-1.0066653164224741,-0.061838958816443024,-2.5878685138731896,20.97161562607689,,False,1.0315348779403101e-31,2.742525492879431e-31
XAUUSD,05:00,60,none,follow,921,-0.21677740013279567,0.7466550627492538,-8.810971658103469,-0.290331387206565,-0.23978965424694576,11.030165047640295,515,-0.16125182087000903,0.8931457984579111,-4.097187908693892,-0.1805436706396911,-0.040824278886720015,8.01322422306757,,False,5.987422487341041e-71,4.2285685329883375e-70
XAUUSD,05:00,60,none,fade,921,-0.26541199531642223,0.7485220873088738,-10.7608292966201,-0.3545813808522945,0.07684764913669474,10.964253724411604,515,-0.22944005415750304,0.901099604911126,-5.778299544785076,-0.25462230025073906,0.08049517065010191,7.740403925224698,,False,2.1382347618634203e-73,1.341294660378172e-72
XAUUSD,05:00,60,day,follow,413,-0.26429589038012985,0.7616224067853321,-7.052217914703544,-0.3470169575179309,0.012090726097547324,6.573498046807791,217,-0.3277361105003544,1.0578517381407198,-4.563828942952636,-0.30981289597007555,-0.7059789434131246,7.019371791611359,,False,8.16097522131909e-38,2.0745538646594033e-37
XAUUSD,05:00,60,day,fade,413,-0.22992305393514034,0.7668094286976236,-6.093546096172413,-0.2998438012501357,-0.11111308190915366,6.098558826946426,217,-0.09274395619033997,1.0551677121612244,-1.2947740635346976,-0.0878949906459696,0.7835537744887731,7.277185068407193,,False,1.218271754179711e-35,3.123509470092612e-35
XAUUSD,05:00,60,recent,follow,406,-0.25668624608848906,0.6957594621781658,-7.433725053952003,-0.3689295798937456,0.18013135853115808,4.54755952422102,232,-0.27173972812574837,1.0129262647169752,-4.08619696288178,-0.2682719735791193,-0.05051654001200731,6.9517674127206845,,False,5.062991193489032e-39,1.2888102489046113e-38
XAUUSD,05:00,60,recent,fade,406,-0.23372000760782974,0.7003987898964248,-6.723780409940972,-0.3336956188093819,-0.28077148898399196,4.522617838060304,232,-0.1358808011002349,1.0118644155189984,-2.0454071410182566,-0.1342875577164554,0.11134739477826688,6.745318702604417,,False,1.7201488149614832e-41,4.908938064048403e-41
XAUUSD,05:00,120,none,follow,921,-0.16625798583616086,0.753685996307297,-6.694557620558379,-0.22059317361705794,0.3848250675596165,9.704185232106179,515,-0.12321906005913985,0.9738452932234145,-2.871385722072419,-0.1265283725418916,-3.3526164521665844,42.80098947772602,,False,3.115971289629646e-54,1.64952616044241e-53
XAUUSD,05:00,120,none,fade,921,-0.18496869041480093,0.7578302379053399,-7.407234722945485,-0.2440766825642358,-0.44829796474336203,9.487330403179211,515,-0.1509382597980713,0.9829408879330651,-3.484781496737981,-0.15355781985574465,3.334107561391035,42.56500807514313,,False,2.133411909537665e-68,1.6279621591343536e-67
XAUUSD,05:00,120,day,follow,413,-0.19490879528695135,0.7787143292397101,-5.086608313079274,-0.25029563213155276,1.0710158794307862,9.973741940988344,217,-0.2459424412129309,1.2132688921513566,-2.986113314015274,-0.20271058032059833,-4.066459378918977,39.208427342988415,,False,6.121939301372095e-24,1.1945173697067895e-23
XAUUSD,05:00,120,day,fade,413,-0.16468051584431107,0.781465800616861,-4.2825975858746865,-0.21073285064339117,-1.0589469857472815,9.601160594958984,217,-0.049540523059433544,1.2116980833592912,-0.6022766604692202,-0.04088520378119955,4.186308333414187,40.893306091708894,,False,7.97590404962074e-33,2.1756598397044074e-32
XAUUSD,05:00,120,recent,follow,419,-0.14210348645823295,0.7720052027534413,-3.767831890562186,-0.18407063314004266,1.5870296200026508,11.917328925460659,257,-0.16394084603790812,1.1223136233246833,-2.3417444465566795,-0.1460740051896174,4.228680004520941,48.46241742544037,,False,8.51576054565053e-20,1.5720813892135568e-19
XAUUSD,05:00,120,recent,fade,419,-0.2171800050110618,0.7811361575461929,-5.691151007625467,-0.27803092061862306,-1.5603315452421567,11.55957641633839,257,-0.11341673676543852,1.1172631509755917,-1.627377225520112,-0.1015130022559173,-4.216169853948715,47.926585987340516,,False,1.142509259306176e-46,4.162023704197588e-46
XAUUSD,05:00,240,none,follow,921,-0.14986631022063407,0.7644304338901564,-5.949710863171992,-0.19604963849747623,-0.5365754547400141,6.029527767312496,515,-0.08164818847291355,1.024724073108445,-1.8081865277374471,-0.07967821837661937,-3.032025352227563,29.87949232972312,,False,3.070159691829335e-62,2.2910472320369156e-61
XAUUSD,05:00,240,none,fade,921,-0.07688466629143659,0.7634926830453865,-3.056079653375828,-0.10070124835350401,0.47188358267766584,5.884625384315768,515,-0.08453002897424054,1.0281726955952428,-1.8657290165534848,-0.08221384339067996,3.0431394789120376,30.159548052336763,,False,3.9319441097866095e-38,1.7102439074498991e-37
XAUUSD,05:00,240,day,follow,413,-0.08608219627610457,0.8246182407850883,-2.12146283264761,-0.10439036152553323,0.00600908353998059,4.709289528001311,217,-0.22631656010456863,1.0710268319887983,-3.1127615209245216,-0.2113080208124381,-2.866648319629903,23.889921241992,,False,3.1929059679823165e-19,6.434159696972279e-19
XAUUSD,05:00,240,day,fade,413,-0.14568615808737276,0.8265239123910153,-3.582101550218783,-0.17626369413308754,-0.06284239581849474,4.759344081433833,217,0.04820261459464523,1.073107803824183,0.6616938673204912,0.04491870660419006,2.901974562678294,24.399081711756484,,False,3.5735836353382427e-25,8.010599222215297e-25
XAUUSD,05:00,240,recent,follow,437,-0.016364252856457335,0.7674130477104142,-0.4457668013350122,-0.02132391794129677,0.6467506957864447,6.467753380905027,256,-0.1408474854283628,1.1117664751129621,-2.027008204780442,-0.12668801279877762,1.662943160182958,20.72310256275238,,False,6.731293591144968e-14,1.2288713160535016e-13
XAUUSD,05:00,240,recent,fade,437,-0.21639126094366987,0.7734904219842947,-5.84824416031266,-0.2797594576394943,-0.7224061578100501,6.529740204847004,256,-0.02889130992318271,1.1096047915325955,-0.4165996418710888,-0.02603747761694305,-1.6369352791665623,20.333988404410455,,False,7.770166895301309e-42,2.454415694273959e-41
XAUUSD,05:30,60,none,follow,921,-0.2512444680871926,0.7373594318498464,-10.340632015098326,-0.3407354096724367,0.6432699770502611,7.903098397530494,515,-0.14719954722397302,0.8632542039403521,-3.8696473332904384,-0.17051703490359602,-1.1108938568425908,14.144022959461578,,False,9.362225460629851e-67,5.122619646520542e-66
XAUUSD,05:30,60,none,fade,921,-0.2717476962227199,0.7342620275634288,-11.231677293065957,-0.37009634983370443,-0.7904181847608551,8.0589834426107,515,-0.25011272787787153,0.8584400999035358,-6.611947720349184,-0.2913572279603167,1.1910971741785794,14.538302397259647,,False,2.6051606099691324e-107,3.6836367452935747e-106
XAUUSD,05:30,60,day,follow,410,-0.274171007232068,0.714590774529248,-7.768837738742445,-0.38367554830620926,0.5190804720415653,4.7874302859423885,234,-0.2596364838926191,1.0352498660439649,-3.8364404804072514,-0.25079595990171605,-1.7972405148472994,13.299978910660405,,False,1.4557026900766006e-36,3.422149411585116e-36
XAUUSD,05:30,60,day,fade,410,-0.2591947523407985,0.724141461764153,-7.247608381615226,-0.3579338651723496,-0.6623389016248586,4.80349368969664,234,-0.1669988755221504,1.0373752799463885,-2.462552968525058,-0.16098212358673217,1.8955253383603528,13.807483012011327,,False,1.348928164254592e-50,4.682738821832691e-50
XAUUSD,05:30,60,recent,follow,368,-0.2696424511081136,0.7808927104665953,-6.624007368566251,-0.3453002537915844,1.2920065800305687,9.117594454669751,217,-0.18191470911493907,1.024553215383849,-2.615550819199382,-0.17755515905221642,1.3979771783034447,14.432143478384209,,False,5.034696360907361e-24,8.971076178572273e-24
XAUUSD,05:30,60,recent,fade,368,-0.265586125453185,0.7897402538461472,-6.4512670154509175,-0.33629554041312043,-1.4045212407758607,9.206489759245317,217,-0.22824495314953228,1.023000448790011,-3.2866633811141654,-0.22311324830746343,-1.2174726809825378,13.759164469265512,,False,1.1473223858056828e-49,4.044900272743266e-49
XAUUSD,05:30,120,none,follow,921,-0.17529890730335274,0.7149556048078597,-7.440976774715631,-0.2451885209718208,0.27660698370934944,4.486251193559853,515,-0.13911080444660479,0.9333700424265764,-3.3822882663217575,-0.14904142850454508,-3.0505704611854885,33.70089532207676,,False,1.5985270135521815e-62,1.0156736577670771e-61
XAUUSD,05:30,120,none,fade,921,-0.18884273965433176,0.7151455161553006,-8.01374810958345,-0.26406197814057575,-0.35183204729616013,4.543841895192177,515,-0.13487980064365176,0.9368879260255882,-3.2671034617051475,-0.14396577957390383,3.1037241481724553,34.45003650364671,,False,1.4600188596556718e-76,1.3257276889224003e-75
XAUUSD,05:30,120,day,follow,410,-0.15646877642297294,0.7498364033128472,-4.22525664959048,-0.20867055231205006,0.15640394736859256,3.795903916312033,234,-0.22008896812512904,1.1593899667759995,-2.9038666247489338,-0.1898316998008414,-3.5759339239337,29.238727313943905,,False,6.490209590563341e-27,1.4672501246730856e-26
XAUUSD,05:30,120,day,fade,410,-0.21518084625432415,0.7556411988581665,-5.766070009645665,-0.28476590024403037,-0.1972942548084091,3.7668397289193636,234,-0.0747991191423333,1.1679094678922648,-0.9797047937147779,-0.0640453059065647,3.64664300054685,29.877551484974514,,False,2.025043002297054e-36,5.431030213402038e-36
XAUUSD,05:30,120,recent,follow,393,-0.17251703084104222,0.7446764375429705,-4.592621321320576,-0.23166710015729128,0.6439908140134071,5.062979658176069,229,-0.19810152787153026,0.8349235404271249,-3.5905324841321598,-0.23726906510527507,-0.13884360434207488,5.17633911259255,,False,6.659153827862849e-25,1.3684091943266707e-24
XAUUSD,05:30,120,recent,fade,393,-0.20110914185158707,0.7472251798971177,-5.33551800459542,-0.269141280650201,-0.7062086392084793,5.191283907229839,229,-0.09435658787340048,0.8325155533072892,-1.7151322487181873,-0.11333912921933434,0.1401481375120241,5.58133532660837,,False,2.192757095195655e-37,6.2047954152175335e-37
XAUUSD,05:30,240,none,follow,921,-0.1326467091943627,0.7538869858048576,-5.339739236405675,-0.17595039003458549,-0.28270059567215355,3.891299292562034,514,-0.0492135650139855,0.9386062646446962,-1.1887292175256596,-0.052432598063486185,-2.9534218102773235,28.100693165659134,,False,4.3106525517774075e-56,2.812950283211371e-55
XAUUSD,05:30,240,none,fade,921,-0.07658984913976302,0.7514986927834854,-3.092949290424698,-0.10191614419990662,0.24516415407648087,3.905286726525507,514,-0.10482045164509055,0.9392062087177258,-2.5302686304936657,-0.11160536490511411,2.9751254934575933,28.598974111787456,,False,2.696463723592369e-39,1.224282097641867e-38
XAUUSD,05:30,240,day,follow,410,-0.018853321918756057,0.8065354096569504,-0.47332165276647614,-0.02337569025862743,-0.0024237666258473587,3.8240308619802077,233,-0.14677639532902664,1.1364900730010041,-1.9713717628154965,-0.1291488582398704,-3.2835515800700508,26.761628005913135,,False,1.928797059155815e-13,3.432112783551602e-13
XAUUSD,05:30,240,day,fade,410,-0.19382235640471676,0.808146363861029,-4.856302982633496,-0.2398357093122391,-0.04278262653362218,3.862185420507134,233,-0.017713156692017753,1.1401862008378743,-0.23713635732192961,-0.01553531930048014,3.3087509003134787,27.082299945158613,,False,1.0056240988798395e-30,2.4450651247635727e-30
XAUUSD,05:30,240,recent,follow,428,0.009569683064068229,0.7468354492941451,0.2650907142251333,0.012813643317430635,0.23343766760312093,3.31676208807885,251,-0.03009815528891133,0.9607997126348415,-0.49629954244756863,-0.03132614934529059,1.7599153794640123,16.09744018785177,,False,1.1817466897366046e-11,2.0363167753723986e-11
XAUUSD,05:30,240,recent,fade,428,-0.2226815071886333,0.7488746200605294,-6.151725160795638,-0.29735485917607224,-0.28962479783477824,3.333897161994467,251,-0.13030653963629402,0.9607499665609117,-2.14878366936319,-0.1356300225570006,-1.7444928691884463,15.692906256580448,,False,9.711825762877637e-41,2.881789238085676e-40
XAUUSD,06:00,60,none,follow,921,-0.2748680048773917,0.7790603931106503,-10.707371708545587,-0.35281989343585085,0.598689120583962,8.329214878123862,515,-0.21388080300721998,1.033145348341011,-4.6980106379233595,-0.20701908337550218,-3.5660492581548957,50.40543601410458,,False,3.645482443055411e-68,2.007795412051256e-67
XAUUSD,06:00,60,none,fade,921,-0.24630734779680566,0.7841566049832724,-9.532446533443878,-0.31410479262883956,-0.6737553708294683,8.203900567444645,515,-0.174098120753973,1.043412494908663,-3.7865322903221115,-0.16685454851603343,3.5355631324579258,50.749569360265845,,False,9.595017335495029e-90,1.0541696404932493e-88
XAUUSD,06:00,60,day,follow,423,-0.28737192252031124,0.8245154052231801,-7.168292903341899,-0.348534327800128,0.7035311190479245,9.510072930054012,231,-0.21646090763223574,0.9374083867621619,-3.5095919912356184,-0.2309141999250706,0.27801270989641064,8.237002325073732,,False,1.0169692892753693e-30,2.1477372746645672e-30
XAUUSD,06:00,60,day,fade,423,-0.2469683257955626,0.8219419798381026,-6.179741078173866,-0.30046929327567357,-0.7595069077121006,9.474892254984088,231,-0.21140920873878108,0.9399118687774733,-3.4185564599331006,-0.22492450171286513,-0.3942628395015835,9.47403020435933,,False,9.270900145703587e-41,2.7379242347024787e-40
XAUUSD,06:00,60,recent,follow,348,-0.32837458827103755,0.8205101290626231,-7.465780488791929,-0.4002078422190633,1.1007599588268309,11.458128411539617,248,-0.15349023576109802,1.264827073023885,-1.9110649206415147,-0.12135274381354066,3.85323571330655,46.43312865740491,,False,4.442155842394658e-24,7.592084740350007e-24
XAUUSD,06:00,60,recent,fade,348,-0.20731443190810345,0.8121061278308752,-4.762186180635134,-0.2552799748745125,-1.2067622359003516,11.21262428584967,248,-0.23328916238323388,1.2488283376355556,-2.9418305881897284,-0.1868064291565703,-3.9047602594389406,46.67163325653994,,False,7.302633279130979e-33,1.8494520274324965e-32
XAUUSD,06:00,120,none,follow,921,-0.22044439724033152,0.7217303841595203,-9.269448404301787,-0.3054387096326096,0.11936791684804066,5.109880889825995,515,-0.15463878292981745,1.0115426837088675,-3.469267791894262,-0.15287420434185464,-3.8303811625609097,44.98900498335263,,False,6.553061215071551e-75,4.9322122788942785e-74
XAUUSD,06:00,120,none,fade,921,-0.14265453125636024,0.7237008882670849,-5.982135976355419,-0.19711808230324152,-0.17009215123145952,5.18016190857548,515,-0.11627389996114211,1.0165476436887304,-2.5957216292103125,-0.11438116125990991,3.8616192679154113,45.69182321917976,,False,1.1958120453278285e-58,7.887650651353064e-58
XAUUSD,06:00,120,day,follow,423,-0.18370934974733588,0.7671283178011801,-4.925308398242799,-0.23947668921139817,0.19431399858491508,5.036095839462003,231,-0.18970279225271316,0.8956740003466713,-3.2190649961743465,-0.21179892704185735,-0.38001082790764223,6.1078232381481685,,False,1.2518374301061285e-29,2.9447376283631344e-29
XAUUSD,06:00,120,day,fade,423,-0.18798009074440658,0.7652963346533689,-5.051872780023475,-0.24563046003552302,-0.218759054865081,5.066356906288518,231,-0.10791234527059664,0.9032165235613634,-1.8158720630706389,-0.11947561017274194,0.41663853742386797,6.51351998394871,,False,6.153598491653842e-33,1.5861733998999522e-32
XAUUSD,06:00,120,recent,follow,373,-0.2089435489726386,0.8117367172906182,-4.971279625552292,-0.25740310191960003,0.07178229324065129,5.523514641006708,236,-0.09253609551351567,1.1594580691641154,-1.2260611323192172,-0.07980978180627735,3.9653455143700937,44.39760734906552,,False,3.7236822734566517e-28,8.170312378269005e-28
XAUUSD,06:00,120,recent,fade,373,-0.1694346207669705,0.8161189360261644,-4.009619081926381,-0.20761020641425051,-0.10560326195594011,5.601025595397052,236,-0.18154891068605003,1.154602772000455,-2.415555682289287,-0.15723928184539165,-3.9057145054216496,43.771447647901795,,False,2.4003443375765157e-25,5.165519978741023e-25
XAUUSD,06:00,240,none,follow,921,-0.11710491106000177,0.8194902961498084,-4.3367172589149385,-0.14289969217474932,0.0065637331915809,6.787838113537935,514,-0.08753017381368053,0.948996045728192,-2.0911007007210003,-0.09223449792829864,-2.9445576906766995,29.568004063779952,,False,1.0937401132834174e-46,5.7352317907493744e-46
XAUUSD,06:00,240,none,fade,921,-0.059123570679570435,0.8187392795174869,-2.191516997500896,-0.0722129402590946,-0.04726791376643417,6.79294418015867,514,-0.0478003568164589,0.9495399906527701,-1.1412990030094294,-0.05034054098511228,2.9669058887226196,29.88933374608484,,False,2.534564670444631e-35,1.0812769609524699e-34
XAUUSD,06:00,240,day,follow,423,-0.011672668254622978,0.8449916755534678,-0.28411090002636713,-0.013813944672268404,-0.7301006916138446,7.492094243914216,231,-0.0808180645397148,0.8280601452247096,-1.4833804572356089,-0.09759926861083659,0.5721631359315726,3.784569858958257,,False,2.6948533374749336e-13,4.835856917830288e-13
XAUUSD,06:00,240,day,fade,423,-0.16892766303466147,0.8420793830459296,-4.12589264219787,-0.2006077650584727,0.6883180516620441,7.476802877982842,231,-0.0655163408849462,0.8283706260840874,-1.202073251577231,-0.079090613334104,-0.5528466102869345,3.782573028082061,,False,4.905893116139484e-24,1.021395740190227e-23
XAUUSD,06:00,240,recent,follow,422,-0.01994472209943506,0.8264077868852462,-0.495780925897033,-0.024134237861682388,-0.2644241868488714,7.924005144544326,267,-0.05345778946720075,0.9119963077218894,-0.9577971642731417,-0.058616234533596975,0.9788258662721147,7.111436662606879,,False,6.662162921677074e-14,1.2108394742837349e-13
XAUUSD,06:00,240,recent,fade,422,-0.15905503417796982,0.8243710934034826,-3.963518503083039,-0.19294106192066765,0.23023766926017722,7.895540229305106,267,-0.08410149056961295,0.9130889428493352,-1.5050337537837035,-0.09210656993301274,-0.9623795991359395,6.992322971734331,,False,3.462699166674208e-25,7.571019166054738e-25
XAUUSD,06:30,60,none,follow,921,-0.2600243162305359,0.7315945185906654,-10.786320863338588,-0.35542135653427737,0.32307649531840327,5.8598494091867,515,-0.23851931562700643,0.9238029809296027,-5.859327995813837,-0.25819284041169654,-2.14633453926906,23.97216706429989,,False,1.2469870139391996e-77,8.701083525436311e-77
XAUUSD,06:30,60,none,fade,921,-0.2536326248377928,0.7311402431696584,-10.52771798182106,-0.34690010187134274,-0.3914048130515022,5.793292635309851,515,-0.14632732235320436,0.9387449478159241,-3.5373776483735684,-0.15587548321154565,2.1404897653526427,24.01007893644931,,False,9.599076806014448e-95,1.0707718193326706e-93
XAUUSD,06:30,60,day,follow,418,-0.24478578574568255,0.8058093977116093,-6.210720831750467,-0.30377628560903036,0.3397585510605625,5.671478643155905,236,-0.20804569644278742,1.0391541868377066,-3.075634659100801,-0.20020676342160537,1.1135466506038447,13.660205162805019,,False,8.851304181051258e-33,2.0847527051970734e-32
XAUUSD,06:30,60,day,fade,418,-0.28064064087945895,0.8083245488843557,-7.0982768811312935,-0.3471880710128096,-0.35977027220628804,5.483192891612258,236,-0.20910186454087712,1.0451551869520814,-3.073499357302993,-0.20006776711376936,-0.971558557758032,12.735123659007376,,False,4.537279904387364e-44,1.3560471831739404e-43
XAUUSD,06:30,60,recent,follow,370,-0.33958198888179353,0.764957905931781,-8.53901884785544,-0.4439224514820263,-0.4878877528055838,7.1298413544977235,213,-0.1290489260453254,1.1145228997084413,-1.689877409077294,-0.1157884921692363,3.2000864260435113,25.609738832477728,,False,3.7371692138642576e-47,1.0461739098735468e-46
XAUUSD,06:30,60,recent,fade,370,-0.17634908807676344,0.7658680104964857,-4.429147570588623,-0.2302604178002453,0.46937181916169707,7.161681217077062,213,-0.2659545445215291,1.1194872067730373,-3.467193521988991,-0.23756818560540124,-3.003331876816711,23.566721935333923,,False,1.0629123704591932e-23,2.1076798833886527e-23
XAUUSD,06:30,120,none,follow,921,-0.20399562387716602,0.7241067439395064,-8.549644834494714,-0.2817203756000487,-0.3125312457309281,4.985452741996023,515,-0.17074099787052002,0.9255624329311475,-4.186351697061657,-0.1844726965957373,-3.0421105323674333,33.555115225077174,,False,3.037308500880211e-79,2.797248209452187e-78
XAUUSD,06:30,120,none,fade,921,-0.13074824004474028,0.7217109242288868,-5.497970277969538,-0.18116428012287392,0.23417998151823766,4.885822798185284,515,-0.07144043285927895,0.9329931566257936,-1.7376777231449134,-0.07657122922278024,3.0315544754873347,33.54893143307963,,False,5.5331072607861184e-52,3.0780908203690596e-51
XAUUSD,06:30,120,day,follow,418,-0.13975651201897227,0.778746289544312,-3.6691393292876677,-0.17946347083175396,0.3109350598184727,4.7770816687380355,236,-0.13641335658782966,0.9548055782975015,-2.194815149227399,-0.14287029704106477,0.692184489237108,7.552029361187985,,False,2.9474922592287217e-24,6.3714301545962366e-24
XAUUSD,06:30,120,day,fade,418,-0.20333057074681288,0.7806814493420948,-5.324967492620099,-0.26045267364578223,-0.3877252379866506,4.9689207672794575,236,-0.1249667567021761,0.9583797683092822,-2.0031471940632244,-0.1303937758646921,-0.6221546228496733,7.183252535303111,,False,1.5974303936432072e-35,4.342472254992571e-35
XAUUSD,06:30,120,recent,follow,372,-0.11874884360157766,0.7746893390220504,-2.9564686598398953,-0.15328575936191843,0.4107458376855862,4.460986710600439,225,-0.019985182744434095,1.1329428778815178,-0.2646009318025493,-0.017640062120169952,3.8418733424599965,33.45920231224352,,False,7.212455096414538e-20,1.3872601447174748e-19
XAUUSD,06:30,120,recent,fade,372,-0.2268843967459383,0.7772545044156222,-5.6300577813477855,-0.29190489788994023,-0.4616383619911651,4.611682366985727,225,-0.22549038724266368,1.126446431912543,-3.002677901777544,-0.2001785267851696,-3.8102271525274745,33.15201283804063,,False,6.673591083414386e-36,1.7442649769342913e-35
XAUUSD,06:30,240,none,follow,921,-0.09724076067080659,0.8056706718444618,-3.6628624315791116,-0.1206954206837249,0.0876113751742224,6.294757540825787,514,-0.07781756638429509,0.956608631876007,-1.844271728976695,-0.0813473387039033,-2.0389921644553457,19.17463233857393,,False,1.1463183517446578e-42,5.5739818575929664e-42
XAUUSD,06:30,240,none,fade,921,-0.06610948587703765,0.8055630545503077,-2.4905430600339793,-0.08206618402322606,-0.1214592539696923,6.262587336615574,514,-0.04660195085704115,0.9561600228135868,-1.1049816736985374,-0.04873865226022598,2.064099923146628,19.449098935818743,,False,3.9051805205690256e-37,1.7383594999518486e-36
XAUUSD,06:30,240,day,follow,418,-0.04095294700649581,0.8245548693202678,-1.0154387667082205,-0.04966673356771986,-0.49470316650193025,6.279386316236898,235,-0.06133280183334139,0.9756883079663665,-0.9636418111641937,-0.06286106057904675,0.2632193552575898,4.633662700764454,,False,8.996978163451301e-16,1.7111286128965591e-15
XAUUSD,06:30,240,day,fade,418,-0.12665443329266757,0.8219199349826415,-3.1504966553286544,-0.15409582844020256,0.45124158974564615,6.31358500508442,235,-0.07173839958954611,0.9742220837336312,-1.128827666313779,-0.07363659763758816,-0.23763468646863553,4.615445757448089,,False,7.744387121520271e-22,1.5969353187378518e-21
XAUUSD,06:30,240,recent,follow,427,-0.015459243882649798,0.7931154893986244,-0.40277801240946826,-0.019491794182927492,-0.06362403362127886,6.74534216960822,244,-0.11842355503355692,0.9436833544169758,-1.9602285618187725,-0.12549077450531176,0.1833855248445268,4.869541986541102,,False,1.1217380548705819e-13,2.0319311192563802e-13
XAUUSD,06:30,240,recent,fade,427,-0.15232007530697464,0.7900453229906349,-3.983997679898481,-0.19279916085115564,0.03408245217677218,6.75518569993824,244,-0.007443213329172389,0.9447986488456018,-0.12305977482694906,-0.007878094807043646,-0.16773437231157487,4.844651085327471,,False,1.581435461064363e-26,3.616543011281138e-26
XAUUSD,07:00,60,none,follow,921,-0.295949729389577,0.7008841817729041,-12.814495230528026,-0.42225197412925586,-0.2019227652924896,5.067460388283001,515,-0.1945547380573522,0.8307038123957048,-5.314950482456948,-0.2342047010669987,-0.8968002599517761,14.9257089410289,,False,3.536462419904441e-107,4.156215749075071e-106
XAUUSD,07:00,60,none,fade,921,-0.21302393071850143,0.6986102334611377,-9.25386727119804,-0.3049252938410492,0.159637626730259,5.167459550841764,515,-0.18657203941556527,0.8313765823359865,-5.092750333896603,-0.22441339265455204,0.9233294412167317,15.847612089513902,,False,5.9141279305557494e-74,4.3420944299218366e-73
XAUUSD,07:00,60,day,follow,413,-0.25486573619508457,0.7052514643761789,-7.344165966432905,-0.36138278198475315,0.307155128053469,5.108459399116543,229,-0.17917262561455358,0.969179040151307,-2.7975984956007065,-0.18487051224981235,1.6429614202707619,15.058261568852657,,False,3.818414600438886e-37,9.361664525401937e-37
XAUUSD,07:00,60,day,fade,413,-0.26729771843470107,0.705821594965151,-7.696182115817661,-0.3787043643059668,-0.33694576988497515,5.237060748408342,229,-0.2285286058377175,0.9711078477397406,-3.5611547600972817,-0.23532773045714667,-1.4428005026604525,14.067129022216516,,False,7.366850880308786e-47,2.2483935440303454e-46
XAUUSD,07:00,60,recent,follow,375,-0.3054732041263095,0.6833598050292575,-8.65644001583589,-0.447016640250345,0.431462506228336,4.892705239888612,209,-0.1465479600841188,0.9202080127109477,-2.3023264879424428,-0.15925525322517692,2.5555994847424066,17.939965911140256,,False,4.233221524977011e-38,9.616409508184235e-38
XAUUSD,07:00,60,recent,fade,375,-0.21215507113643653,0.6870538946866742,-5.979684153450482,-0.3087895618919215,-0.45241171051303997,5.027737899562233,209,-0.24311079279916079,0.9031738167869972,-3.891401516771884,-0.26917387138614934,-2.5263032703047035,17.77388362478527,,False,1.658532274182603e-37,4.41771862542698e-37
XAUUSD,07:00,120,none,follow,921,-0.20798524882439104,0.7540708306320845,-8.370477005436458,-0.2758165949080031,-0.7503138290542304,7.312146534122851,515,-0.1148412632228921,0.9443949376818265,-2.759611366380623,-0.12160300594663179,-2.288863823904838,25.818530233024124,,False,3.1471438465627843e-84,3.4216843324271024e-83
XAUUSD,07:00,120,none,fade,921,-0.09729695006321286,0.7488619334528277,-3.9430046299300887,-0.12992641996716178,0.6714543710943252,7.283382472194936,515,-0.09957936332514702,0.9452241539335595,-2.39077193375035,-0.10534999863338927,2.3000521567712977,26.310367699857665,,False,3.8423058701194044e-41,1.7090089941566967e-40
XAUUSD,07:00,120,day,follow,413,-0.11125144553766853,0.8201768787922502,-2.7565962838849654,-0.13564323551950358,0.06508460972300549,8.08536563310522,229,-0.040746531338331435,1.1097038023015584,-0.5556499904073494,-0.03671838490038687,3.125880185686815,27.58945891854903,,False,3.4638425446525425e-21,7.170896470566643e-21
XAUUSD,07:00,120,day,fade,413,-0.20096704153323952,0.8239167194462342,-4.9569729517882575,-0.24391669302246013,-0.17324798011540332,8.598145301030634,229,-0.18751892291347555,1.1117044310458764,-2.552545570657357,-0.16867695915996334,-3.045863613975268,26.808181135165704,,False,2.9701409526783723e-30,7.074609271712753e-30
XAUUSD,07:00,120,recent,follow,360,-0.11659703925409264,0.7001565452158803,-3.159683773530736,-0.16652995683721286,0.4793819781686794,4.685638344115013,233,0.029591017096518436,1.1298139842327657,0.3997890616491886,0.026191052252387468,3.2152221776175036,25.372475248144887,,False,7.099122083423798e-20,1.342520324972226e-19
XAUUSD,07:00,120,recent,fade,360,-0.1923470452578357,0.7035783039467178,-5.187096538988615,-0.27338399177300693,-0.6043296045516129,4.960340407891457,233,-0.2547930330546064,1.1274122276222762,-3.449711436182294,-0.2259981103734944,-3.1837467771009766,25.072245797368797,,False,4.93074699370378e-34,1.25679891947872e-33
XAUUSD,07:00,240,none,follow,921,-0.10611001809433654,0.8038502483846299,-4.006001000262929,-0.13200222094546712,0.06400357229033675,6.960580983697385,514,-0.07363732631206234,0.962594750588663,-1.7343473533192304,-0.07649878234535389,-1.538194812309359,13.777811185895565,,False,1.6212111210006788e-44,8.138159180667083e-44
XAUUSD,07:00,240,none,fade,921,-0.047744018074564784,0.8039025135169187,-1.8023759942875643,-0.05939030824234384,-0.08906749278145429,6.952722829519603,514,-0.042664833710445084,0.9613510772497759,-1.006165911419631,-0.044380075832962336,1.561925147024762,13.911921886081759,,False,2.1646604249795435e-33,8.87802567796163e-33
XAUUSD,07:00,240,day,follow,413,-0.04879205985452257,0.8100809006903572,-1.224040495531673,-0.06023109520659183,-0.5201843292274873,7.713360885984506,228,-0.0210267143945455,1.169936859598369,-0.2713791109223448,-0.017972520672409467,0.8247750165244857,13.087810004442586,,False,1.981007563660769e-16,3.813078967032456e-16
XAUUSD,07:00,240,day,fade,413,-0.10932781699283792,0.8092980552748538,-2.7453467486174565,-0.13508968207727623,0.4910057101279757,7.743356827834882,228,-0.10297424431019903,1.1693917296035032,-1.3296459620126162,-0.08805795500632942,-0.7928801980070368,13.013772256825197,,False,3.6488309034764465e-20,7.27712739031353e-20
XAUUSD,07:00,240,recent,follow,423,-0.025532900834514996,0.8058035787594506,-0.6516901401848239,-0.031686258919107015,-0.22536524772123506,8.014161780817957,227,-0.04227718501793622,1.0728188627075064,-0.5937349172433126,-0.03940757054852668,0.48338954471959905,15.590414189631156,,False,1.905759471241872e-14,3.511165549260389e-14
XAUUSD,07:00,240,recent,fade,423,-0.1342398949404135,0.8038482313908812,-3.434612346088836,-0.16699656688693723,0.2093986632672239,8.027351474569565,227,-0.07577678872735236,1.0700572193151368,-1.0669452246525064,-0.07081564178021375,-0.455281199736175,15.626683694985907,,False,1.7293827984708816e-23,3.7090077706982474e-23
XAUUSD,07:30,60,none,follow,921,-0.27046029810299255,0.7771590055821853,-10.561447719794522,-0.3480115345255317,-0.6372577220958558,6.787515588000217,516,-0.18342610091775025,0.8254510112603894,-5.047713316136806,-0.22221318820322855,-1.354707791534088,12.350518330533298,,False,2.1381525662285098e-100,2.7513833090333966e-99
XAUUSD,07:30,60,none,fade,921,-0.17919869083627304,0.7740525193321546,-7.025774704207455,-0.23150714759107566,0.4953421372413863,6.334639865684012,516,-0.13245595406164928,0.8280768015328627,-3.6335046294219175,-0.15995612220564387,1.3444421802074278,12.746675238957508,,False,1.6473487318831233e-56,9.068813765208412e-56
XAUUSD,07:30,60,day,follow,416,-0.24140536993558095,0.8052042887571798,-6.114873997442484,-0.2998063638088495,0.7348105863316159,7.126314244744631,228,-0.15423844884672766,0.9203875788341328,-2.5304008422643562,-0.167579889596189,1.390690721747811,12.25393376798573,,False,5.641856114840894e-29,1.2019071388899138e-28
XAUUSD,07:30,60,day,fade,416,-0.2172402474816235,0.8094791420351959,-5.473703785678821,-0.26837040783464433,-0.8823083403040586,7.816470448396371,228,-0.18407597781849308,0.9186538716997639,-3.025607791689343,-0.20037577099403237,-1.3572090710181255,11.81885368127593,,False,2.3257854184286307e-39,6.982062918146216e-39
XAUUSD,07:30,60,recent,follow,367,-0.27540509814040603,0.769746944056206,-6.85420412691205,-0.3577865430542018,0.5423949090524064,5.100169161868711,194,-0.15949225286166765,1.0209387445369238,-2.175909217812817,-0.15622117753402529,0.5566075236200828,12.065367444496898,,False,4.969171139928285e-31,1.0473174180502756e-30
XAUUSD,07:30,60,recent,fade,367,-0.18285895141921435,0.777432046789048,-4.505954668943903,-0.2352089191260624,-0.640108073175695,5.226606669255395,194,-0.16252219723941025,1.0158082845520864,-2.2284443838826906,-0.15999298264344564,-0.5128580483755951,12.18700440993279,,False,1.0171254523825688e-30,2.4904600573502067e-30
XAUUSD,07:30,120,none,follow,921,-0.1641903803725893,0.7602511487251024,-6.554211309568333,-0.2159686054377256,-0.31226710083983256,4.724686469883436,515,-0.06053088755016164,0.863469544829444,-1.5908661169978386,-0.07010193690400272,-0.9925455121689651,10.135022035793877,,False,1.196407859238076e-64,8.973362245876098e-64
XAUUSD,07:30,120,none,fade,921,-0.09388013896601459,0.7579330235808869,-3.7590033170648516,-0.12386337056864717,0.2664702357060105,4.81501741101026,515,-0.1283587534548013,0.8624429794157522,-3.3775261029579564,-0.14883158251430817,0.9874887095892412,10.410774029745017,,False,1.5576708963676076e-42,7.454119689950546e-42
XAUUSD,07:30,120,day,follow,416,-0.06603228981342377,0.8200690198565761,-1.6423004704884383,-0.08052040525195345,-0.17508550921346352,4.939508374789253,228,-0.022230879268988826,0.9487830109059707,-0.3537994586793718,-0.023430941546646246,1.5342610454255352,11.545247774524324,,False,8.566840968116368e-18,1.6918042569566112e-17
XAUUSD,07:30,120,day,fade,416,-0.19568066825581065,0.8182845980880654,-4.877420634339602,-0.2391352210624782,0.11397838103202608,5.145467602306857,228,-0.17776072896524167,0.9497552880255072,-2.826126034150744,-0.18716476886882846,-1.5211461996449183,11.285707995515665,,False,1.3854543945980252e-29,3.256293594638561e-29
XAUUSD,07:30,120,recent,follow,392,-0.09389388897647548,0.7483109684592849,-2.484266882831266,-0.12547442565193961,0.2114907605806575,3.5714616070200043,211,-0.03903885696780044,0.9911290862621824,-0.5721476250946335,-0.039388266885624953,0.994242199048935,11.034949175274917,,False,1.6793679253053045e-19,3.3129170398835227e-19
XAUUSD,07:30,120,recent,fade,392,-0.1694793393849045,0.7493115999522935,-4.478136631564146,-0.22618005566134938,-0.26101217991827386,3.4792993926106215,211,-0.15789402162207947,0.9897986337086411,-2.3171815623417302,-0.15952135742041995,-0.9960385712254721,10.80839211905089,,False,9.73914154090297e-30,2.3456766198714229e-29
XAUUSD,07:30,240,none,follow,921,-0.08006926818440152,0.8152738628171048,-2.9805207860863105,-0.09821149902651047,0.0949297190451479,7.046298564566931,515,-0.05190927947396244,0.9286727078738231,-1.2684867427541187,-0.055896204371944626,-0.8687134265458893,8.50670589342346,,False,5.628500165335562e-39,2.555139331758689e-38
XAUUSD,07:30,240,none,fade,921,-0.06527672702104491,0.8162575153097262,-2.4269509158071845,-0.07997075162765989,-0.12432110411892457,7.0131550952161215,515,-0.05752081823970253,0.928162032224678,-1.4063870889800387,-0.06197281966149053,0.891909116075783,8.604639480424366,,False,9.33597394626447e-37,4.120314174527286e-36
XAUUSD,07:30,240,day,follow,416,-0.05166423148720022,0.8373171449597819,-1.2584809762645532,-0.061702106302483226,-0.1992539526221021,7.60946015459086,228,-0.009009689586141933,1.0682477951302494,-0.12735184663828095,-0.008434082080219412,0.6792658424545635,7.887685796290245,,False,2.332646079195758e-16,4.465119229977227e-16
XAUUSD,07:30,240,day,fade,416,-0.09668679801390154,0.8361199583675624,-2.3585508985683576,-0.11563747168847936,0.15780614182901953,7.688775166139399,228,-0.10732068227116837,1.0677150691035078,-1.517733346796231,-0.10051434636141147,-0.6500141600243065,7.847509601244064,,False,1.0019115927443759e-19,2.0234320854574526e-19
XAUUSD,07:30,240,recent,follow,397,-0.02877597298164466,0.8467953771564913,-0.6770906115678681,-0.03398220367979966,-0.22071801435347085,7.25180095723347,225,0.022938703720303787,1.052755648540201,0.3268380048890496,0.02178920032593664,0.536886040259472,8.151611871279636,,False,8.068726808354397e-14,1.4377838115548083e-13
XAUUSD,07:30,240,recent,fade,397,-0.12133043874044619,0.847063750134976,-2.853966853310478,-0.14323649043075293,0.19549739773530758,7.260959067269901,225,-0.13485347341161774,1.0527627986421484,-1.9214224740684918,-0.1280948316045661,-0.5187471863302903,8.11715188104019,,False,1.0576379492295828e-20,2.1263476211768215e-20
XAUUSD,08:00,60,none,follow,921,-0.23220423688722935,0.8364461361251166,-8.424846087678828,-0.2776081170784391,-1.0069697935614363,10.181329040696545,516,-0.1453664827585152,0.9432337792490628,-3.5008200524548116,-0.15411500940333783,-1.2614316243238197,10.79811902882599,,False,3.701759400581895e-86,4.2262575310746285e-85
XAUUSD,08:00,60,none,fade,921,-0.15635346092697233,0.8295293451218128,-5.720125534076006,-0.18848454469565812,0.8503348301219518,10.139626402194217,516,-0.11887494222304451,0.9418946787503453,-2.866901859526936,-0.12620831702835536,1.2694399277652246,11.110993509852646,,False,1.6975510572903292e-46,7.661394377735548e-46
XAUUSD,08:00,60,day,follow,407,-0.17489055276292337,0.9243644849806283,-3.8169836873998637,-0.18920085702620706,-0.427350652525938,10.727685172800761,228,-0.08272038761387983,1.0731599570792523,-1.1638996158707646,-0.07708113507982015,1.444344713024333,10.935429664551588,,False,2.7180296360847467e-26,6.20183028696473e-26
XAUUSD,08:00,60,day,fade,407,-0.21876063100906762,0.9265295605325342,-4.763290756911372,-0.2361075569821348,0.24902871927092654,11.577920079492065,228,-0.20065366637360044,1.0762375233568213,-2.815181457761678,-0.18643994659074406,-1.4010356613126507,10.553625748901323,,False,4.780578518144565e-26,1.0119772371005588e-25
XAUUSD,08:00,60,recent,follow,352,-0.24296618174743723,0.8509355134770042,-5.35698599916573,-0.2855283131322773,0.7011757663245604,6.8911698466087925,201,-0.14837984272553464,1.0996970892572715,-1.912933442008561,-0.13492792167500367,1.2197940410789216,11.285282094641717,,False,2.0546739951683705e-24,3.912672430088008e-24
XAUUSD,08:00,60,recent,fade,352,-0.15634566262619756,0.8540310828461626,-3.4346579401679636,-0.1830678833200738,-0.9069906172245944,7.5153134101786305,201,-0.12717225153469838,1.0893902215490483,-1.6550339859132268,-0.11673709660608757,-1.2485022047306473,11.391577577845283,,False,3.159767905803871e-25,7.021395612666045e-25
XAUUSD,08:00,120,none,follow,921,-0.1096455322854778,0.8452873346595277,-3.936555633825935,-0.12971391832061674,0.24778006882783032,8.29306864305113,515,-0.09033489525590269,0.8714077593907693,-2.3525439037474674,-0.10366547036379258,-1.1902319962993473,10.00427489242385,,False,5.599220300389377e-43,2.6721838339771222e-42
XAUUSD,08:00,120,none,fade,921,-0.0927973673045193,0.844535753908008,-3.3346282878294744,-0.1098797379212288,-0.2945683612465905,8.386945638123278,515,-0.06775067293632529,0.8705308444877214,-1.7661722796704507,-0.07782684940496774,1.2037751832085528,10.16875149431861,,False,2.5127415109524293e-42,1.2523832589115583e-41
XAUUSD,08:00,120,day,follow,407,-0.04397224244289259,0.889385166909599,-0.9974380610780651,-0.0494411691120121,-0.9778420113009899,8.973003948941392,227,-0.055172351788350095,0.9459603281226558,-0.878742238277581,-0.058324170843236774,1.6543865944301184,11.919287923686905,,False,1.0561148332890568e-15,2.003025862356506e-15
XAUUSD,08:00,120,day,fade,407,-0.16126296737982712,0.8880301347613634,-3.6635670809363563,-0.18159627817490973,0.9409113228022985,8.902574268553511,227,-0.11272137147398571,0.9454243130373963,-1.796356071169161,-0.11922834003691105,-1.6294603894923743,11.751196656236568,,False,3.451219972656522e-21,6.6994861471649286e-21
XAUUSD,08:00,120,recent,follow,366,-0.06484319615315356,0.8853816666323366,-1.401117092275718,-0.07323756363715213,0.43224314686197096,5.2976120906955115,214,-0.05789319252834797,0.8727336199987817,-0.9704042271402523,-0.06633546731983213,1.9828983211692106,15.807606440959294,,False,8.575416709773553e-15,1.507421115562495e-14
XAUUSD,08:00,120,recent,fade,366,-0.14307168482871505,0.8911356663107347,-3.0714992118136943,-0.16054983571808543,-0.47405461746691385,5.294508373544012,214,-0.10175313292623457,0.8734260324618789,-1.704231328397583,-0.1164988552487135,-1.9641115342463549,15.502747265310132,,False,1.2517964037577745e-22,2.6299516704779184e-22
XAUUSD,08:00,240,none,follow,921,-0.07465470656367264,0.8161817815137952,-2.775876316054009,-0.09146823447248291,0.02991556027984472,6.034401551614563,515,-0.056562713001381354,0.9011919969220904,-1.4243493450820641,-0.06276433123525763,-0.5836429120899843,6.760686935411068,,False,3.2661977028381996e-38,1.47122012801015e-37
XAUUSD,08:00,240,none,fade,921,-0.06658283683727023,0.8164852169773839,-2.4748209511273562,-0.0815481229210235,-0.0646408595685746,6.008487584477589,515,-0.04961443395874166,0.9009601761072378,-1.2497008366481253,-0.055068398442548086,0.6030189330614454,6.833640924315554,,False,6.668997860972774e-37,2.94502912657383e-36
XAUUSD,08:00,240,day,follow,407,-0.023489100925405945,0.8734084566993386,-0.5425580429760153,-0.026893603725996224,0.0639352442240065,5.462035447823818,227,-0.027433894219357248,1.0119232298130958,-0.4084630939158346,-0.02711064773601881,0.4998546212842877,6.139450112758706,,False,1.4750748195648402e-13,2.62486373200239e-13
XAUUSD,08:00,240,day,fade,407,-0.12009638995825124,0.874096343257804,-2.7718380624241648,-0.1373949117675582,-0.09768250120298116,5.516242351132855,227,-0.08572205316504813,1.010862130510129,-1.2776549032811533,-0.0848009343487709,-0.46077971455140404,6.164765492774476,,False,1.1009866570264688e-21,2.3156157117710592e-21
XAUUSD,08:00,240,recent,follow,393,-0.03750459499913471,0.8861683119076961,-0.839004980631808,-0.04232220278605631,0.003262643958426037,5.733385808616822,221,0.08552130774636556,1.0613259382646008,1.1979031082542777,0.08057968307662722,0.7285587223891905,6.365256858451023,,False,3.8358505047606504e-14,6.850459085541666e-14
XAUUSD,08:00,240,recent,fade,393,-0.10747698510061773,0.8878946580041455,-2.3996632881626865,-0.12104700048788439,-0.027535388274071225,5.714332917426738,221,-0.1913219386383355,1.0622019382021894,-2.6776500685751485,-0.18011823529728627,-0.6996067422250875,6.3160186958695475,,False,1.3467467113178352e-19,2.6841058424160907e-19
XAUUSD,08:30,60,none,follow,921,-0.1706182158341459,0.7702305077348497,-6.722557025149942,-0.22151578536652938,-0.3106576087715525,5.940862231331272,515,-0.05448332941514062,0.8078324938214803,-1.5305444098046388,-0.06744384489587105,-0.22611530498534643,7.037177696568107,,False,6.7702184593360885e-65,5.016637196779175e-64
XAUUSD,08:30,60,none,fade,921,-0.14629462539671914,0.7686777339912259,-5.775823123602371,-0.1903198426694496,0.24444325144532916,6.089880787559569,515,-0.18320106150879334,0.8047393498106136,-5.166261231650738,-0.22765266983888344,0.18273483519858305,7.108228062128893,,False,6.691167796989758e-53,3.726487103965529e-52
XAUUSD,08:30,60,day,follow,408,-0.06654995799008852,0.8455603861403611,-1.5897661252477764,-0.07870515114108169,0.2306138938985578,3.564154017431034,226,-0.01947986593306108,0.8718124407466885,-0.33590550478020265,-0.022344101807467893,0.9188921414903429,5.665904757100827,,False,6.745779483148852e-17,1.2864398706069875e-16
XAUUSD,08:30,60,day,fade,408,-0.25675482180065684,0.8380832070590747,-6.188160242044385,-0.3063595829603095,-0.32270576012915014,3.700698382075109,226,-0.23065697253552112,0.8718921594866595,-3.9770223784398695,-0.2645475934447261,-0.9299241926799909,5.856092008333575,,False,5.072461495995286e-40,1.4533941660853189e-39
XAUUSD,08:30,60,recent,follow,387,-0.15634723594475125,0.7717605430509519,-3.9853192705314027,-0.20258516369167262,0.5821382316435197,7.580720140813962,193,-0.026540208106120736,0.8544563406355404,-0.43151222250674687,-0.03106092944009317,0.19280234080905442,3.7738711279573596,,False,1.3262036540796972e-22,2.627720391949217e-22
XAUUSD,08:30,60,recent,fade,387,-0.16844599965651158,0.7730291083870299,-4.286672812555257,-0.21790382513277404,-0.6191720183729955,7.282128593027592,193,-0.21588662675683257,0.855385637585842,-3.5062464676811564,-0.252385143344387,-0.1441977316608792,3.726054224723027,,False,1.62221567233978e-29,3.930753163525892e-29
XAUUSD,08:30,120,none,follow,921,-0.09188380044033703,0.825511479796026,-3.3778911289964286,-0.11130529700573082,0.23726784849555116,7.495924490611494,515,-0.05672321458686934,0.8626890460148343,-1.492142037935346,-0.06575163420574365,-0.49157403289418466,5.414140979314122,,False,2.161042127730181e-40,9.927119428658052e-40
XAUUSD,08:30,120,none,fade,921,-0.09606515200736097,0.8260109723291447,-3.529473074151112,-0.11630009191824806,-0.2711165716011175,7.495201820386196,515,-0.0899328042830298,0.8600642423573934,-2.3729624081786724,-0.10456521717090393,0.5030880999414004,5.505068877460355,,False,1.786820603159579e-43,9.10546464483707e-43
XAUUSD,08:30,120,day,follow,408,-0.040075427008556694,0.866584673877146,-0.9341083108914219,-0.046245252445161644,-0.4465934680106317,7.409634897819757,226,0.0018657352031146335,0.9442067718219637,0.029705516957756712,0.0019759815951271636,0.6680706545255758,4.622199097924902,,False,3.847751919795276e-15,7.15042334136427e-15
XAUUSD,08:30,120,day,fade,408,-0.1529665195791752,0.8644386515174465,-3.574310605343773,-0.17695474318583032,0.41055927398285813,7.4553127460797946,226,-0.1561461079656371,0.9424089596524423,-2.4908408343682855,-0.16568826767438982,-0.6363200661221613,4.559103029668236,,False,8.472101400163123e-23,1.7484528232839864e-22
XAUUSD,08:30,120,recent,follow,362,-0.09257728872758113,0.8806149195877123,-2.00019668786868,-0.10512800393039458,-0.009366229098316713,5.873083768049155,197,0.061679636995011555,0.9466832413320352,0.91447162229805,0.065153405386394,0.8359975817704097,4.744359148079907,,False,4.2604209284724766e-17,7.879945370147411e-17
XAUUSD,08:30,120,recent,fade,362,-0.10042164416927296,0.8818709549978012,-2.166589199539597,-0.1138734001841838,-0.02506027904690193,5.945926775551603,197,-0.20843006895291455,0.9461036091722599,-3.0921089374860316,-0.22030364003712946,-0.8187394960810158,4.6599509311979155,,False,1.069621050648564e-17,2.0012125444725035e-17
XAUUSD,08:30,240,none,follow,921,-0.06314506608605486,0.7998578616926931,-2.3958323207297836,-0.07894535905720122,0.031308736949961016,6.460862210434325,515,-0.026375560776040346,0.877915020382628,-0.6817934694777779,-0.03004340985593901,-0.3966229024362534,6.0209032237515725,,False,3.373435814319658e-36,1.4592003714136688e-35
XAUUSD,08:30,240,none,fade,921,-0.07722843093546569,0.8002757983958946,-2.9286491257369565,-0.09650226970535096,-0.06232631735968455,6.446120820010029,515,-0.07955362125745884,0.8767116238444582,-2.059239229899264,-0.09074092220724661,0.40809370019861585,6.07070241456309,,False,2.5893448572614424e-39,1.19890196415255e-38
XAUUSD,08:30,240,day,follow,408,-0.01470739672441416,0.8616995604329124,-0.34475455870964306,-0.017067893961818036,-0.06025355312527673,6.510468635365913,226,0.0540332829280676,1.0138814293645249,0.8011768763367579,0.053293493068449126,0.35625237858513725,6.015254932614083,,False,5.441108585550857e-13,9.566370506617564e-13
XAUUSD,08:30,240,day,fade,408,-0.12942158521816044,0.8612810942981877,-3.035231929957876,-0.15026637189060701,0.02600361175866857,6.5894797995974175,226,-0.1663263858358384,1.012716777748305,-2.4690356758710754,-0.16423781010684135,-0.32293451525592204,6.067260921775259,,False,2.8591547206388174e-22,6.022929521213885e-22
XAUUSD,08:30,240,recent,follow,394,-0.07644518088062617,0.8641131245476982,-1.7560125768275425,-0.08846663557001265,-0.3525966908860962,6.359558383643969,227,0.03486892585176665,0.9549282740814102,0.5501495286691089,0.03651470670434247,0.7850097613493685,5.388214871576547,,False,9.726308747224577e-18,1.892239236103625e-17
XAUUSD,08:30,240,recent,fade,394,-0.06886663740713826,0.8654101199186695,-1.5795559704026092,-0.0795768801659152,0.3206451743560343,6.403925462935876,227,-0.14174021768130723,0.9535477858191246,-2.2395644340901004,-0.14864511227357985,-0.7771370433075061,5.392828330679647,,False,2.8492798452101864e-16,5.285009533931963e-16
XAUUSD,09:00,60,none,follow,921,-0.1096573019086124,0.8587191206910532,-3.875397348886767,-0.12769868431526926,0.6034075280882685,10.471261360959401,515,-0.11024016546110157,0.8885568785152644,-2.815517543204539,-0.12406652643926133,-0.7183319953906869,5.567092799967448,,False,1.0571984864936768e-40,4.657268488827768e-40
XAUUSD,09:00,60,none,fade,921,-0.13639196946656215,0.8587933310769571,-4.819810376665592,-0.15881815162155696,-0.6553609665447689,10.546442324010286,515,-0.09565694076755442,0.8865257945039834,-2.4486613456439215,-0.10790091090476962,0.726718337542401,5.565071460752256,,False,2.0803275062981016e-53,1.3156517035538168e-52
XAUUSD,09:00,60,day,follow,412,-0.034785193324078485,0.9207049216787102,-0.7668714412282381,-0.037781044181511556,-1.1632888599572324,11.251174665933602,226,-0.16778450226851563,1.0233124809325684,-2.4648914161602886,-0.16396213805152626,0.23983292210109908,4.84597519281611,,False,5.4308247110378665e-15,1.0162887529186937e-14
XAUUSD,09:00,60,day,fade,412,-0.21649835103784193,0.9176808787872618,-4.788632605286507,-0.23591899541804762,1.1248061185832336,11.220565398889605,226,-0.04994444999905537,1.0274134225103937,-0.7307960971115599,-0.04861183327449677,-0.21401932974014864,4.849908411769177,,False,7.760446799507437e-23,1.4883616302141338e-22
XAUUSD,09:00,60,recent,follow,381,-0.14429032023898114,0.8019828341580901,-3.5118391212996816,-0.17991696841049598,0.20130953823352407,4.374922898884768,229,-0.19493772994344905,0.9932600228947805,-2.9699606099002307,-0.19626052136410152,-0.0642836123083618,4.533652876172415,,False,9.574049975767286e-23,1.9641295315221072e-22
XAUUSD,09:00,60,recent,fade,381,-0.1112470681318482,0.7954334027514272,-2.729903136930482,-0.13985717439956805,-0.2528158183109886,4.304856544945047,229,-0.01017723943678264,0.9974851307867721,-0.15439786932158792,-0.010202898391833956,0.04384310976685568,4.581781769540117,,False,3.971393294268665e-21,8.15109008759874e-21
XAUUSD,09:00,120,none,follow,921,-0.09417627732097698,0.8170353529859512,-3.4980860261656566,-0.1152658535237169,0.3749978644105556,8.309874689223092,515,-0.08488702361378937,0.9341074013085082,-2.062282267687994,-0.09087501447358053,-1.1578474000407561,12.10510246276405,,False,2.624540298681338e-40,1.1857320387015548e-39
XAUUSD,09:00,120,none,fade,921,-0.08757418254123658,0.8179289570253595,-3.249303837510555,-0.10706820169287806,-0.39618484028342954,8.292361816632027,515,-0.0566462047642199,0.9322280018983211,-1.3789619681187586,-0.0607643244451676,1.1826696938489911,12.165243111029362,,False,2.7636874183899365e-42,1.3892236665239722e-41
XAUUSD,09:00,120,day,follow,412,-0.027214892413732362,0.8733272479881352,-0.6325257632780811,-0.03116230768755551,-0.24529580708045978,8.584937181110316,226,-0.09170116754442789,1.1202734101638097,-1.2305664112269132,-0.08185606005860577,0.2929755462136025,11.977064925650003,,False,4.3615731622142947e-14,7.90625267978584e-14
XAUUSD,09:00,120,day,fade,412,-0.15864569424594852,0.87369586534936,-3.6856714379141375,-0.1815799988735345,0.2308711675987146,8.611557632965296,226,-0.05825827466173913,1.1211135742174763,-0.7811999868915016,-0.051964650149207856,-0.25184007346363324,12.006643524999207,,False,9.556865795912622e-24,2.0238667155515e-23
XAUUSD,09:00,120,recent,follow,364,-0.05866910869582475,0.8369260862106312,-1.3374362113753913,-0.07010070502338166,-0.11664851011518682,5.499669369734987,217,-0.03038673069806416,1.0241986936605791,-0.4370484922231727,-0.02966878486190919,0.9163384791663437,8.491818318722652,,False,4.907955373583201e-15,8.755877148588104e-15
XAUUSD,09:00,120,recent,fade,364,-0.12871568725769852,0.8367795931090615,-2.9347498654030595,-0.1538226891736859,0.08094185112592453,5.515960573362681,217,-0.11399313561506168,1.025045804911506,-1.6381938617692777,-0.1112078456093022,-0.8867285726172616,8.415286221897619,,False,2.87212488719977e-20,5.600174943652039e-20
XAUUSD,09:00,240,none,follow,921,-0.05777561220941027,0.803364390128042,-2.1825378993589286,-0.07191706891588992,0.1030028472274352,6.426296615914969,515,-0.03936672540025342,0.890183358454309,-1.0035833193795303,-0.04422316484168921,-0.7239472265834977,8.66008321626683,,False,6.159455791095133e-35,2.5869042303848683e-34
XAUUSD,09:00,240,none,fade,921,-0.08498268481380615,0.8036751582748012,-3.2090738981089375,-0.10574258011935211,-0.1320114643700979,6.427835744558027,515,-0.0696319714873878,0.8888505094493014,-1.7778027774591023,-0.07833935037122178,0.7401291857145368,8.71779389270181,,False,3.8937045859105874e-41,1.878318529404046e-40
XAUUSD,09:00,240,day,follow,412,-0.022752153159611814,0.8809781765174084,-0.5242107953277042,-0.02582601222830884,0.26775267691740967,6.493549986684822,226,-0.02951824900125975,1.064813423616687,-0.4167458598514926,-0.027721522237200653,0.10751269712949368,8.527965207048778,,False,1.4330783151402605e-13,2.555999700125613e-13
XAUUSD,09:00,240,day,fade,412,-0.12330367404641669,0.8815648065061569,-2.839032611644573,-0.13986909769583178,-0.29979667593467707,6.538096291035393,226,-0.08689262493761292,1.0657086077180618,-1.2257408585438723,-0.08153506906889953,-0.07760498504680372,8.600236567096138,,False,1.3211358822525505e-22,2.8638487281703526e-22
XAUUSD,09:00,240,recent,follow,387,-0.06461223296624341,0.7865678102301146,-1.6159728636876225,-0.08214451713621583,0.3311001880163614,4.9809398434761105,232,-0.013855885123639505,0.9431318559726228,-0.22377205607954076,-0.014691355228745144,-0.3443995538719819,7.85931751199537,,False,3.4185190127766587e-16,6.296043933894955e-16
XAUUSD,09:00,240,recent,fade,387,-0.08108387387233724,0.7888325209601368,-2.022111807394581,-0.10278971989345097,-0.3823119391346788,5.065620588279329,232,-0.09634823083463916,0.9463610287238771,-1.5507110773093893,-0.10180916997877668,0.3670836568235818,7.918987375559526,,False,1.1606298387952055e-18,2.292778227080137e-18
XAUUSD,09:30,60,none,follow,921,-0.10677773121456317,0.8451945947229225,-3.834014870599528,-0.12633508529425438,0.6841794686335705,9.16505937114855,515,-0.12504290205257693,0.9260778180609017,-3.0641863746723708,-0.13502418437621375,-0.5749246251660126,7.0348708061677385,,False,2.3250742837842878e-40,1.015356499747123e-39
XAUUSD,09:30,60,none,fade,921,-0.13144540502547541,0.8469844097862786,-4.709771177320171,-0.15519223672445553,-0.7270362542927526,9.20564976306796,515,-0.0633954649645989,0.9234632511356118,-1.5579093666484238,-0.06864968896882416,0.5940246549992467,7.137893855676008,,False,1.0306213843813497e-53,6.68003346946067e-53
XAUUSD,09:30,60,day,follow,398,-0.1721941235797565,0.8966999953639755,-3.8310047887301706,-0.19203091833390937,-1.1416169210402733,8.890014698338069,226,-0.1420728765550938,1.0148255260864512,-2.104621539051399,-0.1399973423047213,-0.06439842485765442,6.521425590607017,,False,2.5886411045302417e-30,6.726502764772306e-30
XAUUSD,09:30,60,day,fade,398,-0.06915182346504352,0.8944842089876461,-1.5423129122214034,-0.07730916070984388,1.094318808272016,8.851249823249074,226,-0.05229544394903306,1.0142278377179013,-0.7751442810851631,-0.05156183059094714,0.10817428925830908,6.496832489281601,,False,1.9342679882614122e-15,3.4752457728697523e-15
XAUUSD,09:30,60,recent,follow,397,-0.11071939843837035,0.9890912029836746,-2.230399359181459,-0.11194053501272301,0.714415433333064,8.783206038706693,237,-0.10789955247392635,0.9152606729896793,-1.8148845956056456,-0.11788942282582161,0.15735075639262106,6.01846842037349,,False,1.1609658577660195e-17,2.1749386169661837e-17
XAUUSD,09:30,60,recent,fade,397,-0.13289828267833242,0.9896625453603026,-2.6756388180452,-0.13428646289725824,-0.7240319409983758,8.65977329413297,237,-0.08103369450585236,0.9127358499621568,-1.3667676909606608,-0.08878110190282558,-0.15757507448953634,5.909720139931507,,False,2.226135676432315e-22,4.828871470840726e-22
XAUUSD,09:30,120,none,follow,921,-0.07723153906029503,0.823112772275759,-2.8475093833814817,-0.0938286242925908,0.20132293363618362,7.433673721770395,515,-0.09078163476141138,0.9374283268713655,-2.1976753696570723,-0.0968411473807197,-0.4234959679031326,7.76936535352298,,False,6.512234276119471e-38,2.8736775018672282e-37
XAUUSD,09:30,120,none,fade,921,-0.10215740715235586,0.8248179497166115,-3.7587338335477236,-0.12385449078485113,-0.2297406489695354,7.386072501863509,515,-0.04655631888350685,0.9369207549104597,-1.1276631508984185,-0.049690775489284765,0.4413791483889966,7.757656903426388,,False,1.249858241844156e-44,6.483451311127244e-44
XAUUSD,09:30,120,day,follow,398,-0.1231725784117191,0.8647706638897434,-2.8415455384074813,-0.1424338076614303,-0.3024879749336984,7.410804556117409,226,-0.10089169403965094,1.1131574491229754,-1.3625518472783733,-0.09063560066829772,0.4006915237846659,7.348404340206024,,False,4.980476483010882e-22,1.052614989386657e-21
XAUUSD,09:30,120,day,fade,398,-0.05834310693251445,0.8641665779988438,-1.3468946350715487,-0.06751372758203629,0.2669770254866557,7.513518982172264,226,-0.04099101437144822,1.1114392385346241,-0.5544433258525155,-0.0368810214272197,-0.3614498257578588,7.407325641182632,,False,1.0654752970371595e-15,1.963565708247376e-15
XAUUSD,09:30,120,recent,follow,426,-0.053247315896660694,0.9082321198436014,-1.2100565405348631,-0.058627430954357726,0.8682385826148733,7.556506333116682,226,-0.08224295551474128,1.108085717561261,-1.1157825659981853,-0.07422075224987677,-0.3932871724569043,6.676545106605991,,False,1.3017048186358528e-15,2.422665742709369e-15
XAUUSD,09:30,120,recent,fade,426,-0.13236997060972233,0.9100379395301851,-3.002166493088858,-0.14545544186658796,-0.8926259184417835,7.51406168065636,226,-0.05421543449094989,1.1037283615897289,-0.7384395684195266,-0.049120269422869574,0.4207306132246492,6.74946982429853,,False,9.149516061406164e-26,2.206605525783768e-25
XAUUSD,09:30,240,none,follow,911,-0.07328577167569776,0.8072741928949179,-2.740045563113162,-0.09078175955667804,-0.0105089543556531,5.752534162294792,509,-0.07098519867588492,0.9141325932951073,-1.7519330250052976,-0.07765306608312667,-1.1523891123178829,10.758249408020397,,False,7.340816990342956e-38,3.2666477370188474e-37
XAUUSD,09:30,240,none,fade,911,-0.0740655499060018,0.8079544906401958,-2.7668686397998856,-0.09167044773439499,-0.014436265545323314,5.747334150044485,509,-0.04053092701363216,0.9135030308798234,-1.0010031300470268,-0.044368683675406695,1.156173974077025,10.781925566122661,,False,5.123062742161076e-38,2.2874349738985432e-37
XAUUSD,09:30,240,day,follow,396,-0.10843556818124944,0.8665929939280035,-2.490027702320086,-0.12512860009373475,-0.1049663976722541,5.670621997398347,225,-0.022829876160401885,1.0968605064719033,-0.31220756001829875,-0.020813837334553248,0.7569788257070688,10.813148186800378,,False,3.26696292658065e-20,6.625203763807426e-20
XAUUSD,09:30,240,day,fade,396,-0.040659515567567577,0.8667940152342518,-0.9334560801654264,-0.046907932972494404,0.07517637916335294,5.741347954396624,225,-0.09212696159474747,1.096823520705279,-1.2599150162576933,-0.08399433441717956,-0.7423949883702008,10.880316221644797,,False,1.717509562292211e-14,3.095079338356781e-14
XAUUSD,09:30,240,recent,follow,423,-0.04576790306985984,0.8469102301039618,-1.1114599543557664,-0.05404103226411804,0.5846417623666567,4.738302228736076,215,0.004703830416234108,0.9751928262877015,0.07072621031588379,0.0048234875087630955,0.44179703811103205,4.146563844158874,,False,1.7430144498677645e-15,3.2491524453361178e-15
XAUUSD,09:30,240,recent,fade,423,-0.10690422663375794,0.8475840571202125,-2.594073520970293,-0.12612817069374838,-0.6140217554482527,4.779327463792075,215,-0.11882480621637456,0.9728392987430513,-1.7909573293948693,-0.12214227608804572,-0.4541626711725176,4.135226691258315,,False,5.761464624628093e-23,1.2955503459425109e-22
XAUUSD,10:00,60,none,follow,921,-0.15506060377613237,0.7896023859907435,-5.9596785248998705,-0.1963780841183402,-0.14791712073617627,6.537633310139106,515,-0.11167464090890834,0.9329381802423882,-2.716472496991282,-0.11970208023847194,-1.5260595411443492,18.06506145276349,,False,1.5300603718653917e-57,9.752679282285938e-57
XAUUSD,10:00,60,none,fade,921,-0.11714677282356944,0.7917897401914071,-4.4900406640860115,-0.147951870145792,0.11639986258476183,6.518289786564227,515,-0.08592252053832082,0.9308776565874667,-2.0946815952497175,-0.09230269942594482,1.54630938482279,17.953361213793798,,False,6.739454299534756e-47,3.5003728586217855e-46
XAUUSD,10:00,60,day,follow,414,-0.1700327807389523,0.8573920241206192,-4.035091514069383,-0.19831392869947184,0.14645527561909913,6.434171149504605,222,-0.09610364467358976,1.1702773730400273,-1.223566385811987,-0.0821203988794054,-0.3517402530385704,16.267233508851426,,False,8.98335899133948e-26,1.9868733233870888e-25
XAUUSD,10:00,60,day,fade,414,-0.10622826366704034,0.8585532905801617,-2.517520387945102,-0.12372937688615379,-0.15570652597105397,6.557826406961916,222,-0.109419181300706,1.1676090843714493,-1.396279889342072,-0.09371217025054995,0.3737028669104159,16.410554552299793,,False,5.437152601880937e-21,1.1383985083874356e-20
XAUUSD,10:00,60,recent,follow,418,-0.17667028885154704,0.886689305333554,-4.073616955864995,-0.19924711822828106,0.17660930359569454,6.53618889947553,242,-0.10359358741845175,1.0786966737883679,-1.4939677283540058,-0.09603588287208904,2.642955740856793,18.495641744861643,,False,6.428519629805622e-26,1.4266668882035695e-25
XAUUSD,10:00,60,recent,fade,418,-0.1042591283788442,0.8845629346990366,-2.4097583471252024,-0.11786513349026691,-0.18306542197290857,6.7371434125132375,242,-0.0920740759062616,1.0776383360044697,-1.329143951110991,-0.08544060918215117,-2.626493164498091,18.64513576786807,,False,9.349051061049646e-21,1.958218267512926e-20
XAUUSD,10:00,120,none,follow,921,-0.09903018548485015,0.786827081592513,-3.819601966101801,-0.12586016394404753,-0.09248298009627533,5.987244529384301,515,-0.069124058297228,0.8583879290419584,-1.8274657259161131,-0.08052776135188311,-0.3251918227228878,6.815687697982141,,False,1.7330066973129168e-44,8.877495870494397e-44
XAUUSD,10:00,120,none,fade,921,-0.10083779413541066,0.787762090726903,-3.8847052661009553,-0.12800539061528485,0.03993740952702491,5.932935880948417,515,-0.07784037474378837,0.8585350154931289,-2.0575505792731654,-0.09066651137004364,0.339829320817004,6.784646696366548,,False,3.6495893840456633e-44,1.8327759669069448e-43
XAUUSD,10:00,120,day,follow,414,-0.08759962071499923,0.8555731413966301,-2.083268531954692,-0.10238706251578021,0.5773264907499801,5.847402311478816,222,-0.04480856950991958,0.989501950710697,-0.6747158493383831,-0.04528396278323292,0.6401910813701867,6.621156290897811,,False,4.008188925713507e-18,7.753995028923707e-18
XAUUSD,10:00,120,day,fade,414,-0.11520065737634828,0.8579678791069276,-2.7320214134798806,-0.13427152715351356,-0.6168361964494543,5.9031916870053625,222,-0.10918667201892111,0.986487718875439,-1.6491282574719162,-0.1106822415826829,-0.6250712078565395,6.684507982806335,,False,3.2723896672250636e-23,7.323317779971883e-23
XAUUSD,10:00,120,recent,follow,388,-0.10914550506899548,0.8790698609194523,-2.445672652240432,-0.1241602174312245,0.39695300321954446,5.366584766332981,226,0.035562130513191716,0.9797811572613598,0.5456484275994083,0.036295993497765744,0.9945390969569544,6.291537630141331,,False,9.647572709985293e-19,1.852393427216116e-18
XAUUSD,10:00,120,recent,fade,388,-0.09938860304956637,0.8822650618632031,-2.2189798981433824,-0.11265163650442361,-0.4368834575863589,5.500050235054167,226,-0.18148223361217808,0.9758813605335479,-2.7957048014620756,-0.18596751710982112,-0.9811876955729774,6.210442424524994,,False,1.3766395115157852e-19,2.7781552038778266e-19
XAUUSD,10:00,240,none,follow,905,-0.08969156055421185,0.7742286138124455,-3.4850310528066677,-0.11584635203877824,-0.14274603836822694,4.851116618394679,506,-0.0584684129055517,0.8588131012291352,-1.5314326526513589,-0.06808048552341782,-0.6710474542323164,8.585068965013596,,False,1.9809319051471444e-42,9.70590469757517e-42
XAUUSD,10:00,240,none,fade,905,-0.07270185931449373,0.7748041832145407,-2.8227853228191977,-0.09383255910269502,0.11104015120323442,4.823153952122481,506,-0.061681748755029735,0.8583634266127617,-1.61644425341525,-0.0718597121483096,0.6709911238754855,8.531243091505225,,False,8.814505863278088e-38,3.8685899434818095e-37
XAUUSD,10:00,240,day,follow,411,-0.12662530592975416,0.8292636938943778,-3.0956280033851016,-0.15269606864747445,0.48485043988930304,4.855031798171199,219,0.010986328152956167,0.9722452830885753,0.16722406621507677,0.011299955210947801,1.0096454404224868,8.753617880501176,,False,1.7962967650391622e-21,3.66320600214397e-21
XAUUSD,10:00,240,day,fade,411,-0.03808177484465084,0.8298534527745969,-0.9303292735862274,-0.04588975886926211,-0.510377231104279,4.9002902589074235,219,-0.13693772291092993,0.9724406656942789,-2.0839248204505996,-0.14081858949529075,-1.016955413954975,8.76403128215658,,False,2.852548390375958e-15,5.335725939378154e-15
XAUUSD,10:00,240,recent,follow,399,-0.06669980006990585,0.8213923051086975,-1.6220354812441449,-0.08120334175894094,0.5095755717420888,5.266530871739461,228,0.07266745619609512,1.004597682373152,1.0922327867943922,0.07233488337782489,1.1583201982808227,8.07420487027305,,False,2.2795232323395467e-16,4.2352599558243265e-16
XAUUSD,10:00,240,recent,fade,399,-0.0999438699106393,0.8207674153671297,-2.4323300371201846,-0.12176880811713799,-0.5300604695170671,5.35416890944797,228,-0.1943528262550627,1.0032876004761822,-2.925046934809596,-0.19371596555446177,-1.1693147453460224,8.047048460927972,,False,4.159757941175427e-21,8.77609313669461e-21
XAUUSD,10:30,60,none,follow,921,-0.13058695378087473,0.7861656633441158,-5.040986503069275,-0.1661061527736998,0.22134862353467186,6.7837540317491865,516,-0.10219239120541869,0.9001587542491433,-2.5788394349519974,-0.11352707588858729,-0.42966924646687366,8.829089336558804,,False,5.1396442879487755e-49,2.7105988497058904e-48
XAUUSD,10:30,60,none,fade,921,-0.14469286987017155,0.7888300248824968,-5.566644834105521,-0.18342718368475494,-0.28645174315184274,6.827967352409219,516,-0.10622354011160412,0.9028019929628787,-2.6727178413973327,-0.11765984229054732,0.4555405798392795,8.689794239199072,,False,2.3708354706698456e-56,1.519419351415432e-55
XAUUSD,10:30,60,day,follow,422,-0.12289017138654548,0.8310295870813856,-3.037783991791606,-0.14787701099565112,0.4464793058648449,4.768987481775336,222,-0.14900860376636677,1.0670382312740023,-2.0806922634981926,-0.13964692116837862,-0.14681414038411064,7.572249664279871,,False,8.805433363051226e-22,1.828926595211739e-21
XAUUSD,10:30,60,day,fade,422,-0.1587105877317646,0.8338388156668596,-3.910029350994007,-0.19033725073692617,-0.4875351892889477,4.851647185387554,222,-0.07565080966927944,1.066335720066508,-1.0570514111056375,-0.07094464552360775,0.22483731360227524,7.856069643156794,,False,5.0151713115993906e-29,1.2519380472405038e-28
XAUUSD,10:30,60,recent,follow,370,-0.08902035602555942,0.8788955752598653,-1.948286901947438,-0.10128661303049404,0.4547051457996503,4.226223885985708,235,-0.01606954358511853,1.0140434602477928,-0.24292986257258395,-0.015846996913911122,1.2127656279016545,9.130907419096511,,False,1.4803344063999975e-16,2.6936955079188087e-16
XAUUSD,10:30,60,recent,fade,370,-0.1961109027198813,0.8784394532033221,-4.2942840496769685,-0.2232491972039077,-0.511832957586966,4.2322980304372,235,-0.19840247728222926,1.0087914066897152,-3.0149467607006706,-0.1966734410766586,-1.1877601610617334,9.2180983673843,,False,3.2873425443059127e-29,7.82245672245003e-29
XAUUSD,10:30,120,none,follow,921,-0.09867333072052377,0.7550019206909837,-3.966263348304254,-0.13069282079470362,0.002620664365879951,4.638751970938068,516,-0.06395160962741331,0.8885294515110097,-1.6349501033325218,-0.07197466501381455,-0.5500585903583424,5.899272020713198,,False,4.753282426756326e-45,2.445754852010245e-44
XAUUSD,10:30,120,none,fade,921,-0.11528999956238284,0.7555615195239178,-4.630753048292503,-0.15258850084772382,-0.05726049929037021,4.6427591602393115,516,-0.09564672520188265,0.887013572830135,-2.449428070257747,-0.10783005822189284,0.5484183949863612,5.903210165414355,,False,2.4423930054780448e-49,1.3644120560715245e-48
XAUUSD,10:30,120,day,follow,422,-0.0842042312692228,0.8450371879315447,-2.046983393069307,-0.0996455924920124,0.35800223945136905,4.177858485728128,222,-0.08459941916419726,0.97457125599834,-1.2933922977943473,-0.08680680724318567,0.22534292301904132,4.926003740856073,,False,1.1257383171691671e-18,2.2359593994332308e-18
XAUUSD,10:30,120,day,fade,422,-0.1343236735083078,0.8476300004141916,-3.2553858131866735,-0.15846970192498022,-0.4019988281559439,4.230868110500502,222,-0.08698007828692884,0.9757675038072225,-1.3281585758331005,-0.08914016704548203,-0.2201760012474354,5.0289305871922485,,False,1.7539157597511306e-25,4.0919422882727937e-25
XAUUSD,10:30,120,recent,follow,412,-0.09597596183771806,0.8116075966939468,-2.400296974829177,-0.11825414427941847,0.3191507724394155,3.952247446776536,239,-0.08606523348692201,1.0525561141542492,-1.2641000351845288,-0.08176783387560978,0.5311211716710595,5.422503178736747,,False,1.2430500497820147e-19,2.491276770018124e-19
XAUUSD,10:30,120,recent,fade,412,-0.12504748606341837,0.8145896382087539,-3.1159084697804236,-0.1535097921677376,-0.3598395559844241,3.998342597960943,239,-0.0756634255674746,1.0522690101145848,-1.1116246526935316,-0.07190502128275675,-0.526954134249642,5.41743061742489,,False,2.5103930211339684e-24,5.666407539129897e-24
XAUUSD,10:30,240,none,follow,893,-0.09673617539742721,0.7779723180731821,-3.7157843243244053,-0.12434398133472849,-0.10791203917168579,5.0353047627987255,500,-0.07347574076008419,0.8975009634651261,-1.8306025032259963,-0.08186703273989211,-0.9790951358483759,7.652234105882313,,False,3.616130789928929e-43,1.7702779549322556e-42
XAUUSD,10:30,240,none,fade,893,-0.07366958520627202,0.7782172672287876,-2.8288706593415887,-0.09466454717537634,0.07323466443955981,5.060477079461779,500,-0.052493233635422555,0.8988059973208676,-1.305937422730391,-0.05840329703172066,0.9610677721518958,7.532447662500249,,False,1.5320824733227545e-37,6.639298218934437e-37
XAUUSD,10:30,240,day,follow,414,-0.08724716343626339,0.8867107988551842,-2.002024966698442,-0.09839415912032037,0.30281122539100896,4.7610781727409845,219,-0.09013094629423778,0.9936009063483345,-1.3424063851950316,-0.09071141714784212,0.7231014416774719,7.815027041287834,,False,2.466388012154104e-18,4.841325433450445e-18
XAUUSD,10:30,240,day,fade,414,-0.08607314996580083,0.887098115736903,-1.9742230156925256,-0.09702776777324205,-0.32993155406397434,4.779758519620202,219,-0.044167493277168034,0.9953345833896341,-0.6566829113375283,-0.044374518894696346,-0.7394832852829142,7.88863638775873,,False,2.8608478582478916e-19,5.84514949848616e-19
XAUUSD,10:30,240,recent,follow,400,-0.04449346999009262,0.8384982836120888,-1.0612656187779739,-0.05306328093889869,0.4513789928248005,5.4825599918058705,229,-0.03305853942053877,0.9972812239941888,-0.5016302989636195,-0.033148663210700736,1.1743850923113592,8.490101038178148,,False,9.139328452696289e-15,1.6519813386400727e-14
XAUUSD,10:30,240,recent,fade,400,-0.13128354362652755,0.8380613573977472,-3.1330294009539896,-0.15665147004769947,-0.46909749862638217,5.516917525226227,229,-0.09444164784958338,0.9958148803288281,-1.4351678130929295,-0.09483855856662615,-1.176697299866123,8.576908264626377,,False,3.8401035627256054e-24,8.56632224712525e-24
XAUUSD,11:00,60,none,follow,921,-0.12283453613555363,0.7653239680111129,-4.870852637857909,-0.160500051311303,0.22552928221418145,6.931512442720678,516,-0.09631026020482616,0.8635267189456312,-2.5335041914218714,-0.11153130307585768,-0.3923679065993699,8.047540567229253,,False,4.540385280852708e-48,2.358845135319671e-47
XAUUSD,11:00,60,none,fade,921,-0.1750110797759443,0.7665596793367127,-6.928662188907787,-0.22830718141525205,-0.32538139936961885,6.983665195697071,516,-0.12939699645139985,0.8638614360888044,-3.4025534761517124,-0.14978906459495886,0.36505531076505326,7.98531802294713,,False,1.1304605336625948e-65,8.379848281954045e-65
XAUUSD,11:00,60,day,follow,423,-0.1443326651469724,0.8726317194222912,-3.401761170650755,-0.16539928807828005,0.010088423144280313,6.239629135929936,233,-0.10464494663250318,0.9292506272558088,-1.7189504516525427,-0.11261218831945538,-0.2871773654578521,5.731836146745153,,False,2.5996740582654187e-24,5.753023348182797e-24
XAUUSD,11:00,60,day,fade,423,-0.1634629681872631,0.8769949531158134,-3.83347354235081,-0.1863898618874682,-0.10419891508320259,6.264567117773938,233,-0.12542814027132057,0.9285183008397151,-2.061970632335573,-0.13508418752531678,0.27385953010877023,5.685101915872546,,False,1.719638986593632e-26,3.967710745617672e-26
XAUUSD,11:00,60,recent,follow,386,-0.15325559669616898,0.866371796209369,-3.4754071465099483,-0.17689356621107383,-0.04011084563518831,6.138374988724433,224,-0.11072756070163685,0.9684076942945838,-1.7112817168208516,-0.11433981922489164,0.19556951712948517,6.650624877954359,,False,2.184041535930231e-23,4.599824158346595e-23
XAUUSD,11:00,60,recent,fade,386,-0.14912310501045134,0.8714564410420369,-3.3619628184183905,-0.17111940194295724,-0.0624483214025035,6.230682133791476,224,-0.11690075548802269,0.9704260309575748,-1.8029301001318125,-0.12046333441062997,-0.17871524069271708,6.490781477260911,,False,5.1061850312960343e-23,1.0707425795460124e-22
XAUUSD,11:00,120,none,follow,921,-0.08973763950040722,0.7617215634988924,-3.5752647447839125,-0.11780897876673765,0.2187683377506428,5.5261405206572505,516,-0.046630865032503195,0.8201960186566175,-1.291459127239849,-0.05685331795304121,-0.553876249749654,6.855440247017392,,False,1.0448186281232153e-41,4.943219899543843e-41
XAUUSD,11:00,120,none,fade,921,-0.14322491383876468,0.7610963112174955,-5.710955388951962,-0.18818237814036107,-0.2668188468805187,5.57868223465506,516,-0.12805931533882467,0.8185287298564086,-3.5538745952763167,-0.15645060541893213,0.5412541356214423,6.851763955118635,,False,1.0801204752845699e-57,7.122727338351231e-57
XAUUSD,11:00,120,day,follow,423,-0.15811601095037509,0.8695412713851237,-3.739864202681062,-0.1818384200424511,-0.08743393040958612,5.201996676847939,233,-0.053826753648919534,0.8537194201956005,-0.9624119072375147,-0.0630497003764855,-0.2050135738657923,4.270738408073452,,False,3.05381504963548e-26,7.03781959435323e-26
XAUUSD,11:00,120,day,fade,423,-0.08233346952179152,0.8720453964172185,-1.9418134586103442,-0.09441420121023168,0.04230596466162962,5.239311133498958,233,-0.12493155945074055,0.862224020321079,-2.2117192814402946,-0.14489454771187882,0.16899726280311572,4.184374557343369,,False,8.417663074501464e-19,1.6945864048482169e-18
XAUUSD,11:00,120,recent,follow,395,-0.10267248600735912,0.8603526720990331,-2.3717893446382665,-0.11933767318565466,-0.001604753739288254,5.524174696392679,216,0.004819998821845687,0.8993827430295993,0.07876427093475677,0.00535922982645783,0.8546125641495154,7.351023549602242,,False,1.608496069279112e-19,3.2045078929693667e-19
XAUUSD,11:00,120,recent,fade,395,-0.13670161343625437,0.8658729059949652,-3.1377478297248214,-0.15787722711934496,-0.03347435630586165,5.532443918313988,216,-0.1782760453137725,0.898861353479461,-2.9149234819561953,-0.19833542139026464,-0.8851969464961831,7.1945055800864015,,False,1.7210197356529985e-22,3.6124226398083914e-22
XAUUSD,11:00,240,none,follow,893,-0.08591340573874835,0.7780528324136706,-3.299723706100895,-0.11042104360989,-0.016027817944508246,5.421014331690156,500,-0.029695422251051037,0.8534738233924056,-0.7780084280731415,-0.034793594644786,-0.20059444313690733,8.51234360017439,,False,2.3662721988889805e-40,1.0885635957572656e-39
XAUUSD,11:00,240,none,fade,893,-0.09526400322711961,0.7776382389927065,-3.660807976113525,-0.12250426798779517,-0.016533424583764805,5.492743503182001,500,-0.10401035661424016,0.8552421750162525,-2.7193961493891035,-0.12161509295570416,0.17362161762170755,8.457293364444014,,False,2.4830251544681275e-42,1.1844517012123042e-41
XAUUSD,11:00,240,day,follow,415,-0.1566732554665686,0.8460423675001089,-3.7724787670606843,-0.1851836994044491,-0.3084018691646922,5.54793796971266,229,-0.12006937745626897,0.9123171774512828,-1.9916093113000906,-0.1316092477746651,-0.9474228478964871,7.942222848433172,,False,5.338334367050876e-27,1.2554898192502419e-26
XAUUSD,11:00,240,day,fade,415,-0.029726252875581283,0.8453248030554394,-0.7163753015817539,-0.03516548049712405,0.28263130248252066,5.5951460453286055,229,-0.016320098186983198,0.9146761820570142,-0.27000582784843746,-0.017842487327352233,0.902025679491692,7.830410206211381,,False,3.111480677020141e-14,5.643120014068286e-14
XAUUSD,11:00,240,recent,follow,403,-0.09127070226463448,0.8440723581224705,-2.170722146383545,-0.10813137213455766,-0.0742883135797441,5.7746997312559145,210,-0.043261759564120504,0.8792927912704607,-0.712984870080551,-0.049200630317477116,0.9632394753143793,7.396641464007893,,False,3.5807224500705326e-19,7.159243471174774e-19
XAUUSD,11:00,240,recent,fade,403,-0.09496528309156554,0.8454450788787095,-2.254924419152686,-0.11232578610252884,0.06129184889652414,5.806354479783138,210,-0.08983339247369647,0.879625847723376,-1.4799582550853214,-0.1021268221098787,-0.9725182193613882,7.360722704492923,,False,3.1877178633829285e-19,6.344983207903138e-19
XAUUSD,11:30,60,none,follow,921,-0.1656580640967114,0.7721582115194019,-6.510826202518472,-0.21453901755540541,0.1997243052983788,5.441220416290091,516,-0.10122122679711404,0.8526595092690779,-2.6966265590494816,-0.11871236489684321,-1.0004413788544868,9.842550172010101,,False,1.2830849073209943e-57,7.714044669708742e-57
XAUUSD,11:30,60,none,fade,921,-0.1773722128132862,0.7701664060628346,-6.989254070104122,-0.23030375178272205,-0.28111518807875885,5.544149782178318,516,-0.1488985433616797,0.8453640961269171,-4.001027176092404,-0.17613540017120044,1.0233137204074982,10.238136297585832,,False,1.1951319705069034e-66,9.070048344251069e-66
XAUUSD,11:30,60,day,follow,407,-0.22207238342619948,0.8859611575833657,-5.056815126423676,-0.2506570198087982,0.15607705084396298,4.841603995439216,233,-0.07235483868097031,0.87649165090533,-1.26007894983333,-0.08255051671768333,0.49068665796623645,3.843129663421391,,False,9.49386398865117e-30,2.2052170698268516e-29
XAUUSD,11:30,60,day,fade,407,-0.12871657957308927,0.8891151095614636,-2.9206109190066343,-0.14476930848310055,-0.22306940915786072,4.8106362719090585,233,-0.1833576630674931,0.8753862877256015,-3.197255081143738,-0.20945914465245585,-0.48428028558414976,3.726253644649729,,False,1.0056010075817807e-22,2.172200575970964e-22
XAUUSD,11:30,60,recent,follow,397,-0.20462211366517383,0.8285200029460412,-4.920903197124991,-0.24697305187271404,0.37418739792867345,4.933136885508804,249,-0.05553540914680095,0.9677753110622404,-0.9055138779706836,-0.05738461036564851,1.2727512147942408,9.718272825705762,,False,1.7016634052725865e-27,3.7115179943386704e-27
XAUUSD,11:30,60,recent,fade,397,-0.14635010600043005,0.8297637106065279,-3.5142597425753004,-0.17637564059466196,-0.45464903486941904,4.966299193341919,249,-0.20158676574742201,0.9765891837454576,-3.257240159643909,-0.2064192078948567,-1.2022779851907455,9.056462058637335,,False,7.242678505238554e-26,1.6624274908041755e-25
XAUUSD,11:30,120,none,follow,911,-0.14946251522910275,0.7927310378044502,-5.690698968459143,-0.18854126822516562,-0.2552198913578337,5.206423482011231,510,-0.08601549941105358,0.8400372640375912,-2.3124015482790887,-0.10239486162509623,-1.363383871762369,10.888657326070167,,False,3.1851053106508855e-57,2.0646599580368327e-56
XAUUSD,11:30,120,none,fade,911,-0.11167111143212248,0.7917288213196538,-4.257195282260316,-0.1410471722451496,0.20141368012437783,5.279046958929712,510,-0.10731297885707644,0.8400726776996893,-2.884831678571737,-0.1277424938410375,1.3954508808238715,11.134089056973826,,False,4.63804912190341e-45,2.3042910243454154e-44
XAUUSD,11:30,120,day,follow,406,-0.19507887040570046,0.8905741826877247,-4.413703427041885,-0.21904842313860773,-0.26360201344212253,4.543955629373391,232,-0.03210026526508476,0.893284031511254,-0.5473473794966187,-0.03593511596840892,0.891638063502628,5.61873144477004,,False,1.1593024303218152e-29,2.817016739682541e-29
XAUUSD,11:30,120,day,fade,406,-0.07235520678661012,0.889079839442655,-1.639804385033464,-0.08138212517783333,0.22205102097694096,4.52640300582303,232,-0.16535804618073072,0.8962794248340342,-2.8101266771232725,-0.1844938549285011,-0.899744732128294,5.591728047720836,,False,5.4364625312940643e-17,1.0365545435071973e-16
XAUUSD,11:30,120,recent,follow,369,-0.1722430067476097,0.8761786307474025,-3.7762620515857597,-0.19658435015777784,-0.20427352857010223,5.055754040682422,227,-0.06967230204259058,0.9517310803356375,-1.1029576487129062,-0.07320587031582487,1.4839878247660152,12.33135121938211,,False,8.426853204190712e-25,1.8094036492549943e-24
XAUUSD,11:30,120,recent,fade,369,-0.09606589639417788,0.8755189475184172,-2.107739203140434,-0.1097245201448448,0.15751683972951433,5.059093327343159,227,-0.1285560108568917,0.9580035671782979,-2.021799989874493,-0.13419157846722884,-1.4126166080270222,11.843645703843078,,False,1.8628482117878103e-17,3.472519819825897e-17
XAUUSD,11:30,240,none,follow,893,-0.11578558527205877,0.8135382100213399,-4.253067438552553,-0.142323475217005,-0.24066697637260842,6.035918162603448,500,-0.048509875391519006,0.7937293479315837,-1.3666041105592397,-0.06111639379082196,-0.29617305094534896,6.575105559241737,,False,6.204933025157379e-47,3.28998567765355e-46
XAUUSD,11:30,240,none,fade,893,-0.07590766336205504,0.8123002289927291,-2.7925102551409826,-0.09344779264211495,0.19181350185430557,6.101180516045994,500,-0.09504754165068792,0.7952693851911254,-2.6724625414079433,-0.11951615819820015,0.29203941104021924,6.64164911712122,,False,6.810662740827105e-37,2.8856871661375287e-36
XAUUSD,11:30,240,day,follow,401,-0.17924896118481717,0.8860661763201163,-4.051004029251703,-0.20229748745093554,-0.5838895773706143,5.869754859548447,230,-0.07371851926576892,0.8533802369120752,-1.3100803729295514,-0.08638414164888168,-0.011321230144860571,6.476992580620149,,False,3.697112444591998e-29,9.083320803505859e-29
XAUUSD,11:30,240,day,fade,401,-0.016295072122321477,0.8850330289911966,-0.36869648280663,-0.018411823726957835,0.5677908821361902,5.900371943826559,230,-0.07276266359233304,0.8514704807288992,-1.2959937601730163,-0.08545529791008695,-0.009412677745445944,6.413496364988905,,False,9.34896200632058e-13,1.6213410552064152e-12
XAUUSD,11:30,240,recent,follow,406,-0.12461993778302734,0.8317390135443481,-3.01900250870201,-0.14983057876770214,-0.4011310188173953,5.913163605340047,229,-0.02350431451489614,0.8721085128170005,-0.40784468339132535,-0.02695113528817048,1.2654035379574233,6.977565634915253,,False,1.4833908159379868e-23,3.275978693620559e-23
XAUUSD,11:30,240,recent,fade,406,-0.07110385484591346,0.8315597390991671,-1.7229104645749618,-0.08550661065306099,0.38320329029328315,6.00763039080343,229,-0.11812663541235079,0.8753539635839565,-2.04212288747091,-0.13494727884558336,-1.257203474121546,6.832886879850635,,False,5.0264905969647185e-17,9.537260117180024e-17
XAUUSD,12:00,60,none,follow,921,-0.1754871593207175,0.7799359036758448,-6.828357425304999,-0.22500202708151398,-0.22807933728567506,5.869984790836982,516,-0.09172636398649352,0.8275664086263779,-2.5177706999365914,-0.11083867473396361,0.5172829941402232,10.67793776173052,,False,1.6138339730207917e-64,1.1670799320789403e-63
XAUUSD,12:00,60,none,fade,921,-0.20291701318962824,0.7788913339723941,-7.906265684086959,-0.2605203118061911,0.17279469390919985,5.905698030028921,516,-0.19092442408859184,0.8231941819978904,-5.268464374917526,-0.23193121169201986,-0.5306212884559774,10.553372500492838,,False,2.6744679614469136e-65,1.7600964232780475e-64
XAUUSD,12:00,60,day,follow,402,-0.29132129245087174,0.8953967632055666,-6.523335789740197,-0.32535441764154527,-0.5085299671525868,5.399713046062111,239,-0.13423661732868702,0.9482947484434301,-2.1883994889334364,-0.1415557953358157,-1.1425929858020212,11.610248520969721,,False,2.8446204528479763e-42,8.399679678909724e-42
XAUUSD,12:00,60,day,fade,402,-0.09792566471410717,0.8929685843681968,-2.198737454807786,-0.10966305694101505,0.4646721323730966,5.314124074826139,239,-0.15868228128372608,0.953173188337686,-2.573686048268658,-0.16647791107140208,1.133706288689878,11.507175672541107,,False,2.6641898128086566e-18,5.1346991362815545e-18
XAUUSD,12:00,60,recent,follow,369,-0.21309474026876407,0.9075950501499862,-4.510179168756681,-0.23479054919211903,0.31167893003962865,5.160397233868865,217,-0.1377000374467232,1.005848807988851,-2.01665319936923,-0.13689933949620936,-0.8261742998018721,10.221055511055862,,False,3.803304252192085e-25,7.843586244242763e-25
XAUUSD,12:00,60,recent,fade,369,-0.17248414192833225,0.9028682752950173,-3.6697625333880417,-0.19104020669235727,-0.35430521800814385,5.176065696871106,217,-0.15919846474638044,1.0106536866716,-2.320418811472519,-0.15752029290139036,0.8322974349343463,10.289172141939043,,False,5.486192615981226e-25,1.194892999620819e-24
XAUUSD,12:00,120,none,follow,905,-0.15612365841898115,0.7897251325834233,-5.947261703861423,-0.1976936683124858,-0.3809186758372403,6.895512768830096,507,-0.09386236308560518,0.7973039090402309,-2.650767090455906,-0.1177246994795168,-0.07895713032835903,6.80308905221004,,False,3.439354035461926e-59,2.305079502516481e-58
XAUUSD,12:00,120,none,fade,905,-0.12488655090128643,0.7909480928451378,-4.749982153253376,-0.15789474939127057,0.3321415550904317,6.893286761212872,507,-0.11853552211232073,0.7982596784602398,-3.343553708677154,-0.1484924333657482,0.10925599850257894,6.686155001687779,,False,3.446013958951992e-46,1.6881821830006794e-45
XAUUSD,12:00,120,day,follow,398,-0.24880426453796803,0.9072008407399792,-5.471367822167857,-0.27425488752305954,0.006861047326928683,6.28062474734073,236,-0.056953966596683565,0.9078764726544144,-0.9637252016660454,-0.06273316724483866,0.07709307019359317,6.86690331499111,,False,2.5631690051675692e-31,6.031023252229027e-31
XAUUSD,12:00,120,day,fade,398,-0.04002238535235885,0.9014444964887198,-0.8857384821998936,-0.04439805834774395,-0.03242595454462279,6.278720204802768,236,-0.16330551928328377,0.9130254502236524,-2.747729528763961,-0.17886195750981623,-0.04680586503048895,6.932960978185275,,False,1.8832615656300267e-14,3.400675868794816e-14
XAUUSD,12:00,120,recent,follow,392,-0.1490416425966874,0.8451910046397628,-3.4913693546917313,-0.17634078188067312,0.6612976628276376,5.590365356617842,212,-0.10833856329280755,0.8957843359269426,-1.760952082740453,-0.12094268558592357,-0.06574341164908495,7.121600913043528,,False,2.0124354321911765e-21,3.9648871302814504e-21
XAUUSD,12:00,120,recent,fade,392,-0.13860229393036302,0.842112799934184,-3.25869101401529,-0.16458875098584846,-0.6986808786742318,5.612667266496588,212,-0.10837554314161324,0.9035097984177372,-1.7464909949247034,-0.11994949399708212,0.087166870634529,7.199773807668876,,False,2.4563469244469313e-25,5.642744381767824e-25
XAUUSD,12:00,240,none,follow,893,-0.11611696872901399,0.829299308656925,-4.184177656576575,-0.14001816656168312,-0.4828468387228737,8.311161788373985,500,-0.05086630217224757,0.7679339180404223,-1.4811236585490126,-0.0662378636719756,-0.05873945313420744,5.945485054055429,,False,1.4720309848733063e-47,8.053047120987756e-47
XAUUSD,12:00,240,none,fade,893,-0.08407230568133478,0.8287785093691631,-3.031378782010226,-0.10144122311439717,0.42249947388041775,8.186195114429514,500,-0.09850069214618998,0.768252298176014,-2.8669519634707044,-0.12821398957093977,0.024657184804169754,5.963478283036684,,False,4.193790394041219e-37,1.745600639914538e-36
XAUUSD,12:00,240,day,follow,395,-0.1978275982964181,0.9008833219652771,-4.3643229451451,-0.21959291894188604,-0.9297740286550492,7.212903935395376,235,-0.0920545043708493,0.8206559435788652,-1.7195620663768978,-0.11217186092554371,0.08405330121745754,5.538534816543474,,False,1.692959268159777e-32,4.497934005634605e-32
XAUUSD,12:00,240,day,fade,395,-0.007237489100247377,0.896514055280265,-0.16044617490057622,-0.008072923182431111,0.9302140013652821,7.322931930437142,235,-0.062258869857283794,0.8195721788726803,-1.16452269465544,-0.07596508454315852,-0.1375658938344104,5.505619308931834,,False,5.31584165602402e-12,9.020600115098755e-12
XAUUSD,12:00,240,recent,follow,396,-0.14772219200302847,0.8449753872301459,-3.478958735275728,-0.17482425433392346,-0.7890617795181664,8.193469278171047,231,-0.052627794736914535,0.8310060504915366,-0.9625359880739628,-0.06333021848130398,0.4575105572460959,6.276173971216022,,False,1.5647685428151437e-26,3.68436465424999e-26
XAUUSD,12:00,240,recent,fade,396,-0.05661014644191586,0.8435740197548565,-1.3354224573876945,-0.06710750345105083,0.7891662807053607,8.32766090289613,231,-0.09570669163801829,0.8328085259009983,-1.7466389120064587,-0.11492040326373364,-0.49943649638172555,6.1977531377482,,False,3.888873608244171e-15,6.998225030696435e-15
XAUUSD,12:30,60,none,follow,911,-0.2391592052350431,0.8235712515437105,-8.764862587050922,-0.2903928528184545,0.03454758714879305,6.842919225594355,510,-0.17833072741772854,0.8243954033282941,-4.885125300158605,-0.21631698417744932,-1.7243497807593426,18.41274064423077,,False,9.977150977953511e-71,7.00081905833171e-70
XAUUSD,12:30,60,none,fade,911,-0.16861397998884264,0.8248101499519767,-6.170193323590031,-0.20442762494940192,-0.11283258169525374,6.939645971619747,510,-0.13293328153213543,0.8321950591036091,-3.6073948485126746,-0.1597381287931741,1.6780104807553808,17.487227636473342,,False,8.171114634377598e-58,5.112472419137515e-57
XAUUSD,12:30,60,day,follow,395,-0.27461230395469033,0.9315913913184766,-5.858589555255068,-0.29477763160309256,-0.4059597731390322,5.733972433462908,241,-0.16849937285366745,1.019636291003089,-2.565438013016607,-0.16525438957052282,1.7524174407667659,15.927335583593981,,False,8.078890400296657e-37,2.1571350367565787e-36
XAUUSD,12:30,60,day,fade,395,-0.14350312140229415,0.9189473803937499,-3.1036250711450397,-0.15616032480641714,0.3592782126996265,5.742453744491923,241,-0.15360113544401627,1.0225705704127057,-2.3318985791018982,-0.15021079218231698,-1.7303929515451826,16.17560207017234,,False,3.5362630127795586e-21,7.100502349999426e-21
XAUUSD,12:30,60,recent,follow,360,-0.18822237431903763,0.9180994022177968,-3.889849452129871,-0.20501306706480835,0.1087559390168849,5.747157610867395,219,-0.1754647491744678,0.8134327113067058,-3.1922015507082144,-0.21570899071983424,0.7943974830637366,4.882263234559488,,False,2.2095025627350234e-23,4.476517135286419e-23
XAUUSD,12:30,60,recent,fade,360,-0.22552998939088995,0.9280203407173655,-4.611031132771446,-0.24302267902506733,-0.17345325854173524,5.710693575107368,219,-0.1519273532363424,0.8099454587132737,-2.7758900146951517,-0.18757726412554124,-0.7247284350513459,4.533516716072406,,False,1.4168661184666221e-27,3.1143247610591203e-27
XAUUSD,12:30,120,none,follow,893,-0.17354100744406759,0.8199887521380526,-6.324409008033657,-0.21163827795390341,-0.3135743778851569,6.779953772287852,500,-0.14529317302428274,0.82389845436339,-3.943270069610307,-0.17634839858577947,-0.8534284009650603,9.700925137590726,,False,1.8408976215308363e-60,1.2249994104622443e-59
XAUUSD,12:30,120,none,fade,893,-0.11334137780059157,0.8205303416105613,-4.127808795523802,-0.13813185454924404,0.23648743909715253,6.986442857244157,500,-0.06789596163670565,0.8272372918214926,-1.83526525119654,-0.08207555716837381,0.7775239811888305,9.544105201226364,,False,3.043875963535047e-43,1.427071304479252e-42
XAUUSD,12:30,120,day,follow,389,-0.18725841423883444,0.9196173792427562,-4.01614118598149,-0.20362644124127938,0.024140270598753916,7.0782825423778215,238,-0.16146757726134922,0.9840312323994623,-2.531424183044752,-0.16408785813396043,-0.5281049201601313,9.212201760973565,,False,4.339831315438125e-25,9.313517160847451e-25
XAUUSD,12:30,120,day,fade,389,-0.1049237033193635,0.9175747769550914,-2.255313630194194,-0.11434894022212072,-0.060346807717993486,7.05415785412948,238,-0.058422768323499456,0.9808964988920486,-0.9188559374459702,-0.05956058400604925,0.4490529160694422,9.016924551453268,,False,6.360918102364349e-19,1.247525457163744e-18
XAUUSD,12:30,120,recent,follow,376,-0.13996674694002398,0.8817378174374001,-3.078075892542353,-0.15873964365825907,0.8057687692192794,5.939066547287226,228,-0.022077744526787128,0.9672839905197099,-0.34464194076424415,-0.022824470107196775,0.4766715230961495,8.782559819655162,,False,2.9596091752337125e-19,5.530019605534365e-19
XAUUSD,12:30,120,recent,fade,376,-0.1515982617958108,0.881569087523654,-3.3345082105418573,-0.17196413070886307,-0.9031710581320825,6.2524695638975185,228,-0.18980157375902293,0.973170898779638,-2.944951311699529,-0.1950341651163585,-0.5322972941576695,8.61961019840389,,False,6.686553877632205e-26,1.5477215198239924e-25
XAUUSD,12:30,240,none,follow,0,,,,,,,0,,,,,,,,False,,
XAUUSD,12:30,240,none,fade,0,,,,,,,0,,,,,,,,False,,
XAUUSD,12:30,240,day,follow,0,,,,,,,0,,,,,,,,False,,
XAUUSD,12:30,240,day,fade,0,,,,,,,0,,,,,,,,False,,
XAUUSD,12:30,240,recent,follow,0,,,,,,,0,,,,,,,,False,,
XAUUSD,12:30,240,recent,fade,0,,,,,,,0,,,,,,,,False,,
XAUUSD,13:00,60,none,follow,905,-0.2547307192555066,0.7917812477676159,-9.678329409922195,-0.3217185554390256,-0.8091345333679733,11.40301845972193,507,-0.2049736633082406,0.8007073790835193,-5.764056268729166,-0.2559907260288411,-0.6296594157735511,6.037996504216313,,False,1.6337282387963084e-86,1.6000817944355022e-85
XAUUSD,13:00,60,none,fade,905,-0.171471896317401,0.7944120914192707,-6.493388605972581,-0.21584754080348262,0.680022429617015,11.345502783126149,507,-0.1241235148447314,0.8060563051214934,-3.4673099458047214,-0.15398864081340174,0.5466775597624647,6.105593792177388,,False,2.0474970626930872e-49,9.419497846987499e-49
XAUUSD,13:00,60,day,follow,399,-0.23259296953022576,0.903194296491957,-5.144010481018955,-0.257522628778355,-0.7662503744731043,12.510715891113485,234,-0.13504208941273407,0.9177053363681609,-2.2509913207989576,-0.14715190602156256,0.7600986496372806,6.383144869470247,,False,8.162836941430281e-33,2.057114742037246e-32
XAUUSD,13:00,60,day,fade,399,-0.19939147897036108,0.8988824038304174,-4.430881788394696,-0.221821539859599,0.734392252057945,12.458306372965732,234,-0.20853390185762768,0.921581309109333,-3.4613932302251307,-0.22627835416840902,-0.8281760499445756,6.198784317778349,,False,1.0128308455923327e-22,1.967431956961448e-22
XAUUSD,13:00,60,recent,follow,368,-0.19470294682915393,0.8486551233731102,-4.401140130392444,-0.22942528886796457,0.3905040743089085,4.482319115748148,222,-0.17620414950329677,0.882684766022115,-2.9743151791953144,-0.19962296426319212,0.009298749090726411,4.588039285479495,,False,1.495651732898293e-24,3.048635485776013e-24
XAUUSD,13:00,60,recent,fade,368,-0.23999181442131653,0.8499944091542736,-5.416319432425195,-0.2823451681995218,-0.44744366074269915,4.417007646159456,222,-0.14974658136578825,0.861581532864227,-2.589625852165653,-0.1738043071419756,-0.07053835031967466,4.772101080105237,,False,1.5460869678900106e-34,3.944284657893721e-34
XAUUSD,13:00,120,none,follow,893,-0.17272931824377924,0.8244759456582873,-6.2605688905871135,-0.2095019498790432,-0.4971829312665634,10.553499503835823,500,-0.09913737221132488,0.8372966227097655,-2.6475432643905688,-0.11840173425098019,-0.08423070387655221,14.877074946986866,,False,7.130947689358368e-60,4.689944944180738e-59
XAUUSD,13:00,120,none,fade,893,-0.12265274900467604,0.8239019579717256,-4.448642237776557,-0.148868136333383,0.407729066873617,10.771522020657914,500,-0.11801216372375535,0.8412100542250582,-3.1369480064197153,-0.1402885796847386,-0.002390042292721451,14.564482906973574,,False,4.648558296919284e-43,2.092253157575928e-42
XAUUSD,13:00,120,day,follow,395,-0.15925439161537927,0.8947277524117423,-3.537521245103122,-0.17799201062681738,-1.486215331700619,12.434814340705431,233,-0.1913842733177841,0.9444041105519336,-3.093330611096885,-0.2026508262505701,-1.4619120323654857,11.836293244376657,,False,1.6496586152128986e-29,4.279624418936628e-29
XAUUSD,13:00,120,day,fade,395,-0.13910517025420743,0.8978616188720323,-3.079161109514346,-0.15492940931027077,1.4234954760142717,12.207306900389323,233,-0.03369941443526664,0.9405224323987265,-0.5469292581759058,-0.035830527028812065,1.3769900039611445,11.554697647552747,,False,4.6767868585660526e-18,8.412248837851536e-18
XAUUSD,13:00,120,recent,follow,360,-0.19667141873651642,0.89514731792916,-4.168674505797881,-0.21970843770330165,0.6780476257609784,11.37028920749921,216,-0.11014162084677499,0.877525081363425,-1.8446704914588485,-0.1255139291012015,0.7895199508486694,14.138276806592065,,False,5.664991856433185e-21,1.0437773993924428e-20
XAUUSD,13:00,120,recent,fade,360,-0.10629729729443387,0.8957655090124536,-2.2515372506877243,-0.11866643248144537,-0.7325734473681477,11.431608597903452,216,-0.10908046453299558,0.8808672455004559,-1.8199664958126223,-0.12383303510283505,-0.8704752020282462,14.110574557613006,,False,5.075131451433414e-19,9.92782957642631e-19
XAUUSD,13:00,240,none,follow,0,,,,,,,0,,,,,,,,False,,
XAUUSD,13:00,240,none,fade,0,,,,,,,0,,,,,,,,False,,
XAUUSD,13:00,240,day,follow,0,,,,,,,0,,,,,,,,False,,
XAUUSD,13:00,240,day,fade,0,,,,,,,0,,,,,,,,False,,
XAUUSD,13:00,240,recent,follow,0,,,,,,,0,,,,,,,,False,,
XAUUSD,13:00,240,recent,fade,0,,,,,,,0,,,,,,,,False,,
XAUUSD,13:30,60,none,follow,893,-0.206463567157137,0.8670090853046494,-7.11615677787567,-0.23813310685734038,-0.025666104337806122,8.062936629044518,500,-0.181493602696366,0.8925956989438049,-4.546650108113097,-0.20333237423295303,-1.2486430144855694,19.42830750607967,,False,1.2223437725666359e-60,7.495619553714895e-60
XAUUSD,13:30,60,none,fade,893,-0.20282418589890325,0.8679053290968182,-6.983499652822376,-0.23369390542856944,-0.16950887268101558,8.574400979696922,500,-0.11634389577370303,0.8906703013530721,-2.9208659963393444,-0.1306250984196485,1.1109124721213202,19.248382765050646,,False,2.252354966266251e-61,1.4331730964074362e-60
XAUUSD,13:30,60,day,follow,397,-0.22476476397579423,0.9472109487737675,-4.727992430179946,-0.23729113801605473,-0.6871104132079482,7.7596525285173,242,-0.19673629090733216,1.0642235934944435,-2.8758039735654335,-0.18486368100648518,-2.359084805951811,18.016783953255693,,False,1.7300404582400947e-32,4.4589531774039844e-32
XAUUSD,13:30,60,day,fade,397,-0.1869408976274965,0.9556977977764708,-3.8974359952314885,-0.19560670544855677,0.5530609580280356,7.370249856098889,242,-0.1077448269969264,1.054435989445703,-1.5895854926591226,-0.10218242555772951,2.2673260468737353,17.509273035394198,,False,6.988180037590999e-23,1.4100128382096666e-22
XAUUSD,13:30,60,recent,follow,387,-0.2691963068448558,0.9731858244688218,-5.441627453013213,-0.27661346895572264,0.014963323624004467,7.246311224299106,224,-0.1875930848329057,0.8844144929678528,-3.174570553303973,-0.212109917153658,-1.090914243903389,12.822068911271945,,False,3.759032678988932e-30,8.52424093369179e-30
XAUUSD,13:30,60,recent,fade,387,-0.14724241326627927,0.9723062364757991,-2.9791017591221465,-0.15143625304715833,-0.20005784649180045,7.636053645294532,224,-0.10937493631142535,0.8874319600950294,-1.84461933660244,-0.12324881368901013,1.0030122981890022,12.254192470024206,,False,7.592653139470185e-22,1.5723088836903118e-21
XAUUSD,13:30,120,none,follow,893,-0.14886359579265976,0.8663854156436729,-5.13455844476986,-0.1718214470196996,0.1251380901684677,11.209026422994116,500,-0.0874405614531782,0.814380797673078,-2.4008797844782226,-0.107370608077967,-0.15227574575795497,13.261206319623316,,False,8.989967895141076e-48,4.456255125953519e-47
XAUUSD,13:30,120,none,fade,893,-0.13730846085495169,0.8636612008709464,-4.750940797934675,-0.15898417193742753,-0.23968584110399807,11.514226389121355,500,-0.1304143388249555,0.8153210075808625,-3.576693402253205,-0.1599545916422633,0.09712147323286292,13.425061354985,,False,2.2058460937435067e-48,1.1647594107713365e-47
XAUUSD,13:30,120,day,follow,397,-0.20568899213909386,0.8226669922538509,-4.981753459135221,-0.2500270389791259,-1.0014347614253023,9.820014105065047,242,-0.14389169309533284,0.9099400782860444,-2.459974536990393,-0.15813315242292222,-0.5965804441968084,12.946048428633155,,False,1.8378882214689564e-35,5.076233238249461e-35
XAUUSD,13:30,120,day,fade,397,-0.08243492457823508,0.8273091308094745,-1.9853573168309868,-0.09964222744354004,0.9583869871409902,9.706447873721755,242,-0.07926511289686584,0.9016526349631858,-1.3675729728776873,-0.08791092026265993,0.5803356166030778,12.590092566358829,,False,1.2387965387683682e-16,2.266305320417367e-16
XAUUSD,13:30,120,recent,follow,381,-0.17793924142515505,0.9594519240507774,-3.6200202881932397,-0.1854592574830648,0.34273445572897676,10.98362580567953,228,-0.13858401150329516,0.9315439551218221,-2.246348841561015,-0.1487680862951571,-0.6526720797845862,11.381725195345545,,False,1.3234136863855086e-21,2.5926180422599597e-21
XAUUSD,13:30,120,recent,fade,381,-0.11438384139880069,0.9709855369524961,-2.299399350427691,-0.11780179729329658,-0.4453415130347657,11.043543106556388,228,-0.0789566545330746,0.9341417513727805,-1.2762724038649638,-0.0845232047674165,0.5685441842708797,10.903719321709048,,False,2.3503497713227215e-19,4.663517714312873e-19
XAUUSD,13:30,240,none,follow,0,,,,,,,0,,,,,,,,False,,
XAUUSD,13:30,240,none,fade,0,,,,,,,0,,,,,,,,False,,
XAUUSD,13:30,240,day,follow,0,,,,,,,0,,,,,,,,False,,
XAUUSD,13:30,240,day,fade,0,,,,,,,0,,,,,,,,False,,
XAUUSD,13:30,240,recent,follow,0,,,,,,,0,,,,,,,,False,,
XAUUSD,13:30,240,recent,fade,0,,,,,,,0,,,,,,,,False,,
XAUUSD,14:00,60,none,follow,893,-0.20471293418554784,0.893996645477731,-6.842820115564759,-0.22898624421141314,-0.5510766216702804,14.181785168199104,500,-0.09783505655943088,0.9371658254074842,-2.3343343421032636,-0.10439460542310293,-0.1492093022215126,18.097198957294882,,False,2.349311318572074e-61,1.5171555204287936e-60
XAUUSD,14:00,60,none,fade,893,-0.21000851585792438,0.8882520484280668,-7.065231840816929,-0.23642896881529846,0.34267716199871007,14.11999521611189,500,-0.19729759334682107,0.9402968960772463,-4.691824809388284,-0.20982478424624393,0.055250248336165875,17.898878471397882,,False,1.8761416976133864e-52,8.977183316220982e-52
XAUUSD,14:00,60,day,follow,393,-0.2262596426126014,0.8873687217744527,-5.054745048077933,-0.25497815852710554,-1.5447535530102339,14.77397601538294,244,-0.2883107933996287,0.9898302591382012,-4.549829144787631,-0.2912729639631823,-1.7054283535656058,16.293271936250946,,False,5.115932239859289e-38,1.5124291701598774e-37
XAUUSD,14:00,60,day,fade,393,-0.19392996202630236,0.8991187105594886,-4.275866646781905,-0.2156889404577365,1.3618555446108467,13.925128978631099,244,-0.010232604944222094,0.9892507371599,-0.16157521333516783,-0.010343793094963468,1.6472722619631845,15.685650977961854,,False,5.209311467046126e-20,9.349140364041143e-20
XAUUSD,14:00,60,recent,follow,339,-0.23877810770397523,1.052542708267541,-4.17690529407266,-0.2268583553222254,0.7622518649243348,13.765033046712992,223,-0.1810154955039386,1.1208282314784597,-2.411732431408572,-0.1615015489618468,2.561676555363917,16.513248898088964,,False,1.8784448271325104e-19,3.2749548627942497e-19
XAUUSD,14:00,60,recent,fade,339,-0.18771264691602121,1.0383012709904247,-3.328664291781422,-0.1807882280033849,-1.0065405102793754,13.374871701233253,223,-0.12046169999542454,1.1353550435736977,-1.5844178472417874,-0.10610046670181122,-2.574941501630054,16.562319361792536,,False,1.9961779971480938e-23,4.1862731526018084e-23
XAUUSD,14:00,120,none,follow,893,-0.1528241069117246,0.8873922177490003,-5.146381535646355,-0.1722170916704512,-0.6952073963667577,16.1975472907574,500,-0.07693043219835002,0.8006259013722965,-2.148589942432527,-0.0960878633410298,-0.08247530836823147,8.734379557545905,,False,1.243462824831653e-52,7.291847327464755e-52
XAUUSD,14:00,120,none,fade,893,-0.13552211164711475,0.8815145036006564,-4.594163290861071,-0.1537378127002536,0.4950185166206465,15.161079599959209,500,-0.13560853893402447,0.8025554342099289,-3.778304880390207,-0.16897093104543429,0.018460770920067725,8.868236874493848,,False,2.8852949063761306e-42,1.243288654773168e-41
XAUUSD,14:00,120,day,follow,393,-0.19203813046435889,0.795105801763631,-4.788051600260819,-0.24152525366862806,-1.4399865796023208,12.026230916222268,244,-0.15446927000673635,0.8105247081125004,-2.976944574131838,-0.19057934750250216,0.27479491880646,7.793962627428673,,False,4.090122441003278e-37,1.2061821870301338e-36
XAUUSD,14:00,120,day,fade,393,-0.09971703034011956,0.7942071352028583,-2.489039719736541,-0.12555544507246158,1.4188483452733673,12.097301870552775,244,-0.05962712293506165,0.812604775629819,-1.1461973435188417,-0.07337776582576314,-0.2995496696452998,7.659329266098239,,False,7.189906999172288e-17,1.283109317042935e-16
XAUUSD,14:00,120,recent,follow,350,-0.1281010952451158,0.9368118900198963,-2.558199860526642,-0.13674153435690822,0.6271904915959482,8.831919248298592,225,-0.12521936451552787,0.853027149716948,-2.201911707448202,-0.14679411382988014,0.4160676276462094,6.101681975768645,,False,4.017226134051658e-17,7.138525721218732e-17
XAUUSD,14:00,120,recent,fade,350,-0.17078835200290146,0.9341585928045868,-3.420358725856526,-0.1828258641716825,-0.7678466257311609,8.714774069878985,225,-0.0829110113609546,0.8595237843444276,-1.4469235093510324,-0.09646156729006883,-0.4238600129462738,6.031358478963618,,False,3.501326651465604e-24,7.511918206365888e-24
XAUUSD,14:00,240,none,follow,0,,,,,,,0,,,,,,,,False,,
XAUUSD,14:00,240,none,fade,0,,,,,,,0,,,,,,,,False,,
XAUUSD,14:00,240,day,follow,0,,,,,,,0,,,,,,,,False,,
XAUUSD,14:00,240,day,fade,0,,,,,,,0,,,,,,,,False,,
XAUUSD,14:00,240,recent,follow,0,,,,,,,0,,,,,,,,False,,
XAUUSD,14:00,240,recent,fade,0,,,,,,,0,,,,,,,,False,,
XAUUSD,14:30,60,none,follow,893,-0.20628055077364596,0.9163108839837909,-6.727305752559452,-0.22512070344162252,0.9670422372543525,20.14654121266406,500,-0.10125480937182767,0.8238351116116587,-2.748276124833538,-0.12290664472134977,1.321479700265866,15.725314994710342,,False,5.492125899113547e-44,2.075975361090861e-43
XAUUSD,14:30,60,none,fade,893,-0.20156426410427397,0.9117585623486208,-6.606317107551232,-0.22107197280940222,-1.2096684723462436,20.7482278067834,500,-0.22849253714328802,0.8269733038395893,-6.178250773411827,-0.2762997742277899,-1.2997474089254797,16.25983222068958,,False,5.234879621414587e-64,3.7768368280582867e-63
XAUUSD,14:30,60,day,follow,388,-0.2662305855700048,0.7683714433226856,-6.824999035438443,-0.34648682988365365,-0.07793703261694507,7.638591007119738,239,-0.21421746781347822,0.8359292955249162,-3.9617246374295796,-0.2562626635533353,-0.4982661233673327,15.417115622217969,,False,1.3919544574766318e-35,3.3418950819715886e-35
XAUUSD,14:30,60,day,fade,388,-0.14946153391244502,0.7633332874494194,-3.8568353261799486,-0.1958011478994341,-0.018943948601602402,7.878488952596038,239,-0.12116689680975173,0.8266021723588858,-2.2661382096319995,-0.14658429515612828,0.6146336827728325,15.305665923856893,,False,1.746840235691605e-24,3.715809198220013e-24
XAUUSD,14:30,60,recent,follow,396,-0.213440787088643,1.0712849080592,-3.9647884539714413,-0.19923811628722032,2.4609360888359255,18.989376909737175,187,-0.2025229632779583,1.0273387204848874,-2.6957612080069566,-0.19713358334471293,0.3380444147161622,11.80639760661688,,False,9.37950581163456e-17,1.5401079942439817e-16
XAUUSD,14:30,60,recent,fade,396,-0.21289324620791672,1.0752455396559832,-3.9400508555375335,-0.1979950051929816,-2.603217859044357,19.859785863038034,187,-0.11587148303196475,1.0381326606188488,-1.5263162015980352,-0.11161529487271094,-0.2959028460921913,11.177229257157764,,False,9.794963250874216e-39,3.3278395991102366e-38
XAUUSD,14:30,120,none,follow,0,,,,,,,0,,,,,,,,False,,
XAUUSD,14:30,120,none,fade,0,,,,,,,0,,,,,,,,False,,
XAUUSD,14:30,120,day,follow,0,,,,,,,0,,,,,,,,False,,
XAUUSD,14:30,120,day,fade,0,,,,,,,0,,,,,,,,False,,
XAUUSD,14:30,120,recent,follow,0,,,,,,,0,,,,,,,,False,,
XAUUSD,14:30,120,recent,fade,0,,,,,,,0,,,,,,,,False,,
XAUUSD,14:30,240,none,follow,0,,,,,,,0,,,,,,,,False,,
XAUUSD,14:30,240,none,fade,0,,,,,,,0,,,,,,,,False,,
XAUUSD,14:30,240,day,follow,0,,,,,,,0,,,,,,,,False,,
XAUUSD,14:30,240,day,fade,0,,,,,,,0,,,,,,,,False,,
XAUUSD,14:30,240,recent,follow,0,,,,,,,0,,,,,,,,False,,
XAUUSD,14:30,240,recent,fade,0,,,,,,,0,,,,,,,,False,,
XAUUSD,15:00,60,none,follow,894,-0.22017654164812728,0.8925730362716225,-7.375577693737321,-0.24667621886476576,0.5048971788826943,21.045064618050542,500,-0.18429888605713524,0.8727251541037433,-4.7220460584118165,-0.21117631958987526,-2.332443631681527,23.29222817080777,,False,2.68614166717238e-48,1.1020545406091006e-47
XAUUSD,15:00,60,none,fade,894,-0.19193654978684324,0.8864789772550666,-6.473780980000166,-0.21651562497416937,-0.7532863857604514,21.096545297034314,500,-0.14354216512999177,0.8626625136140519,-3.7206906965678224,-0.16639434641553388,2.240091813485888,22.899745269059622,,False,1.821019396069471e-57,1.0825405833639927e-56
XAUUSD,15:00,60,day,follow,396,-0.2542059810267582,0.8103010354486795,-6.242908412894597,-0.313717951607947,-1.1161837519848878,13.436016319238643,240,-0.09418972553420406,0.9235511559525836,-1.579967654316049,-0.10198647354520758,2.19219165379039,27.198245114658665,,False,4.290783588791063e-40,1.217296765583672e-39
XAUUSD,15:00,60,day,fade,396,-0.16669514986531367,0.8027133001688235,-4.132473696591534,-0.20766461678192577,1.0865041661575283,14.457752233314839,240,-0.23337742391487992,0.9286677088608434,-3.893176720064287,-0.2513034766775233,-2.2327154418124087,27.29564404221249,,False,1.4342946260764198e-20,2.6438613135006162e-20
XAUUSD,15:00,60,recent,follow,347,-0.20596106914492235,0.9869000478211575,-3.8875564198155415,-0.20869496318257943,1.9538917453114282,12.244174114763728,181,-0.3345790889319919,1.1550302296057162,-3.8971285435880185,-0.2896712833621719,-2.7565861130509637,17.547121409679562,,False,1.3505102990770422e-16,2.1873891621454645e-16
XAUUSD,15:00,60,recent,fade,347,-0.22015370722706332,0.9993648962863477,-4.10361539200828,-0.2202936165210097,-2.2140765054204437,12.892475830571568,181,0.029329429720526767,1.139762573757865,0.34620115632860277,0.025732929292305057,2.5835644112721656,16.900908074060375,,False,1.310214270271848e-37,4.0899588542211575e-37
XAUUSD,15:00,120,none,follow,0,,,,,,,0,,,,,,,,False,,
XAUUSD,15:00,120,none,fade,0,,,,,,,0,,,,,,,,False,,
XAUUSD,15:00,120,day,follow,0,,,,,,,0,,,,,,,,False,,
XAUUSD,15:00,120,day,fade,0,,,,,,,0,,,,,,,,False,,
XAUUSD,15:00,120,recent,follow,0,,,,,,,0,,,,,,,,False,,
XAUUSD,15:00,120,recent,fade,0,,,,,,,0,,,,,,,,False,,
XAUUSD,15:00,240,none,follow,0,,,,,,,0,,,,,,,,False,,
XAUUSD,15:00,240,none,fade,0,,,,,,,0,,,,,,,,False,,
XAUUSD,15:00,240,day,follow,0,,,,,,,0,,,,,,,,False,,
XAUUSD,15:00,240,day,fade,0,,,,,,,0,,,,,,,,False,,
XAUUSD,15:00,240,recent,follow,0,,,,,,,0,,,,,,,,False,,
XAUUSD,15:00,240,recent,fade,0,,,,,,,0,,,,,,,,False,,
XAUUSD,15:30,60,none,follow,0,,,,,,,0,,,,,,,,False,,
XAUUSD,15:30,60,none,fade,0,,,,,,,0,,,,,,,,False,,
XAUUSD,15:30,60,day,follow,0,,,,,,,0,,,,,,,,False,,
XAUUSD,15:30,60,day,fade,0,,,,,,,0,,,,,,,,False,,
XAUUSD,15:30,60,recent,follow,0,,,,,,,0,,,,,,,,False,,
XAUUSD,15:30,60,recent,fade,0,,,,,,,0,,,,,,,,False,,
XAUUSD,15:30,120,none,follow,0,,,,,,,0,,,,,,,,False,,
XAUUSD,15:30,120,none,fade,0,,,,,,,0,,,,,,,,False,,
XAUUSD,15:30,120,day,follow,0,,,,,,,0,,,,,,,,False,,
XAUUSD,15:30,120,day,fade,0,,,,,,,0,,,,,,,,False,,
XAUUSD,15:30,120,recent,follow,0,,,,,,,0,,,,,,,,False,,
XAUUSD,15:30,120,recent,fade,0,,,,,,,0,,,,,,,,False,,
XAUUSD,15:30,240,none,follow,0,,,,,,,0,,,,,,,,False,,
XAUUSD,15:30,240,none,fade,0,,,,,,,0,,,,,,,,False,,
XAUUSD,15:30,240,day,follow,0,,,,,,,0,,,,,,,,False,,
XAUUSD,15:30,240,day,fade,0,,,,,,,0,,,,,,,,False,,
XAUUSD,15:30,240,recent,follow,0,,,,,,,0,,,,,,,,False,,
XAUUSD,15:30,240,recent,fade,0,,,,,,,0,,,,,,,,False,,
