symbol,slot,H,x,rule,d_n,d_mean,d_std,d_t,d_sr,d_skew,d_kurt,c_n,c_mean,c_std,c_t,c_sr,c_skew,c_kurt,sister_d_mean,candidate,dsr,dsr_eff
US100,02:00,60,none,follow,902,0.028787945673025624,1.1353672950740517,0.7615134235524165,0.025355623504328614,5.085675212938654,84.84675642246478,511,-0.027577651706270325,1.0789195814673762,-0.5778014896397846,-0.02556043302946041,0.06798858850098784,5.425192919718971,0.042679576974235654,False,1.4573310901361732e-09,2.3357831651907904e-09
US100,02:00,60,none,fade,902,-0.1642384682924869,1.1312601746678832,-4.360292828087997,-0.14518187059904608,-5.163476831400816,86.47413048541459,511,-0.06347492485932983,1.0739969612278473,-1.336009643450773,-0.0591015870163749,-0.07572914675863224,5.389960473798977,-0.2057857847014557,False,1.0011291151204157e-37,3.0725089066339473e-37
US100,02:00,60,day,follow,488,-0.1603394773934169,1.313335612939855,-2.6969609225064537,-0.12208568458332039,-6.1432653090077265,87.1096822023498,298,-0.09172865710452083,1.0702445079246077,-1.4795517489691468,-0.08570813157677289,-0.14303650111150695,5.991834081784579,-0.17037893021039632,False,1.0269548553764696e-22,2.0652496018732867e-22
US100,02:00,60,day,fade,488,0.026835405527752952,1.3144630904742118,0.45099287191049375,0.020415488059137274,6.1086229488465245,86.31886683800613,298,-0.0003282318824643874,1.067774390674536,-0.00530651498480405,-0.00030739815950917894,0.11165996565311757,6.075302328488486,0.01114892553370814,False,3.7120413242546424e-06,4.846847194349731e-06
US100,02:00,60,recent,follow,439,0.04348008729654753,1.3530072053859254,0.6733216175286936,0.03213588746864469,6.0208785937726645,85.26946909635393,278,-0.08711474456480713,1.1113098919154765,-1.3070099248078462,-0.07838924605867979,0.13017295937479073,4.9884202248893965,0.10591922251695896,False,1.8836396640345684e-05,2.3995222114516443e-05
US100,02:00,60,recent,fade,439,-0.18045713342355368,1.3529810691805846,-2.794567437921241,-0.13337742673136233,-6.046828353193883,85.80220216386098,278,-0.0023774524342330327,1.1102480853804324,-0.03570378032929459,-0.0021413704428216926,-0.1644162748205166,5.018140862451977,-0.25291685761935956,False,6.43616061837976e-22,1.2331524211591074e-21
US100,02:00,120,none,follow,902,-0.025389796002819875,1.1744903865270016,-0.6492515781360844,-0.02161771291964182,0.5986175664620619,20.08221633002026,510,0.010953115292902294,1.002895634939036,0.2466419844862822,0.010921490643010038,-0.18379449796823866,4.545702377167843,-0.005517074396745129,False,1.952015467415929e-12,3.2570140088825033e-12
US100,02:00,120,none,fade,902,-0.05156552700920519,1.1722162459578418,-1.3211587133851592,-0.04398977337758184,-0.6085224223945392,19.982697566318798,510,-0.0680556386148877,1.0013117904575861,-1.534899242178941,-0.06796648083389409,0.18521529239303322,4.524653004916094,-0.09079364235254327,False,5.256660139062813e-15,9.369024753136277e-15
US100,02:00,120,day,follow,488,-0.11538119054713075,1.2134318139224836,-2.100533197767874,-0.0950866700734958,-1.895275894146657,21.32922998624805,298,-0.0592685177657202,0.9705293933092339,-1.0542011977939818,-0.061068235721981716,-0.0676372059851245,5.55091775893703,-0.13671843464311492,False,1.8232384327550996e-13,2.79327943637316e-13
US100,02:00,120,day,fade,488,0.03983554818111505,1.214201883189102,0.7247526413355876,0.03280801053980164,1.901087149169395,21.346445020771146,298,0.0016167246797345867,0.9684714524244189,0.028817571306409724,0.0016693570839774016,0.05895807240748931,5.53353141744835,0.0426711877049409,False,2.482188197720162e-05,3.1423545405442374e-05
US100,02:00,120,recent,follow,431,-0.05386422743207268,1.1304992002696828,-0.9891651586699854,-0.04764640914316725,0.15666567370440673,6.872627829123679,274,-0.0710387166562408,1.0765313329780706,-1.0923044773873285,-0.06598852674331579,0.23463278650118072,4.664858744060449,0.0030451746397734563,False,4.596276577544326e-08,6.059820773399445e-08
US100,02:00,120,recent,fade,431,-0.022697799387258202,1.131459366392803,-0.41646971562360346,-0.020060640321199412,-0.14723511080890495,6.866016958027305,274,0.014598202150670966,1.0739866914550429,0.22499649617326298,0.013592535426014678,-0.2377495024921607,4.6527980468389964,-0.08355204239872914,False,7.760221731555471e-07,9.983188999870664e-07
US100,02:00,240,none,follow,899,0.006965649539111176,1.089384215447299,0.1917168954594129,0.006394116456195479,0.32099049279539643,9.85624417501242,509,0.046069038733704756,1.0752118099566566,0.9666605956982178,0.04284647760292167,-0.7670818002573813,5.964965848955235,0.00245877132011986,False,3.922782516664311e-10,6.205606724818619e-10
US100,02:00,240,none,fade,899,-0.0635263879225884,1.0886794782922498,-1.7495806692951568,-0.05835178230992162,-0.3201258643049063,9.845384128729592,509,-0.08794705776401941,1.07462388062626,-1.8463911875366723,-0.08183985052776455,0.7669705608699012,5.947281289133797,-0.07272461562790537,False,2.1885539722506498e-16,4.002506112760685e-16
US100,02:00,240,day,follow,487,-0.07956814295330791,1.152879163548067,-1.5230701711302534,-0.06901689740703729,-0.7895698402373917,11.469281109385072,298,-0.023328299715903514,1.0581244219988135,-0.3805874649108224,-0.022046839890375078,-0.5855102625154553,7.410352518302513,-0.08175731271866558,False,1.3505122768880372e-10,1.9238736649419814e-10
US100,02:00,240,day,fade,487,0.02430443680712419,1.1532153777061762,0.46509280130323977,0.02107536655942567,0.7928296944530666,11.489680790434809,298,-0.018841409032648814,1.0562877868694924,-0.3079209596179217,-0.017837382261598304,0.5810847105049451,7.411654014595091,0.013328042735328876,False,1.180056656114272e-05,1.499319381313567e-05
US100,02:00,240,recent,follow,402,0.013125865775361588,1.0131361320660344,0.25976054169269874,0.01295567827454215,0.12834745081267482,5.252041860300134,264,-0.06773840642070827,1.0620263754887653,-1.0363385089704764,-0.06378222611423726,-0.22125227490321048,4.146994776529909,-0.04611462126870665,False,3.5057838454115985e-05,4.300575388882869e-05
US100,02:00,240,recent,fade,402,-0.06914075722297028,1.01324282853392,-1.3681496999082103,-0.0682371049425648,-0.10990337725337043,5.264203422308763,264,0.025224686514518365,1.0587731385491597,0.387101475335238,0.02382444887965692,0.21779689205197084,4.1308476122930795,-0.010432953482441136,False,1.0356569737707473e-08,1.3720998879411907e-08
US100,02:30,60,none,follow,904,-0.037255743515893606,1.0680654637687477,-1.0487683631203684,-0.03488151689170247,0.8780588766738049,10.639348513761972,510,-0.0026515775997238773,0.9397258220696583,-0.06372183428604868,-0.002821650248882196,-0.2872130991341811,5.077567810122334,-0.040550014739414504,False,1.6906224832953195e-13,2.8776278586263977e-13
US100,02:30,60,none,fade,904,-0.06731627553173299,1.0661747956903251,-1.8983482356690218,-0.06313812313312767,-0.8696854299437479,10.615617080521183,510,-0.07617031768425125,0.9367081157071486,-1.8363969887539744,-0.08131702545007634,0.27982181328056294,5.1330343634512525,-0.09351322052308654,False,1.5591031045634203e-17,2.954781033632695e-17
US100,02:30,60,day,follow,501,-0.04809283663811948,1.1299584959273925,-0.9526574425329564,-0.04256159567936004,-1.1229414327584748,13.107662566052582,300,-0.06219765686774882,0.9384296077583175,-1.1479763736783213,-0.06627844683665092,0.18109902361822036,5.979459829378807,-0.10801084593412649,False,3.2801125563885795e-09,4.56718842634249e-09
US100,02:30,60,day,fade,501,-0.05356153059882902,1.1314729222170654,-1.0595651777737576,-0.04733788104613042,1.1232395616085131,13.12205942317873,300,-0.01738750855164053,0.9355437603683112,-0.321909562163329,-0.018585457236971255,-0.19433444265302938,5.885940841106426,-0.02274048729032319,False,9.628537395949425e-09,1.306573002044553e-08
US100,02:30,60,recent,follow,492,0.062252948760334915,1.164866852577583,1.1854034636325885,0.05344211539935524,1.0265573348393706,11.55520602732561,291,-0.05981894432782097,1.0133504843847945,-1.006990931449964,-0.05903085383546945,0.18300133393212537,5.494850233949321,-0.001118584906037651,False,0.00016855832439089278,0.0002081073542159183
US100,02:30,60,recent,fade,492,-0.1658565477098802,1.1678549656104715,-3.1501139291588904,-0.1420181037832743,-1.0034069195455326,11.451380200841253,291,-0.016967773984691598,1.0129081356514713,-0.2857599134900278,-0.016751542797885068,-0.20280142385273592,5.431362608308756,-0.11991346169927042,False,1.1300032137648236e-16,1.8083600654509115e-16
US100,02:30,120,none,follow,903,-0.09114744782516553,1.1075278801602835,-2.473054687576836,-0.08229810685395522,-0.5245984523797577,11.38201569955776,510,0.027384871627727292,1.0498866254728842,0.5890516735561846,0.0260836465226831,-0.20919749332283208,4.696282493544603,-0.0853434414087796,False,2.046070116071549e-19,3.9928446996586556e-19
US100,02:30,120,none,fade,903,0.017202240310324326,1.106480515191539,0.4671809387152803,0.015546808167106772,0.5216060300540137,11.19963373039173,510,-0.08303152981484824,1.048639520614183,-1.7881415985716878,-0.07918024085742742,0.20613231717204883,4.647846946806547,-0.010653763564866213,False,1.7855927197716592e-09,2.7817935434439783e-09
US100,02:30,120,day,follow,501,-0.07779244691547627,1.099543336445982,-1.5835943521204578,-0.07074977796411577,-0.020167030947069616,8.447572736360332,300,-0.04778357354581809,1.0166115155209776,-0.8141121351172935,-0.047002786036051035,-0.04486502278912197,4.542721755330446,-0.09813234898024695,False,1.6572630161246883e-10,2.347647631089025e-10
US100,02:30,120,day,fade,501,0.006072299583466178,1.0998266845412275,0.12357988882980368,0.0055211422570631,0.02979870745634682,8.477899978887118,300,-0.008311282432000624,1.0162132875071084,-0.1416588783600117,-0.00817867915542532,0.04992171022357783,4.517242882173844,0.004938273802484801,False,2.0839445259056596e-06,2.7043956455127633e-06
US100,02:30,120,recent,follow,459,0.0032143280549165112,1.232325775465016,0.05588188011741041,0.0026083427928816874,1.149372178800317,12.323292763497355,287,-0.11441056170638812,1.060112455198485,-1.8283322890341767,-0.10792304264076118,0.4961608444159895,4.887300195267389,0.01565568209417672,False,3.837780717555945e-06,4.89525328525192e-06
US100,02:30,120,recent,fade,459,-0.07535011199594607,1.2348325158589812,-1.3073208511862409,-0.06102051171168796,-1.153098554039797,12.51783295733616,287,0.06259831221705249,1.060609840613705,0.9998800884175024,0.05902105545318246,-0.496354042525011,4.939378886171566,-0.09651848219050785,False,9.213585928393899e-10,1.2825504583383985e-09
US100,02:30,240,none,follow,900,-0.037793093318170386,1.0180264419879725,-1.1137164544872467,-0.03712388181624156,-0.32496074780869716,5.661389097369929,508,0.03175165273532185,1.0844633416443714,0.6599078828204782,0.02927867777178787,-0.5401226905040771,5.267373449316551,-0.052153570916075365,False,3.457223709692686e-14,6.037871048852843e-14
US100,02:30,240,none,fade,900,-0.018705167287765643,1.0181465191226047,-0.5511535010860212,-0.01837178336953404,0.3297169459717903,5.632850106970251,508,-0.07385716591497409,1.0840882280861013,-1.5355355174896468,-0.06812837184420395,0.5382510378185354,5.245362842931045,-0.019091557641498866,False,3.3043937139096567e-12,5.493076829694264e-12
US100,02:30,240,day,follow,500,-0.08028089913556714,1.0354355890240559,-1.7337007696551336,-0.07753345547185167,-0.0666815096366552,5.440071626899519,300,-0.06392838850929385,0.9825409180903448,-1.1269476406062304,-0.06506435236666207,-0.2852092459172265,4.268430458937313,-0.04509914343386498,False,5.650618701423229e-11,8.081396146379348e-11
US100,02:30,240,day,fade,500,0.025580006271978973,1.0355317586785318,0.5523600064377415,0.02470229044894023,0.07079647899327962,5.4645404215719395,300,0.021607468911253255,0.9820445761355887,0.38109506316430586,0.02200253373047494,0.28787826017145685,4.275678454967025,-0.0236248588470947,False,1.51147325365509e-05,1.917495034952162e-05
US100,02:30,240,recent,follow,435,-0.06406513520987146,1.0924807589117036,-1.2230735625740268,-0.058641888827123345,-0.07093449705628575,5.890008308476606,256,-0.030514209138144066,1.117334512891473,-0.4369571874647058,-0.027309824216544112,0.38248572921574814,4.398623432241842,-0.14627343909289353,False,9.295403267758213e-09,1.2461848114444968e-08
US100,02:30,240,recent,fade,435,0.008029873527414156,1.0948638024189434,0.15296541027333513,0.007334130062271955,0.07052014081396457,5.9509344177315535,256,-0.010853880989878713,1.1179615476739673,-0.15533816543098558,-0.009708635339436599,-0.3907362835036675,4.42088959142179,0.08822466388901395,False,1.0628835298384943e-05,1.332119284256874e-05
US100,03:00,60,none,follow,905,-0.10045938010896702,1.1099143119003796,-2.7228601260639134,-0.09051093317011283,-0.7526937244605815,13.247871209980863,510,0.0008811448398370157,1.0787411959300581,0.01844654883880141,0.0008168269119242444,-0.21071982264855002,4.9958582809432395,-0.09249931207507779,False,8.638821632658608e-21,1.7410983611348603e-20
US100,03:00,60,none,fade,905,0.00562446580492423,1.1086685100389921,0.15261733234193156,0.005073171785790521,0.7433894669847292,12.946670254502308,510,-0.07435484734813504,1.079096883077812,-1.5560872213917325,-0.0689047003231622,0.22123654838284018,4.983942708119108,-0.03577793230142421,False,2.587946176076453e-10,4.1212195199446395e-10
US100,03:00,60,day,follow,485,0.0033599178106453625,1.1625469953354886,0.06364862194573095,0.002890135043251095,1.5333754905062236,16.294066530567136,291,-0.10685023878855164,1.0199122540267647,-1.7871424954476036,-0.10476414845168402,0.3627518967647205,5.478197439471915,-0.02203777897053119,False,2.149813809294867e-06,2.7788295264010605e-06
US100,03:00,60,day,fade,485,-0.0959187908402123,1.1633535567709965,-1.8157783881366216,-0.08245024935192054,-1.5643434055367182,16.80679971620548,291,0.03312110537925226,1.0204571485729856,0.5536770783617497,0.032457125147850686,-0.34779137906963814,5.4620502163412725,-0.10387015772708032,False,4.50857462849796e-12,6.677717766850753e-12
US100,03:00,60,recent,follow,468,0.1013314037401846,1.2931177944840018,1.695231046506951,0.0783620828453755,1.0868981397526623,12.414582501966056,274,-0.19492408514638723,1.0780912719844336,-2.9928521026799184,-0.1808048077298614,0.09846164030029383,4.874078942765571,0.1278284406645406,False,0.0014580944446492355,0.001739878095046716
US100,03:00,60,recent,fade,468,-0.1977890980809495,1.2932567680402478,-3.3085714414128433,-0.15293876898140776,-1.1031680325508733,12.733270500725547,274,0.12092564440351225,1.0795687571303159,1.8541436762416208,0.11201291590259979,-0.08025555917879991,4.870651625020639,-0.2507797530449359,False,5.259189140025136e-17,8.382929369012592e-17
US100,03:00,120,none,follow,902,-0.09243916057676224,1.078992919476859,-2.5730052186668346,-0.08567170266657599,-0.7123348102719387,7.597455761614841,509,0.015038501715240002,1.1097906736796588,0.30571897161857325,0.013550755175638526,-0.15652528898320345,5.373548342280711,-0.09175340535158483,False,3.060475572851065e-20,6.112368863961885e-20
US100,03:00,120,none,fade,902,0.02005303190356461,1.078450182087513,0.5584486243004327,0.01859430526939015,0.7168083866688294,7.541426458152364,509,-0.07066726699053384,1.1093428186538856,-1.4371808126877783,-0.0637019195529511,0.15179361932229427,5.3299655705168805,-0.0054456411692954095,False,2.8846669637430024e-09,4.472578219074099e-09
US100,03:00,120,day,follow,484,0.017428292288680692,1.1530821099373483,0.3325196246187604,0.015114528391761835,1.0841569630286536,8.490240102528517,291,-0.08320671912294376,1.029769438041144,-1.378367085586885,-0.08080130954480635,-0.25228536262290296,4.755868701567573,0.0017156253446742663,False,6.879995048443705e-06,8.789749410237856e-06
US100,03:00,120,day,fade,484,-0.08772592985487304,1.1521618343661078,-1.6750862589273592,-0.07614028449669814,-1.0890733841067985,8.607356863006073,291,0.027538393055130245,1.0296550647186073,0.4562399686643151,0.026745260620512915,0.2574639187258501,4.719623969235134,-0.09723941860502658,False,2.7171900469243354e-11,3.9402164859581635e-11
US100,03:00,120,recent,follow,451,0.02986746300150147,1.193687605205126,0.5313686413234935,0.02502117209834727,-0.047019335801500244,7.8414573706811295,285,-0.06288544846371961,1.1181475282060511,-0.9494530289860986,-0.05624074362048864,0.049710525282754374,5.447779164934851,0.07382669175726116,False,3.935392313031716e-05,4.877531670308895e-05
US100,03:00,120,recent,fade,451,-0.10170743811649796,1.1946842510567424,-1.8079559605284357,-0.0851333212323959,0.03990084951164049,7.896278765250873,285,0.009428254448095535,1.1218001948507184,0.14188556488487944,0.008404575512977321,-0.06463418127057576,5.541825019457847,-0.1588071033700268,False,2.1868047326395522e-10,3.0325954192479253e-10
US100,03:00,240,none,follow,900,-0.03549216303255917,0.9750036918218504,-1.0920624197711506,-0.036402080659038355,-0.6127380840394746,5.763001572421038,508,0.04348978729808504,1.0234456915396284,0.9577548010077546,0.04249349785493829,-0.2556316244817122,4.525182892772191,-0.05077509459971747,False,3.029914417995664e-14,5.313654526109412e-14
US100,03:00,240,none,fade,900,-0.020990911105170155,0.9755726627130178,-0.6454950586703251,-0.021516501955677503,0.6135145183409275,5.711969873977803,508,-0.08569638314583419,1.0240905510012785,-1.8860621074235169,-0.08368047440926657,0.2586864676568402,4.51917835335771,-0.021365899551705432,False,2.034570412362723e-12,3.3926366921918416e-12
US100,03:00,240,day,follow,484,-0.04269076766823053,1.0209176734351078,-0.91995359972654,-0.04181607271484273,0.6701729321260944,6.54694615267383,291,-0.12472017756655067,0.9675422219288784,-2.1989395421735387,-0.12890411884859174,-0.3856760346948431,4.4414204830932,0.0008550330768651536,False,2.1124675669058227e-08,2.8436817703178605e-08
US100,03:00,240,day,fade,484,-0.012023058873209789,1.0205388232471717,-0.2591839616341106,-0.011781089165186847,-0.6752672395083071,6.627592486035992,291,0.08250643486036319,0.966983826407368,1.4555097056126538,0.08532349001833783,0.3932061870362617,4.441743302774602,-0.07133218546159195,False,4.260145406163226e-07,5.601731226309999e-07
US100,03:00,240,recent,follow,434,-0.04070876473913002,1.0747011050019122,-0.7891237124821787,-0.03787915035135057,0.06555738915000035,5.752341484304041,266,-0.0449697488792899,1.0793916970274435,-0.679488651372414,-0.041662122289001215,0.033661867008773314,4.065348116497239,-0.17927547027432658,False,1.1371262128885418e-07,1.4897659290185763e-07
US100,03:00,240,recent,fade,434,-0.014394322195814777,1.0774856226892138,-0.2783073014895906,-0.013359177972035572,-0.07310954781422004,5.811867281239623,266,0.00243401461569851,1.081692851388799,0.03669949096475126,0.002250190164956206,-0.027376532045605948,4.066401696048264,0.12151222657152634,False,1.449993019955406e-06,1.8550686770204633e-06
US100,03:30,60,none,follow,904,-0.1479180802608434,1.0661416127231649,-4.171484001269571,-0.13874149409010259,-1.406251450968434,14.488012218619481,510,-0.0004433694779019764,1.1067341077774784,-0.009047062406364817,-0.0004006106568743438,-0.041141023443997664,5.45365479776214,-0.1479490002635336,False,8.208284592531848e-30,1.9998868032392436e-29
US100,03:30,60,none,fade,904,0.04242720044129232,1.0656087358714232,1.1971010695909703,0.03981498932307139,1.3828796071769502,13.993715907338553,510,-0.07924542540801581,1.1065938185333766,-1.617227245454356,-0.07161202609376915,0.03236548170054716,5.426753311162353,0.002912729677422465,False,6.168605713356187e-08,9.279852965819948e-08
US100,03:30,60,day,follow,503,-0.04557195343193703,1.1403555616048673,-0.8962751439231228,-0.03996293346243853,2.0947954379632203,16.83236845099963,300,0.004654770163676958,1.0416219183622808,0.0774013898797403,0.004468771328271923,-0.08539392807379416,4.941795292347793,-0.07451155314768976,False,3.4587054149354085e-08,4.623124576623877e-08
US100,03:30,60,day,fade,503,-0.055701768269087036,1.1404322923584358,-1.095427068854513,-0.0488426789054655,-2.138703761464718,17.541870166702818,300,-0.0839529049035546,1.039609801086763,-1.3987045580365718,-0.08075424530991712,0.08606963283359792,4.916230278062571,-0.06719593790279778,False,4.483287678173726e-10,6.421460836333979e-10
US100,03:30,60,recent,follow,491,0.02570067617624651,1.2015167613416593,0.47397502923484686,0.0213901936312134,1.7651098491382171,13.713819656312891,255,0.05655580230531002,1.142042691395527,0.7907968288243102,0.0495216183522888,0.22911739276199333,5.49157234828511,-0.018485311736299036,False,9.19814803543043e-06,1.176258493600397e-05
US100,03:30,60,recent,fade,491,-0.12774336813058654,1.2022089759323502,-2.3545024280258864,-0.10625720709789045,-1.803772844879131,14.276381472217334,255,-0.13452870204730522,1.1411573381976574,-1.8825196363215873,-0.11788795247093595,-0.25017809675216734,5.5550956153990425,-0.11919150825509892,False,1.0474478883289283e-14,1.6503839885690283e-14
US100,03:30,120,none,follow,902,-0.07906880774801232,1.0326256862891467,-2.299670082086119,-0.07657063812944138,-0.7251796497704944,6.070908104748663,509,0.01771108240125362,1.1105970897857933,0.35978865401016386,0.015947351712104388,-0.5347926735268558,6.96023639366908,-0.09600187991438183,False,4.065689363031625e-19,7.948323862635479e-19
US100,03:30,120,none,fade,902,-0.0005610486552420169,1.033298923901206,-0.016307140664796865,-0.0005429683920735979,0.7341724550659838,6.058691419016245,509,-0.07723834768109755,1.1105690938815054,-1.5690843199060838,-0.06954843972034636,0.5351969527102409,6.955288975257154,-0.010684733832492119,False,1.014052430370213e-10,1.62895958209136e-10
US100,03:30,120,day,follow,502,-0.06688053741721907,1.073158795399801,-1.3963285678958466,-0.062321193940644164,0.6507169700525061,6.655307014737649,300,0.023691842733869393,1.0070189678058914,0.4074945621868678,0.02352670951718968,0.05558337239141728,4.1017318453317815,-0.009035092878771784,False,1.053327650516993e-09,1.4605717607703717e-09
US100,03:30,120,day,fade,502,-0.009466282610215591,1.0712841074468606,-0.19798243543433416,-0.008836388540082165,-0.6491084584721115,6.654532029751177,300,-0.08280167496404232,1.0057237821604994,-1.426004938268805,-0.08233043349752302,-0.0539484029832241,4.110487727666865,-0.09487173757221776,False,3.8569714424133195e-07,5.100876497268478e-07
US100,03:30,120,recent,follow,502,-0.049803472270702136,1.1453550398903067,-0.9742520986241484,-0.04348299918903044,0.2134824727046389,5.835563597145022,292,-0.0468209807544941,1.175335606651901,-0.680722395649019,-0.039836265054429734,0.2318256806689467,7.54473692272918,-0.03819970377896899,False,7.084519941036854e-09,9.71292114030147e-09
US100,03:30,120,recent,fade,502,-0.02907497666026112,1.1443180269034854,-0.5692781220401837,-0.025408126042493408,-0.21441750354330733,5.83851292659152,292,-0.011069131671577135,1.176132856515555,-0.16082316200154065,-0.009411463688184737,-0.23637797554829695,7.538592914120274,-0.058329109228299,False,5.4249080211419725e-08,7.315366256840436e-08
US100,03:30,240,none,follow,900,-0.022012251403698037,0.9764978435911815,-0.6762611371289512,-0.022542037904298373,-0.4164796513318268,4.505629173142801,507,0.0463978201893073,1.0015314628789034,1.043126455623439,0.04632687230407791,-0.299932130809384,5.4559914921172075,-0.051155767383715835,False,9.301183131907785e-13,1.5723789327194072e-12
US100,03:30,240,none,fade,900,-0.03804154840072832,0.97719650849298,-1.167878151531533,-0.03892927171771777,0.4188593183775696,4.455259377230202,507,-0.08988520595739104,1.0027232084907234,-2.0184180930820115,-0.08964109456754696,0.3000417027289759,5.433461639214298,-0.02432833021719348,False,5.067988510762413e-14,8.751532346081352e-14
US100,03:30,240,day,follow,502,-0.15878097943933672,0.9553020512368839,-3.7239995931482732,-0.1662102360544018,0.09403129854673975,5.060435495741201,300,-0.07679533301796121,0.893684428138995,-1.4883712234783728,-0.08593115265293311,-0.2469866524977878,4.320100390628412,-0.09715579558958341,False,6.56744992359745e-17,1.0269593177318142e-16
US100,03:30,240,day,fade,502,0.10128462543409833,0.9535815074553599,2.3797841331041916,0.10621496394616249,-0.09660859058625745,5.068877813307608,300,0.03366025371128236,0.8922353803244106,0.6534292509494746,0.03772575539320546,0.25052993862173933,4.33535504247308,0.023259619338703852,False,0.009951226159988074,0.011478257149040607
US100,03:30,240,recent,follow,457,-0.11853458913419045,1.031187118775863,-2.4573426556413223,-0.11494964102626161,-0.038851371565256275,4.406699517066299,265,-0.059275644151207986,1.0953046828538804,-0.8809764004126781,-0.05411795008194599,-0.16681008396858973,5.123226454709465,-0.08820002226510677,False,1.899961457956704e-12,2.740869713663011e-12
US100,03:30,240,recent,fade,457,0.060878540227311935,1.031962320881152,1.2611260297044091,0.058992987433233175,0.027737899904728344,4.40310910428312,265,0.01636373566210881,1.0979780272765627,0.24261170124342646,0.014903518336061431,0.1629696767347781,5.1191759893778155,0.02550354198006136,False,0.000574176439032332,0.0006887047062308309
US100,04:00,60,none,follow,902,-0.07931555062405328,1.0124734033829588,-2.352761954312105,-0.07833840410922173,-1.0893010926930828,10.070731060433792,510,-0.02217602442999115,1.102666959618163,-0.45417624762656883,-0.02011126227784169,-0.31244236416243737,8.001225543084395,-0.10174543761363905,False,9.081836991187383e-20,1.8127392582363038e-19
US100,04:00,60,none,fade,902,-0.03355066171373611,1.013449629459856,-0.9942650891494457,-0.033105406266335895,1.0953045515904314,10.074151841170305,510,-0.06297420671217635,1.1010160510427351,-1.2916776443198739,-0.05719644745645225,0.2936171869946442,7.960462483799384,-0.05097911005968084,False,3.016719747677295e-13,5.096659885350586e-13
US100,04:00,60,day,follow,516,-0.04517168632647016,1.0467213149820713,-0.9803024465118775,-0.04315540887523044,1.1336025598473007,11.690292473550182,303,0.02711418135627066,0.9845621397436981,0.47937422520928763,0.027539329679413676,0.014897549548296156,4.878866619732366,-0.03131678107185558,False,9.215005401342986e-09,1.257741593259399e-08
US100,04:00,60,day,fade,516,-0.061730723766603636,1.0416594654995721,-1.3461716962263832,-0.059261904500621077,-1.1648092395078127,11.912210463647726,303,-0.11134938444731131,0.9836088779727048,-1.9705465327259186,-0.11320494044015864,-0.012820841255454345,4.87734013067178,-0.1188088571574874,False,1.207044725026432e-10,1.7449100225961447e-10
US100,04:00,60,recent,follow,458,-0.024157591998703373,1.1586327668847098,-0.4462113106451671,-0.020850085280824087,1.078724896297587,9.906428227589164,297,0.011281509184075427,1.1782070237706317,0.16501515000651995,0.009575150170104284,0.6161442948199153,8.127521015455148,-0.0998797380584269,False,4.629805171554556e-07,6.013267266555027e-07
US100,04:00,60,recent,fade,458,-0.08598259321807435,1.1567155800879,-1.5908040683052838,-0.07433339249354663,-1.0842437962160014,9.911789857912654,297,-0.09711193280304047,1.1791762892907736,-1.4192930780069979,-0.08235573737786853,-0.6498940983680789,8.256225445278748,-0.050730518222978284,False,1.2485514930358312e-10,1.7693068305149837e-10
US100,04:00,120,none,follow,902,-0.0060081418875983185,0.9836026186650985,-0.18345255844342914,-0.006108302045547927,-0.5335994638152591,5.130754414174948,510,0.02785926306880925,1.1469254397730773,0.5485541771654394,0.02429038724114559,-1.2294410653750099,10.624355667890718,-0.048023001469271534,False,3.116171936081131e-11,5.0747969188293995e-11
US100,04:00,120,none,fade,902,-0.07810847009383222,0.9847934870386365,-2.382079394829017,-0.0793145681016956,0.5375962466048558,5.145850725954408,510,-0.08951752096311454,1.1468833959621252,-1.7626815931748794,-0.07805285286916018,1.2340703332288327,10.633945942559198,-0.06345694970411075,False,8.111929415906704e-18,1.499918497885921e-17
US100,04:00,120,day,follow,516,-0.035111519070309696,0.9846441361603117,-0.8100189352050061,-0.03565909528210822,0.5275731218930608,5.301355826678416,303,0.040346448574168775,0.9973359022447844,0.7041824122225647,0.040454222577727086,0.1773649721809939,4.68064079503007,-0.02257591775128714,False,1.4290038607907847e-08,1.952399983168656e-08
US100,04:00,120,day,fade,516,-0.04446131354007462,0.9815630120863189,-1.0289374046045177,-0.045296443521819135,-0.5332228161508933,5.328087465042853,303,-0.10141603844289877,0.9966136754031704,-1.7713366722496455,-0.1017606329773389,-0.17403333577513294,4.669857228533647,-0.0866909254001665,False,1.939309708610236e-09,2.717002999913675e-09
US100,04:00,120,recent,follow,504,-0.029169358372419275,1.0587275853683944,-0.6185259365862767,-0.027551334994515626,0.20866970557325076,5.125564146811628,295,0.017503765667618867,1.2186434829583226,0.24669811337158074,0.014363319471522168,1.093808343209487,11.86353634783442,-0.08416038576980671,False,4.629589760865749e-08,6.245737324027244e-08
US100,04:00,120,recent,fade,504,-0.05220456959015076,1.0589244527855954,-1.1067736489595905,-0.049299616656147634,-0.20647813799711065,5.108536256984122,295,-0.07818142200081084,1.2191163502699922,-1.101461743012549,-0.06412958203989008,-1.0903033038687695,11.855292554845505,-0.021369022496810056,False,2.199338966378015e-09,3.0584669377086105e-09
US100,04:00,240,none,follow,898,0.02441005252027832,0.9803362650095501,0.7461597420788144,0.024899673093334483,-0.45940724022601537,4.914477702205015,507,0.044883200172934144,1.0156155478366342,0.9950810447203218,0.04419310069498245,-0.5386544522866556,6.902330774248896,-0.02458582204949548,False,1.420260901216806e-08,2.1464385200130086e-08
US100,04:00,240,none,fade,898,-0.08592557195038213,0.9811279819485458,-2.624429663784731,-0.08757835219390206,0.4643781938080449,4.894582895122835,507,-0.0885441883510284,1.0165962747212016,-1.961171290690451,-0.0870986748159306,0.543157366836109,6.895396396315007,-0.05196681837488836,False,1.1147772235830764e-18,2.09226598997173e-18
US100,04:00,240,day,follow,514,-0.1363925536048964,0.9496694927648439,-3.256114985903088,-0.14362107516774764,0.30833295482930817,4.9080960198602765,302,-0.04330284502609536,0.9235671509378456,-0.814800758285373,-0.046886514946014535,-0.2029000961103233,4.868296091489285,-0.12945721222811568,False,3.275028844954814e-15,4.99761792920598e-15
US100,04:00,240,day,fade,514,0.0783879035931569,0.9485640392972938,1.8735442423579531,0.08263849391890027,-0.2975156929567889,4.923112200917976,302,8.529838078930923e-05,0.9232729985246496,0.0016055140997187167,9.238695480709646e-05,0.2076796841774596,4.899192808152318,0.05405478118984699,False,0.002047154540447383,0.0024283411878713
US100,04:00,240,recent,follow,469,-0.12358115063298689,1.0137902032476778,-2.6399187813728497,-0.12190012315871131,-0.043105169448891936,5.322662974291197,271,-0.09022600577796298,0.9819524395542683,-1.512606366475829,-0.09188429311191358,0.1338522235890829,6.826570515094917,-0.15445305991875133,False,3.72868354510877e-13,5.464109939706006e-13
US100,04:00,240,recent,fade,469,0.0639015348884752,1.014256100100236,1.3644263024146934,0.0630033527845285,0.04379585602739725,5.297612286511319,271,0.04862549790194546,0.9835993230057881,0.8138239857327542,0.04943628646810213,-0.13351550608524357,6.785183610801538,0.08977575470502856,False,0.0006708188379647538,0.0008047442255130372
US100,04:30,60,none,follow,903,-0.012444281275682919,1.0640090839598884,-0.3514538929434923,-0.011695653226351637,-0.2516053807133803,7.129528784324723,510,-0.010441420828114398,1.1504008723050432,-0.20497244684148702,-0.00907633250241984,-1.7020248282612807,18.723243876393198,-0.05002676078529989,False,9.857387199620159e-12,1.6252987425319147e-11
US100,04:30,60,none,fade,903,-0.10971162818378129,1.065972565831802,-3.0927905359695864,-0.10292162453371478,0.25745840069149734,7.243698016236906,510,-0.07920951634315292,1.1498266523828695,-1.5557151405527863,-0.06888822430668246,1.7118275780515797,18.669756465531908,-0.11271144150574244,False,1.2095988453131286e-20,2.3593946624304798e-20
US100,04:30,60,day,follow,492,-0.09290318802165957,1.151886888697229,-1.7889711367082983,-0.08065304756331762,0.14725784095738317,7.764580313377771,307,-0.010312527524473779,1.0073572997835925,-0.17937039749415604,-0.010237209306657318,-0.3365965521163867,4.895668662299675,-0.05099922433202942,False,7.886974491238207e-11,1.1176093393383599e-10
US100,04:30,60,day,fade,492,-0.023706326935468102,1.1477123121552548,-0.45815642391596195,-0.02065528676864213,-0.1533294993804785,7.619800875101119,307,-0.07963076999800717,1.0081710613508637,-1.383935582615481,-0.07898537564776824,0.3619461626997106,4.980642275224933,-0.10762204648456106,False,1.3210341967395983e-07,1.760234625605429e-07
US100,04:30,60,recent,follow,473,-0.027389978844752978,1.1483758140324103,-0.5187262548345317,-0.023851058608223143,0.11118448891049222,6.801281014537557,291,-0.04901839628201922,1.1044195128380354,-0.7571318603982365,-0.04438385569271251,-0.4146499131423563,6.81423349372876,-0.04754817163726671,False,1.6882420436925073e-07,2.2298643168849632e-07
US100,04:30,60,recent,fade,473,-0.09180351749624022,1.1488667251019098,-1.7378818238500142,-0.0799078913945365,-0.12723948387850034,6.670528739494307,291,-0.04175150930448394,1.1027178709742043,-0.6458836059643999,-0.0378623675225271,0.43815292383511434,6.871621828617035,-0.11223448941572432,False,1.214896025192347e-10,1.7109740220162354e-10
US100,04:30,120,none,follow,902,0.005388448636076567,0.986926330337439,0.1639767522527589,0.005459828632025866,-0.5117587247493309,4.293559986427738,509,-0.013490833971925605,1.107302775378622,-0.27487250498315186,-0.01218350958012605,-1.1440731837135618,9.352834310796055,-0.030723292320122907,False,3.3803218723111754e-10,5.354715696334663e-10
US100,04:30,120,none,fade,902,-0.09387423217779636,0.9887356965212125,-2.851474241137789,-0.09494370690578417,0.5138105603097418,4.311797294772196,509,-0.05074157625669719,1.1077581668632812,-1.033422433216622,-0.045805644024612895,1.1505506088320068,9.372484384562393,-0.08338051901545501,False,1.8444097917100927e-19,3.5073980301505903e-19
US100,04:30,120,day,follow,492,-0.11112355739468767,0.9821158604328954,-2.5097239942029685,-0.11314709584845398,-0.1352885305541462,3.9721100383135592,307,-0.030568835559007787,1.0254454838384148,-0.5223186182414028,-0.02981029810047385,-0.6406949611320218,6.876881645917806,-0.04687443557458498,False,2.768790487187762e-13,4.117338227472592e-13
US100,04:30,120,day,fade,492,0.026851825728868916,0.9797305550047947,0.6079246012865384,0.027407357657368875,0.1333808473803836,3.9534894783057903,307,-0.033915200587912635,1.0256548047088885,-0.5793784784617104,-0.03306687633325014,0.65625210497998,6.90046513175449,-0.0644319147815243,False,2.2292317478084064e-05,2.8103380583293597e-05
US100,04:30,120,recent,follow,475,-0.08935621994459181,1.069183781930466,-1.8214582904167171,-0.08357423808211399,-0.12210987846681638,3.8020097931337107,286,-0.01591249412375109,1.0887068427757496,-0.24717828820764104,-0.014615958583654023,-0.31523065877763135,5.374550373630357,-0.1030355288541541,False,6.045509162348856e-11,8.57393676906235e-11
US100,04:30,120,recent,fade,475,0.004139862590368627,1.0702834767813334,0.08430122982851643,0.0038680057014599976,0.1220689973354818,3.809571117203764,286,-0.0469610870272156,1.0894353127874583,-0.7289868753875616,-0.04310589759300138,0.32584580216402437,5.4030296525528,-0.008655840197771447,False,3.116139846840515e-06,3.99926215201375e-06
US100,04:30,240,none,follow,897,0.04862151453408298,1.011884631636657,1.4391090500707313,0.048050452604899103,-0.25311252196812484,4.49645974859154,506,0.03448316391798841,0.967961123579048,0.8013540755613524,0.03562453395905664,-0.9162779356242082,6.270738820343253,0.003331440151258712,False,6.051633022515396e-07,8.702924444690607e-07
US100,04:30,240,none,fade,897,-0.11087577346732172,1.0126001104159732,-3.2794039361130047,-0.10949611038633432,0.24972366050285993,4.474768478754964,506,-0.07794357228607751,0.9699737322138692,-1.8075719423004768,-0.080356374299105,0.9120303103846846,6.2482254720754,-0.0805901041873072,False,2.0944205206803383e-21,4.137254409138535e-21
US100,04:30,240,day,follow,488,-0.17934367405427892,0.9579693077033499,-4.13565572539552,-0.18721233823684827,0.14811916824077442,5.171160061029471,306,-0.09305576746931069,0.9322135359578424,-1.7461783681158616,-0.09982237317944175,0.11926658302180729,4.982508965688694,-0.144853284960287,False,7.583504530253164e-18,1.188822009257739e-17
US100,04:30,240,day,fade,488,0.12022296628576039,0.959325903580796,2.768414905147024,0.125320254396357,-0.15631970113291324,5.2288476128895995,306,0.04937930320349532,0.9322264788147652,0.9265828040412487,0.052969213303484225,-0.11661456442501568,4.976525639858269,0.06852051703494016,False,0.031079135799010567,0.03497194468051369
US100,04:30,240,recent,follow,484,-0.15135375124253786,1.0874358020184944,-3.0620497514934697,-0.13918407961333953,-0.40619577127334044,4.421463793735964,295,-0.020816661186998594,0.9901448434546066,-0.3610965603910969,-0.0210238545649235,0.4628674364700329,4.660722196619428,-0.13490265650210934,False,1.88112587229008e-15,2.9078424495173038e-15
US100,04:30,240,recent,fade,484,0.09098886355685533,1.0873358126260015,1.8409721955321432,0.08368055434237015,0.3985504066352631,4.39204660655321,295,-0.021064084391910348,0.9912526048262856,-0.36498015601595524,-0.021249966244075366,-0.4573839382929161,4.634022301592935,0.06810753183115824,False,0.0022191748738194634,0.0026286401060965853
US100,05:00,60,none,follow,904,0.015651472854442183,1.0606971886765626,0.4436576860780863,0.014755835144590708,-0.38780741848301914,7.423410842675218,510,0.02214213622458709,1.1576977000016504,0.43192608802119486,0.019126008650233582,-1.0261105523390277,10.207974456660958,-0.04903848201995406,False,1.9317017249207735e-09,2.998411934367726e-09
US100,05:00,60,none,fade,904,-0.14284385933994656,1.0617838626371114,-4.044917518250049,-0.13453195548213626,0.3808880069730286,7.3932481115684725,510,-0.11176419262499139,1.1595354001843716,-2.176725982151798,-0.0963870465767758,1.0238296543266856,10.19346303692463,-0.12068971060136026,False,7.563347402522471e-24,1.5382392019643796e-23
US100,05:00,60,day,follow,506,-0.04656886642439324,1.0999703878195883,-0.9523354067309255,-0.042336472817876655,0.6449684230448633,6.662169240987795,309,0.024950839490247113,1.149862353579428,0.38143324852418964,0.021698979371380565,1.221874433830661,10.786524499741926,-0.06498927984415212,False,9.670503260158301e-09,1.3200457281202168e-08
US100,05:00,60,day,fade,506,-0.07280756392676693,1.0997154615300604,-1.4892630950722463,-0.06620582002681678,-0.6514155908027105,6.647802327855726,309,-0.11467846630578812,1.148196760242143,-1.755677723405468,-0.09987701609748803,-1.217536834325153,10.884593171558778,-0.09977251708468368,False,1.0360861492192954e-10,1.4879675904249414e-10
US100,05:00,60,recent,follow,476,-0.13076505488911958,1.098665241724913,-2.5967479160446736,-0.11902174558996462,-0.27221408128104513,6.679500555312184,255,0.01798069497445365,1.2566302113403298,0.2284909836485892,0.014308660425468625,0.8668995324443431,9.79567998802363,-0.2345779597067269,False,2.1616785973685186e-13,3.203453191641612e-13
US100,05:00,60,recent,fade,476,0.008017454663308216,1.0977038537270514,0.1593510025809206,0.007303841228293428,0.26674698011743575,6.693873240051484,255,-0.10806551947105102,1.2547520476696388,-1.375305952202586,-0.08612499949432509,-0.8742518852984937,9.812470401516729,0.06709555540198225,False,4.266438686426959e-06,5.459222428173989e-06
US100,05:00,120,none,follow,902,0.009443115151328415,0.9385001483308365,0.30219286685339003,0.010061921852781172,-0.5953898609068743,4.934143621319339,509,0.019218170294550547,0.949708097383947,0.4565420532430861,0.020235870734901237,-0.5502438133081475,4.975239270871795,-0.01965820202492766,False,8.517026110131073e-10,1.3340381664592265e-09
US100,05:00,120,none,fade,902,-0.10096361897761569,0.9406930682919368,-3.223444774795833,-0.1073289709266598,0.6021486825302333,4.93965856329631,509,-0.08387850415086953,0.9520211025183262,-1.9877556334708248,-0.08810571943099853,0.5505000191538019,4.964125228268806,-0.09555568934942617,False,1.4590589714807442e-20,2.811939898306071e-20
US100,05:00,120,day,follow,506,-0.16212793334098483,0.9031289283355388,-4.038158411032644,-0.17951803807213398,0.2027436080878559,4.023646187115713,309,-0.04484303076178795,0.9231252406420909,-0.8539128931792638,-0.048577407254726174,0.14665337159808708,5.636890854824792,-0.13748190274025598,False,7.411962340938211e-18,1.1725567018600816e-17
US100,05:00,120,day,fade,506,0.07646381387107196,0.9024163871465388,1.9060059027901881,0.0847322975958496,-0.19895664144005915,4.0486162890724655,309,-0.019745319529737612,0.9226520147315304,-0.3761884621356122,-0.021400613898277812,-0.14144623742348172,5.698669781515379,0.025493059546504805,False,0.002444627150558024,0.0028899144441149505
US100,05:00,120,recent,follow,472,-0.14466064882577165,0.9904907798040821,-3.1730065659364985,-0.14604946535129318,-0.0958024734995917,4.583863571620715,288,-0.017795406018689237,1.036158497791711,-0.29145932318117335,-0.017174405321787434,0.4344213272977848,4.430724511416442,-0.23453863378331385,False,5.0974613614225524e-15,7.710540252806606e-15
US100,05:00,120,recent,fade,472,0.05523780888660207,0.992473346275397,1.20917341508842,0.05565671772839165,0.10917729458817828,4.613374340318643,288,-0.04480860187406438,1.0335162630214527,-0.7357670285247904,-0.04335548793694627,-0.4459261775511912,4.431982933768324,0.11883881758813586,False,0.0003564142323842898,0.00043180045283675164
US100,05:00,240,none,follow,897,0.027902004491937065,1.0325020648034406,0.8093580618334125,0.02702367912189001,-0.22966872867773402,4.3046553596774935,506,0.038737746755441296,0.9416902995958962,0.9253403864216337,0.041136397786049904,-0.5179538730453725,5.324348488213598,-0.012014014773406698,False,1.9103848264937706e-08,2.8789569317055047e-08
US100,05:00,240,none,fade,897,-0.08644657449104563,1.0331785243803178,-2.5059282950188324,-0.08367051042112472,0.22560307414492314,4.274730462375216,506,-0.07778414105810548,0.9428793121215158,-1.8557104433550429,-0.0824963916994722,0.5062667363628123,5.299768479834346,-0.0603062589279533,False,1.3382119880713418e-18,2.525051305924001e-18
US100,05:00,240,day,follow,502,-0.19888704113325742,1.0152532037565614,-4.389185913239659,-0.19589895446510386,0.006471689968550887,4.956007558848315,308,-0.07118766358670477,0.9377196877783798,-1.332315447647121,-0.07591571821997324,-0.21808756116526154,4.4065938506543825,-0.13264652835036916,False,1.9126634733245111e-19,3.101625449789441e-19
US100,05:00,240,day,fade,502,0.14409941301175486,1.0167527411419492,3.1754020320515304,0.14172512861869638,-0.015665942622908793,4.99096871097687,308,0.03213524766635171,0.9363373052624058,0.6023163923245297,0.034320161640196425,0.20716611620020858,4.390409621925794,0.062103809879215516,False,0.06160219327821729,0.06844778781871062
US100,05:00,240,recent,follow,479,-0.18927172655592908,1.043109997165317,-3.9712149323135053,-0.18144944164113155,-0.1586762524626128,3.6851403433910717,294,-0.0727459076121845,0.9904550234387002,-1.2593529763198668,-0.0734469570961662,0.22638699679712077,4.380612761956946,-0.21040464989060284,False,3.4414451189477622e-18,5.483254877096546e-18
US100,05:00,240,recent,fade,479,0.13179798421046976,1.0438647064313054,2.763327191466613,0.12625964207665558,0.15850450386279152,3.678087136160599,294,0.03479883054815799,0.9906795799613745,0.6022892381038116,0.035126221688666234,-0.24143304487443443,4.384780165299435,0.1452638193357834,False,0.030797194176333014,0.03471484181992903
US100,05:30,60,none,follow,904,-0.04258283121770871,1.0164242794120648,-1.2596320951647006,-0.041894740297172064,-0.8626521223114217,7.705150750455034,509,-0.05549547684816765,0.9959441534648094,-1.2571337678472052,-0.05572147459785105,-0.8876311926232572,6.877234174070621,-0.07210117130784748,False,4.982672401809743e-15,8.932072765701262e-15
US100,05:30,60,none,fade,904,-0.08719665154976348,1.0178893835215623,-2.575629782902703,-0.08566417231712523,0.8578053682605412,7.674158871595824,509,-0.03663759131316105,0.997038172509207,-0.8290372012955174,-0.03674642789348442,0.8716148157743828,6.79300847967758,-0.09638655886745398,False,5.3665588163018695e-18,9.859468253015425e-18
US100,05:30,60,day,follow,505,-0.11095197034360588,1.0225956277027581,-2.438241824224466,-0.10850033712040935,0.6006060279422132,10.099544555548087,302,-0.026888856602739555,0.9218656595957324,-0.5068835172858989,-0.029167868791783805,0.7690887044508128,6.604763954726757,-0.08700637151015773,False,3.1707248813961515e-12,4.5728137771419486e-12
US100,05:30,60,day,fade,505,-0.009654956499892498,1.0233814258103815,-0.21201104181032263,-0.009434367535298055,-0.6111853394728931,10.079019264974907,302,-0.06468097814820081,0.9202484733945341,-1.221447893260842,-0.07028642808785233,-0.7725728116885263,6.617476962033413,-0.07566979867350139,False,3.3380938603308817e-07,4.424882408801801e-07
US100,05:30,60,recent,follow,496,-0.08879962927612961,1.0724851229418537,-1.843999140836408,-0.08279800565675913,-0.5102644618904226,8.645812916883274,276,-0.06173763633908591,1.1286735446216676,-0.9087327787527981,-0.05469928539857858,0.5016565439555299,6.82587586584146,-0.16052841810548077,False,1.547334250924288e-11,2.2454415587564794e-11
US100,05:30,60,recent,fade,496,-0.03541928677280612,1.0724323287326358,-0.7355475487522399,-0.033027059912175,0.5096453987555761,8.594347611256387,276,-0.027091571355121313,1.126373743740119,-0.3995822778239767,-0.024052026696897134,-0.5167459236539758,6.732244102895972,-0.004524509895397624,False,3.592490505613964e-08,4.8379313815800946e-08
US100,05:30,120,none,follow,903,0.005065908073435163,0.9959214628941068,0.15285374655539252,0.005086654181258272,-0.3927590825762256,5.046713960041023,508,0.016721146008077715,0.9062855538759612,0.41584629631288667,0.018450195897491105,0.0024620482888356213,5.990573582624075,-0.0006384227395430205,False,3.033913934994359e-10,4.81394057916986e-10
US100,05:30,120,none,fade,903,-0.09760844858777311,0.9964836640176299,-2.9434800847435403,-0.09795288383778884,0.3924491880598787,5.010529040571319,508,-0.08047682998591915,0.9091776212696323,-1.9950508973973335,-0.08851607002109917,0.012504164426600666,5.849195418731602,-0.11474069146774134,False,5.734194934064139e-20,1.1035067567717628e-19
US100,05:30,120,day,follow,505,-0.19533411684366206,0.9643030660800446,-4.55208376101555,-0.20256506871611235,0.31943556023176,5.497842909409108,302,-0.12217002472882295,0.8246170358717569,-2.5746359588024434,-0.14815365122752888,0.12029853489953499,4.23945929567861,-0.15554632238812355,False,5.895595918652116e-19,9.363311063834026e-19
US100,05:30,120,day,fade,505,0.1091785776313295,0.9642590903888918,2.544423390473253,0.11322535480303027,-0.31176704092866736,5.505369428256069,302,0.05883684183580398,0.823411088858096,1.2417555603315482,0.07145500301362073,-0.11782213038319606,4.262069018278207,0.04335564183664,False,0.015770617472031883,0.018009244755167957
US100,05:30,120,recent,follow,484,-0.1020636584076326,1.0038535735750942,-2.236780885255222,-0.1016718584206919,0.23616718689986416,5.145797941818518,283,-0.10437301358255133,0.9283841377515646,-1.8912708520313433,-0.11242438268638485,0.07917005675953563,3.6066265762625647,-0.11876207001986967,False,6.755956989542014e-12,9.708813651943629e-12
US100,05:30,120,recent,fade,484,0.011544356839859344,1.0049925263871649,0.25271416832314186,0.011487007651051902,-0.23427417920058866,5.159815493802826,283,0.04251122798299631,0.930810450458005,0.7683084636743978,0.04567119756990123,-0.0784429485300957,3.5899774235560025,0.006607571407964858,False,5.763437057426239e-06,7.36100462694768e-06
US100,05:30,240,none,follow,898,-0.01492361885116415,1.002959808540949,-0.44589108266759686,-0.014879578148673986,-0.2509036797295103,4.458502168285568,506,-0.003348102822014191,0.9585891424545997,-0.07856724773066044,-0.00349274018839908,-0.5899572357595315,5.740656208467378,-0.022358024799123383,False,5.695026218422832e-12,9.432706978373455e-12
US100,05:30,240,none,fade,898,-0.04224494653683378,1.0032647109550632,-1.2618199705549924,-0.042107477792793564,0.24470388816610422,4.45167717526699,506,-0.034622294260401955,0.9593533117346305,-0.8118064966277551,-0.036089200753162076,0.5762968554717555,5.713601976366818,-0.048747573995880075,False,2.232721717715458e-14,3.888935070589022e-14
US100,05:30,240,day,follow,501,-0.1639733523687681,0.9753642484845069,-3.7629227786754824,-0.16811499152603265,0.024129327226242572,5.244083135696097,301,-0.0702264880352993,0.9880536138651295,-1.2331153022032224,-0.07107558441143993,-0.12076592833959378,5.559083858726929,-0.16929403236845322,False,3.5801396049085033e-17,5.628808964253532e-17
US100,05:30,240,day,fade,501,0.11083070066135857,0.9774393004743941,2.537985547995342,0.1133888320303548,-0.03419285678310345,5.260605483576619,301,0.03259989288370388,0.986225335858209,0.5734865880179458,0.03305521740154403,0.10472082308907803,5.523184005447816,0.09969365452423026,False,0.014943258037856863,0.017108272378919674
US100,05:30,240,recent,follow,461,-0.12538828564539892,1.0250983693283269,-2.6262851899019135,-0.12231829587979623,0.1612425850806866,4.823873828193113,300,-0.033686382928476054,0.9914585411261236,-0.5884918464575427,-0.033976592596816214,0.8548540723769799,6.216567474894384,-0.14079391760813442,False,9.767683314206592e-13,1.4111226247322246e-12
US100,05:30,240,recent,fade,461,0.06961953441682232,1.0274341935916476,1.4548813009817458,0.06776057761271329,-0.1605268820612366,4.825621615012246,300,-0.0029276232691140378,0.9929236597203572,-0.05106930626423508,-0.002948487771898356,-0.8664517585039592,6.245511446004453,0.07666801115590048,False,0.0011196554441275507,0.0013297502579942783
US100,06:00,60,none,follow,903,-0.07143794024592572,0.9493796089069356,-2.261168359442103,-0.07524697136499013,-0.8535950310915172,7.2602968889946595,510,-0.04068908431796735,1.0078878734578876,-0.9116975432968003,-0.040370645772699096,-0.5320963241479021,5.722431035053957,-0.06746192718149134,False,4.136610824359529e-19,8.109596657473494e-19
US100,06:00,60,none,fade,903,-0.06198865203599911,0.9524440412124703,-1.9557646796191674,-0.065083773275632,0.8580036777206997,7.3251531578596545,510,-0.05301750888533551,1.0106186140851285,-1.184723799287141,-0.052460451595115414,0.5461165511062249,5.718856571176482,-0.09867175406460395,False,3.995820363014232e-16,7.126797342120342e-16
US100,06:00,60,day,follow,519,-0.23987942387153208,0.938074335585833,-5.825583366849803,-0.25571472832344994,0.18447543039108927,5.429667755930585,314,-0.16983617110053686,0.9817440016153796,-3.0654677945442796,-0.1729943557802088,0.7906997145007999,6.150129708922933,-0.2060003759336737,False,4.756338283208236e-24,8.08863429480184e-24
US100,06:00,60,day,fade,519,0.11306689411190093,0.9358191409922163,2.7524993020962065,0.12082130954494055,-0.190073409587815,5.542509317174372,314,0.07653678584019181,0.9810746515930305,1.3823976577796202,0.07801321307804089,-0.778911042396624,6.146254562458768,0.04750849535710509,False,0.021642996971095344,0.024621643934258697
US100,06:00,60,recent,follow,487,-0.15140991333883685,0.9790094357107042,-3.412965623347856,-0.15465623498196626,-0.12240678838052772,4.877191471546306,270,-0.22342821980152022,1.0240276938889845,-3.5851572188568754,-0.21818572010782183,-0.13423480996582923,4.893493575718373,-0.1829358547000774,False,4.0806110084378793e-16,6.318257101232586e-16
US100,06:00,60,recent,fade,487,0.019556516590035572,0.9770966630829758,0.4416908994849068,0.0200149251644459,0.13786552609147598,4.918639390323977,270,0.13187044050963828,1.0270418817953273,2.109799499383976,0.12839830862507895,0.16273542827083334,4.886246193013715,0.01820489364226729,False,1.2044595618236915e-05,1.527549669726014e-05
US100,06:00,120,none,follow,901,-0.008215002408956808,1.0922370341791598,-0.22576322102970223,-0.007521263381378167,-0.6750982420787388,8.131919819263034,508,0.009758021450643431,0.9906057283559968,0.22202035338273815,0.00985056028985193,-0.23713101272819212,5.379244170983745,-0.016880029774993578,False,2.3101396294933236e-11,3.7748257898474225e-11
US100,06:00,120,none,fade,901,-0.08324451514686802,1.0926339199152735,-2.286879834380636,-0.07618701344483529,0.6639714806384005,8.118799078280428,508,-0.0717703517960189,0.9928597756803808,-1.6292548216723204,-0.07228649357542616,0.25636869948503566,5.347853526482717,-0.0958514043180911,False,2.7625392801596126e-17,5.038123700093865e-17
US100,06:00,120,day,follow,517,-0.21211095989180248,1.1094744148883358,-4.347014504409793,-0.1911814793071642,0.3831146250098424,10.105172994234945,313,-0.1352400867566639,0.9714077191853766,-2.4630660564242337,-0.13922072481581305,0.2923124817940995,5.168745651032931,-0.1773748520092976,False,9.244618935035222e-18,1.4394291685196623e-17
US100,06:00,120,day,fade,517,0.12531633538548548,1.1090689044475401,2.569179387336511,0.11299238025964603,-0.38220112037471404,10.111758682214395,313,0.07355486511407253,0.9713570200099337,1.3396911517599062,0.07572382100385737,-0.28326133448958296,5.177649650760302,0.06912712245527461,False,0.015473362393870156,0.017678865994307222
US100,06:00,120,recent,follow,490,-0.11065324863568009,1.1134126596134217,-2.1999157743995097,-0.09938206439479413,-0.24316043173194715,6.7296842245486,282,-0.0983807122064877,1.0698814435776411,-1.54418333560435,-0.09195477947304749,0.4568578373211034,5.384568636788761,-0.15073219629076737,False,2.4905657830536683e-12,3.644017789350443e-12
US100,06:00,120,recent,fade,490,0.02205447583702298,1.1110250068664258,0.43941102198942816,0.019850566549556074,0.23512245044900032,6.800300662229273,282,0.038129612566878024,1.0710110453080974,0.5978510507711736,0.03560151198618992,-0.43726573317931444,5.3190365508192565,0.03856848065144867,False,1.1003006804706009e-05,1.3982238977042273e-05
US100,06:00,240,none,follow,892,-0.03225178260836387,1.0484922608824356,-0.918694088372634,-0.030760153233005284,-0.10498476942891745,4.787615844552423,507,0.07171631094098586,1.0582213464906662,1.5259679187257649,0.06777061451161949,-0.34307603364739725,6.494333465171766,-0.0244077575972095,False,2.319273205389379e-13,3.958651776681686e-13
US100,06:00,240,none,fade,892,-0.006177744878440094,1.0479923020971982,-0.17605740809655007,-0.005894838030849512,0.09911777361533432,4.777935133218403,507,-0.10021067672967436,1.058432003525655,-2.1318419876953745,-0.09467842657428242,0.3276553827302335,6.4336965005063025,-0.031000914062998333,False,4.501128496817109e-11,7.275025261084174e-11
US100,06:00,240,day,follow,512,-0.18570223511371955,1.0422090512052065,-4.031784128639046,-0.1781813686025603,-0.37376896333655923,4.8241733370738125,313,-0.09425411378295519,1.0913964301598091,-1.5278824915404754,-0.08636102444384385,-0.7041479078028717,5.295639410712677,-0.13211872801419047,False,1.4873886184635663e-19,2.473107820919318e-19
US100,06:00,240,day,fade,512,0.14904528376374432,1.043023141053037,3.233398814045535,0.14289738923075865,0.36531218339476823,4.834625240553027,313,0.06605417402133597,1.089940055817288,1.0721852333935062,0.06060349252125197,0.6964622629243,5.293814549611061,0.07890541166571134,False,0.05781511357651682,0.06459423558079971
US100,06:00,240,recent,follow,484,-0.06521628430218326,1.090603207459325,-1.3155639418945522,-0.05979836099520692,0.24724024176709616,5.0388256944905185,275,-0.17029774922067537,1.1166458969590436,-2.5290637718956988,-0.15250828367743652,-0.39419358772670154,5.4428066487685856,-0.05830048176322374,False,1.7617353738849226e-09,2.428361454754566e-09
US100,06:00,240,recent,fade,484,0.02729538899676325,1.0905293073249822,0.5506487114975265,0.0250294868862512,-0.2533950427035516,5.048638880855623,275,0.14281219877136034,1.116847303360961,2.120497929237392,0.1278708363637459,0.3798024384392275,5.449837736891986,0.005942733799142471,False,2.2448971110904625e-05,2.8212927664585567e-05
US100,06:30,60,none,follow,903,-0.013605497657187588,1.0693746245059985,-0.3823212457790281,-0.012722854409859125,0.23811510757438348,8.219451188578146,511,0.03434061149604429,1.0204941450093088,0.7606904377867141,0.03365096376494256,1.224245823715822,13.128647495815574,-0.01724693975249134,False,9.17093007568047e-12,1.5109836247337297e-11
US100,06:30,60,none,fade,903,-0.1192742518036806,1.0689123362811788,-3.3531152963165014,-0.11158469011466751,-0.2574358592401405,8.176376790429947,511,-0.12301822436759774,1.0256476301199275,-2.7113259041804,-0.11994199640788268,-1.174314872920053,12.712263203209021,-0.1512348847927802,False,1.1221885435941833e-22,2.305381353327379e-22
US100,06:30,60,day,follow,525,-0.22390461545920717,1.1043962624376686,-4.645342816205458,-0.20273938175505568,-0.3488010155577723,9.158358403560598,313,-0.2205479790161146,1.018320916902582,-3.83169195146313,-0.21658003420665609,-0.8932208487104252,11.321806354468436,-0.21042709309368315,False,2.310163084566674e-21,3.912157934637704e-21
US100,06:30,60,day,fade,525,0.09737181011210747,1.103125861775438,2.022496733398288,0.08826899403427216,0.3438104931992553,9.12859675547554,313,0.13265040340102194,1.0168175645228377,2.308010095805423,0.13045644374098794,0.8980551643509112,11.43227338028748,0.04653335025729936,False,0.002268168922890004,0.0027014156706141705
US100,06:30,60,recent,follow,523,-0.07024122470755155,1.1490619037838927,-1.3979752847157123,-0.06112919110471355,-0.14878228929171983,8.848680412981496,262,-0.22608086411891218,1.0032536232175469,-3.6475706562461343,-0.22534766771521392,-1.6247181872171768,12.288077851644555,-0.09050139788139064,False,2.3169681486301942e-10,3.3032634278218825e-10
US100,06:30,60,recent,fade,523,-0.06344666626818422,1.1488949780664146,-1.2629301196249916,-0.05522407833565841,0.1324984288914525,8.876911867694206,262,0.13928508189961883,1.0012005184454402,2.2518226528537304,0.13911806809277943,1.6350640566599617,12.478723059212905,-0.0758249778045797,False,7.222362168360048e-10,1.016985390278432e-09
US100,06:30,120,none,follow,899,0.013333422657714665,1.0585839515023312,0.3776558237917623,0.012595526919515465,0.08813165814272493,5.558462776308049,508,0.033726937429036985,1.0145304838772315,0.7492791747776272,0.033243887655443075,0.2400176544134874,7.366438610367677,-0.006968439828766478,False,1.2695446207574508e-09,1.9809433450857876e-09
US100,06:30,120,none,fade,899,-0.10193090482596995,1.0582136607612211,-2.8881008982648755,-0.09632355790289687,-0.10344613709550247,5.526317449466768,508,-0.09292340205714897,1.0178043473096046,-2.0577502170487953,-0.09129790249253349,-0.24312301042412365,7.3354541854139965,-0.104381569365177,False,1.5187355647342964e-20,2.9943019523951276e-20
US100,06:30,120,day,follow,521,-0.18156418985829917,1.075236492720817,-3.8542959816111786,-0.16885977279180941,-0.27130445370000866,6.077721310631918,312,-0.15036152919397655,1.0517851864928314,-2.5251488353142446,-0.14295840170116464,0.3761963214583208,8.134091112952843,-0.20961003553700203,False,1.4899149577414332e-18,2.43629200458162e-18
US100,06:30,120,day,fade,521,0.0974383179854108,1.0775657300052606,2.0639770743981427,0.0904244773865768,0.25165844926601644,6.098668060227156,312,0.09204756634111681,1.0507959308391308,1.5472882419767333,0.08759794707961105,-0.38408896319920066,8.09946336979821,0.10151782656964153,False,0.0027617640273572175,0.00327574387407569
US100,06:30,120,recent,follow,502,-0.008141196738433183,1.1044662040898494,-0.1651534602013032,-0.007371159668160284,-0.11174251441472653,6.258831707495727,263,-0.18807371593137964,1.106758753011621,-2.755833748208485,-0.16993198871895876,-0.9676719529382584,6.971084361331001,-0.13547081763190003,False,4.850867554201191e-07,6.39579260511031e-07
US100,06:30,120,recent,fade,502,-0.0794789247519535,1.104154538364143,-1.6127757316777906,-0.07198170363879071,0.09951741510199733,6.293055977970839,263,0.12928679667791398,1.106498683170375,1.8948775393045272,0.11684315457789554,0.9534104846775213,6.943827211596562,0.025375120264754216,False,1.5081658482983322e-10,2.1365935857629468e-10
US100,06:30,240,none,follow,892,-0.030126189029834317,1.0566366415296466,-0.8515319686587315,-0.02851139913738175,-0.12476129400666856,4.930126414931619,508,0.08816575261040259,1.0580345736570058,1.8781570975383342,0.0833297463103358,-0.3725140140025094,6.112171810601438,-0.051318734782555206,False,3.755000262881161e-13,6.379857780534306e-13
US100,06:30,240,none,fade,892,-0.003283411189207918,1.0563381730795915,-0.09283350048896483,-0.0031082954993812612,0.1203957045411088,4.9243282326655,508,-0.1136070794200566,1.0580900687160177,-2.419995805897133,-0.10736995155612576,0.360551283972312,6.061527319847848,0.0011019939726970972,False,7.747652856870314e-11,1.2449658298081454e-10
US100,06:30,240,day,follow,517,-0.12662121665436868,1.05929272729697,-2.7179143280788742,-0.11953373547411389,-0.31791319445731153,5.14520687072987,312,-0.06717770644427658,1.0414165645912827,-1.1394046513886,-0.06450608596824205,-0.14802546731979976,3.721736977521249,-0.10237826760400973,False,1.423868853834498e-14,2.193312368929362e-14
US100,06:30,240,day,fade,517,0.09475042785758299,1.0595334879341123,2.033348237383925,0.08942655322988252,0.31219163109608417,5.148785983600627,312,0.04214210357535163,1.0398841382923885,0.7158277878777981,0.040525768230828,0.1394114915599887,3.7085698032865317,0.05377715161671413,False,0.002576891159766284,0.0030599255373056403
US100,06:30,240,recent,follow,489,-0.09619437552388531,1.0553101458173286,-2.015691180958284,-0.09115270606005933,0.18613284893650073,5.453524913194151,283,-0.11687066816055307,1.0864069890376407,-1.8096983643947353,-0.10757540161268593,0.07442272831959702,3.599339931193401,-0.07856501876380832,False,2.1021029325339055e-11,3.0048916118186684e-11
US100,06:30,240,recent,fade,489,0.06357353639250023,1.0547122954057904,1.3328976160626718,0.06027571373674081,-0.19039258137889206,5.457248044923206,283,0.09220595801538337,1.0868291418228693,1.4272200144496288,0.08483942366574031,-0.0824775500362071,3.6069984977000327,0.03110982807928613,False,0.0004634235523761488,0.0005602948515456114
US100,07:00,60,none,follow,903,-0.008768130132387501,1.1614404248512777,-0.22685790860160568,-0.007549358490350685,-0.056101614015379636,11.94221709585592,510,0.0036071607932462476,1.0646088247932075,0.07651745699950248,0.0033882499461216774,0.667927082172514,11.163451103015953,-0.0722653217312893,False,2.427761874395806e-11,3.962501260385215e-11
US100,07:00,60,none,fade,903,-0.11794892933913304,1.15983830328871,-3.055909095454168,-0.10169428704388363,0.04383172704928572,11.99504555896914,510,-0.0864279718127786,1.0661980110802292,-1.8306340736047955,-0.08106183927806547,-0.6283280153926524,10.926080807273914,-0.08896736280611652,False,1.1117257889643257e-20,2.1769717447533132e-20
US100,07:00,60,day,follow,499,-0.11380701886718177,1.2074851797863537,-2.1054140221462814,-0.09425127593476403,0.11177085261830133,14.22658877424768,297,-0.06795277996232835,1.0408048700290304,-1.1251648010326505,-0.06528868370920765,-0.39746949086230343,7.788399432543719,-0.14169268317879083,False,1.1332376169503566e-11,1.6297031611909272e-11
US100,07:00,60,day,fade,499,-0.004990305001228107,1.2080544319972462,-0.09227644607573862,-0.004130861051498946,-0.11333990220152435,14.059603512803399,297,-0.014922836126336653,1.0407780638964361,-0.24709927110923036,-0.014338153967685436,0.4170833272038592,7.866722956212027,-0.01161246151958319,False,7.555837545011443e-07,9.907720237629922e-07
US100,07:00,60,recent,follow,494,0.04849991485072775,1.2677002110657825,0.8503307567842713,0.03825818945786311,0.5064638213257506,13.159624088891558,272,-0.11888784798930295,1.1954559166973646,-1.640168066477906,-0.09944979679196315,-1.2723234942322292,10.60174658079577,-0.10536140778682537,False,5.3888821408593585e-05,6.732327032871458e-05
US100,07:00,60,recent,fade,494,-0.1745390250764688,1.2707369369790036,-3.0528141524049692,-0.1373526022556726,-0.516941155491509,13.072746892809148,272,0.03899533341208613,1.1959528379498174,0.5377532406372536,0.03260607958331747,1.3041508927264363,10.793609450738252,-0.05313604992755892,False,3.1551561532726724e-15,4.853772739191929e-15
US100,07:00,120,none,follow,900,-0.010951849862420305,1.0772550568495176,-0.3049932267976397,-0.010166440893254657,-0.4073508551119047,5.421163179386539,508,0.009523109484826734,1.0231537159641872,0.20978273714747825,0.009307603868547221,0.008866416101079008,6.318259632391576,-0.060390859059154624,False,1.4130289982904561e-11,2.319835224751632e-11
US100,07:00,120,none,fade,900,-0.06609535666795414,1.0772155713150589,-1.840727847647021,-0.061357594921567365,0.4003999206319983,5.404508470883141,508,-0.059005413311496835,1.024037759848792,-1.2986967151016917,-0.057620349195140516,-0.02193465757811583,6.290657214932503,-0.0374753921997771,False,3.7557010327230063e-16,6.758813882424191e-16
US100,07:00,120,day,follow,497,-0.15288288401098363,1.068704879913593,-3.189181738571358,-0.14305435193984006,-0.25703905814715755,6.016767071244023,297,-0.10639487073338148,1.0484339728119882,-1.7488712194978486,-0.10147980081952274,-0.573876876361322,6.957105691234903,-0.11944617721298738,False,1.0334876046292817e-15,1.6029330477261643e-15
US100,07:00,120,day,fade,497,0.08088753010619312,1.0705129636915318,1.6844876760213572,0.07555959885554535,0.24007471550649054,6.044622856828598,297,0.05716937360801249,1.0466868636470288,0.941293120877407,0.054619366683187454,0.5512748318096088,6.917447090011364,0.02573161616365932,False,0.0011790320525119657,0.0014116501646872946
US100,07:00,120,recent,follow,493,0.0012155136056735583,1.0555199938107567,0.025569181141015786,0.0011515780021230813,0.03479678498107507,4.946562854527992,262,-0.10439429883823564,1.0495371479847722,-1.6100138516782754,-0.09946698793719144,-0.23574843443117088,7.0371640194865686,-0.0960068846472348,False,1.5610056970335588e-06,2.0278383927908923e-06
US100,07:00,120,recent,fade,493,-0.07723134472500262,1.0564428582505885,-1.6231963026397538,-0.07310508478697418,-0.05587263655170036,4.928649308171088,262,0.05479672952748988,1.0503541051848455,0.8444414590102243,0.05216976756409833,0.22743026709817224,6.99583967361962,0.0023872945076596815,False,1.4320945476680335e-10,2.0277987170199417e-10
US100,07:00,240,none,follow,894,-0.03386227270725429,1.0724788937575493,-0.9440524165434487,-0.031573836002137104,-0.39219537361697104,4.927410729608212,508,0.06295996972104857,1.066902044318295,1.3300617964490844,0.059011949650239266,-0.6846514291735905,6.375323584153561,-0.06822745062857848,False,1.425887889416004e-13,2.4527640620928704e-13
US100,07:00,240,none,fade,894,0.003265555335709765,1.072212936447797,0.09106358927190684,0.003045622025908802,0.3868202500758866,4.908768060027088,508,-0.08662443517230325,1.0669012725011753,-1.8299871445543152,-0.08119255024340392,0.6755917450885746,6.322087846302516,0.021264833342576034,False,2.3535691068373404e-10,3.7392084983328495e-10
US100,07:00,240,day,follow,493,-0.12117680777705161,1.0792170281011086,-2.493068308169829,-0.11228214957862852,0.021083798339365356,5.261385255295378,297,-0.04608039949310917,1.0529390909654694,-0.7542081320856173,-0.043763594578729866,-0.09052673789302496,3.783292096425377,-0.095115576009004,False,5.296484554854969e-13,7.809392013154012e-13
US100,07:00,240,day,fade,493,0.0923137987405947,1.0791733732026716,1.8993231470313785,0.08554121240652397,-0.030161708563619688,5.297653374830264,297,0.02263095902385803,1.0516809652811774,0.37084904877696284,0.021518844374831314,0.08629977134316295,3.7812959329814833,0.050317271127791385,False,0.0027497045539313088,0.0032405794731840496
US100,07:00,240,recent,follow,471,-0.08508392321724552,1.1118881649538377,-1.6607216714056805,-0.07652201534205372,-0.13662910534079048,5.0843702016176415,283,-0.053715534277489624,1.1638891602150012,-0.7763927907919888,-0.04615176093535139,0.875517374980389,6.347968145186275,-0.009110214916881302,False,1.98711050898602e-10,2.7870383667114736e-10
US100,07:00,240,recent,fade,471,0.05506284113951587,1.1109059693995675,1.0757014884171037,0.04956570822036066,0.13016674716255217,5.067715547955184,283,0.030893578959841832,1.1651472985408682,0.4460469854163229,0.02651474109628056,-0.8851164636016584,6.408265177582549,-0.03589214182254333,False,0.00022032480647394753,0.00026862398221851383
US100,07:30,60,none,follow,901,-0.03335800883732296,1.0702997530741662,-0.9355286448569061,-0.03116697798117816,0.20244089913097602,5.243305017717006,508,-0.0243542240930495,1.0167278512149678,-0.5398852141947433,-0.02395353295766092,-0.25456008066703667,7.164548634364587,-0.08035218846934815,False,2.0977445154551714e-13,3.5844120932824736e-13
US100,07:30,60,none,fade,901,-0.08746482924491995,1.0695435035504335,-2.454694185960171,-0.0817777200783078,-0.21539592985199446,5.199810810531181,508,-0.05593725578837958,1.0183692739070382,-1.2380201844144463,-0.054928263471434834,0.24879427950386204,7.175857462830595,-0.07694121551788918,False,4.74632844255878e-19,9.146345131805357e-19
US100,07:30,60,day,follow,510,-0.09815666225770867,1.0742021033713796,-2.063568414088064,-0.09137634524233784,-0.042507024699823044,5.881379862824206,298,-0.014958520651877295,0.9682245185002049,-0.2666985787101667,-0.01544943385140492,0.6369458485029241,6.489222107600079,-0.1369289440788683,False,4.9311943403248454e-12,7.209715643813381e-12
US100,07:30,60,day,fade,510,-0.01622678362962806,1.0805110954708315,-0.33914725195363304,-0.01501769273600773,-0.0010035192869737154,5.93782512072491,298,-0.06405800664528173,0.9656534494980352,-1.1451444062377842,-0.06633643433737049,-0.6538605432281296,6.411366972667817,-0.01469896578079897,False,1.640680208564384e-07,2.191879659831508e-07
US100,07:30,60,recent,follow,486,-0.07217003903743999,1.127154152161895,-1.4115353522627279,-0.06402854383228504,0.10371294595461156,4.890317026377258,279,0.006660683984563314,1.0516702403317042,0.10578920320963173,0.00633343393121259,0.25421568727983146,6.301690081153039,-0.20929508993380044,False,8.061223195939471e-10,1.1206834799812204e-09
US100,07:30,60,recent,fade,486,-0.04657102439903955,1.1285839024391195,-0.9097039369144782,-0.04126500856373129,-0.12862593552229384,4.90696866382805,279,-0.0858952054417273,1.0573743320438043,-1.3568825608013726,-0.08123443404919808,-0.2450457036870331,6.401145652212474,0.05569134703193799,False,1.2480591715360224e-08,1.697755644130381e-08
US100,07:30,120,none,follow,900,-0.061156419851673915,1.0057284928239791,-1.824242435847268,-0.060808081194908936,-0.17287247995061963,6.162304784941938,508,-0.04463108562400854,1.0264401736772755,-0.9800216401368986,-0.04348142908720666,-0.4916029884075409,8.07210018787381,-0.08287590315020124,False,1.3743196425529296e-16,2.520360753278277e-16
US100,07:30,120,none,fade,900,-0.012226050517367932,1.006171776554864,-0.3645317072765639,-0.012151056909218798,0.1650760581321578,6.147453793592012,508,-0.003151633027135316,1.026104941593515,-0.06922703322180358,-0.0030714529278466486,0.4737148063564764,8.070379583381506,-0.01243706682233678,False,1.0849679706401256e-11,1.783453954403119e-11
US100,07:30,120,day,follow,510,-0.09727350908716834,1.0355340264332822,-2.1213645019298557,-0.09393559902827153,-0.3314026835318166,7.181709329960053,298,0.009919595711107386,1.010188818372579,0.1695116483903381,0.009819546138995997,0.12121774938494656,8.329086206029752,-0.12435349045875094,False,1.8431410097894317e-12,2.72784807363228e-12
US100,07:30,120,day,fade,510,0.0280171789923097,1.0391056409830977,0.6089053505140919,0.026962782115014457,0.31689796055664843,7.195859952902945,298,-0.05697781572688706,1.0078637912061759,-0.9759152072382022,-0.05653325005226948,-0.15390090951921626,8.27710630329344,0.03210241638348074,False,1.4860593043700922e-05,1.8915326182992164e-05
US100,07:30,120,recent,follow,499,-0.005205019968403841,0.9863356668551979,-0.11788211924827664,-0.005277128409032764,0.1927310155369782,4.569788636780002,261,-0.033149822788373966,1.169672746646406,-0.45786462808814055,-0.028341108984045783,-0.09074337071956279,7.071215368205687,-0.17818113858001447,False,6.764370168388978e-07,8.878441531227684e-07
US100,07:30,120,recent,fade,499,-0.06841157699420199,0.9870360534444327,-1.548270567970111,-0.06931010955017092,-0.20788341276166442,4.542158310289593,261,-0.015030130697722558,1.1705043889679572,-0.20744834015882502,-0.012840729893353702,0.07378407212402503,7.06966512799,0.08612817921299515,False,1.5336355507196639e-10,2.1792440070108537e-10
US100,07:30,240,none,follow,894,-0.028773043228223855,1.072342831797076,-0.8022706502574429,-0.02683194438853553,-0.3966342507781312,4.848413153557085,508,0.07820684683563738,1.0460252027789652,1.685134165676,0.07476573855760453,-0.516441006104688,4.920509084051072,-0.07745626786686773,False,4.2315326785500157e-13,7.19904924743748e-13
US100,07:30,240,none,fade,894,-0.00024113876680587437,1.0722660150084153,-0.006724085909892238,-0.00022488707413148952,0.3928050659857134,4.837071215432028,508,-0.10079010095357822,1.0459760034087655,-2.171840938615868,-0.09635985971485966,0.5093267350711819,4.890894833489233,0.03216381190485307,False,1.2878160786393134e-10,2.0591335120334053e-10
US100,07:30,240,day,follow,506,-0.06668172944462307,1.0777683577122947,-1.3917354336594787,-0.06187018663840143,-0.041095472532470256,4.918225859651811,298,0.0035232502340869333,1.0555136058411156,0.057621928025148934,0.00333794866744454,0.138494174308921,3.2355978648277857,-0.032500514533040196,False,4.224147274654741e-10,5.954111964711142e-10
US100,07:30,240,day,fade,506,0.039013639572090406,1.078137328113215,0.8139873263648619,0.0361861504604111,0.032119832496038406,4.92744983422793,298,-0.025748483263108152,1.0543235905199666,-0.4215856886589375,-0.02442180322495642,-0.1423005526133726,3.2390297382203657,-0.011192284336669175,False,4.139362661529251e-05,5.193647622094581e-05
US100,07:30,240,recent,follow,506,-0.05089766740638192,1.108620906515805,-1.0327378007916788,-0.045910795211632875,-0.10472617735872537,4.934481593413849,260,0.03001477885873723,1.1565827405172955,0.4184514863313457,0.02595125952278413,0.8031681456071594,4.794195067027834,0.030523690745557098,False,3.535100023255251e-09,4.894418245516166e-09
US100,07:30,240,recent,fade,506,0.021721599378611563,1.1080694000074318,0.44096091414624716,0.019603103721180168,0.10108256067834459,4.919154843277499,260,-0.05192136253895288,1.1573040099707814,-0.7234113142707583,-0.04486406518220199,-0.8103606675646329,4.829611953050607,-0.0737145350272101,False,8.069211476719772e-06,1.0328077288147385e-05
US100,08:00,60,none,follow,902,-0.06534974833800793,1.0573415497993373,-1.8562304362479372,-0.06180571296986298,-0.7029397149740598,6.723822832211218,508,-0.01654133597389378,1.03790078408179,-0.3592084950220147,-0.015937299814767523,0.07802448528529077,9.284065477766624,-0.09650548754890144,False,3.145134543349618e-17,5.905956741316369e-17
US100,08:00,60,none,fade,902,-0.03263452114043958,1.058370607697623,-0.9260677127497612,-0.030834682013168004,0.6971458406772134,6.755158967580964,508,-0.046155371217478564,1.0379870158580946,-1.002217965256925,-0.04446623176622525,-0.1097262059147929,9.30196644147481,-0.03415390863062393,False,3.287064749603269e-13,5.571214821826393e-13
US100,08:00,60,day,follow,509,-0.11120173738008982,1.0246142637138322,-2.4485561424761157,-0.10853034289902068,-0.24889688970035917,8.557905087054042,302,-0.15308500380428036,1.0809225273962992,-2.4611696604839945,-0.1416243994590694,-1.375223206453635,10.026516013004676,-0.08011757022888737,False,2.467866551852311e-13,3.6971920435574646e-13
US100,08:00,60,day,fade,509,0.016708648408616165,1.0281885006118001,0.36662955298088695,0.016250569227990844,0.23940090140742326,8.583971881985308,302,0.09192765259877905,1.0782902306802686,1.4815420124198206,0.08525316281571428,1.3448379833185145,9.936768385253371,-0.04728719131516777,False,5.291639211065561e-06,6.812529655574778e-06
US100,08:00,60,recent,follow,504,-0.013725088946592598,1.0965817175886186,-0.2809890751456784,-0.012516248197876258,0.08637700786207998,4.857784368649809,278,-0.010999974588957575,1.181667522094202,-0.15520967183229042,-0.009308857511343756,-0.04103802217706208,8.407154628923731,-0.09098350555183457,False,2.6131189412939645e-07,3.4682724429539363e-07
US100,08:00,60,recent,fade,504,-0.0846783181157819,1.09804533391405,-1.73127963677851,-0.0771173243038526,-0.10778019903690066,4.8505565651261495,278,-0.04934650714024429,1.1820996806643747,-0.6960248023699214,-0.0417447935630184,9.841988820328457e-05,8.422351731516775,-0.03688421104228203,False,4.642969965689319e-11,6.665233798552711e-11
US100,08:00,120,none,follow,896,-0.05611778689034396,1.0336440932979394,-1.6251128078541688,-0.05429120840936153,-0.1948175279994424,4.1969607492796195,508,0.06053293633846084,1.0619049369545606,1.2848071874498626,0.05700410105641224,-0.3011776862886906,6.876467920138504,-0.06005252263951362,False,7.311639239395343e-16,1.3204996323345216e-15
US100,08:00,120,none,fade,896,0.013453777198630843,1.0332028719865634,0.3897737894474035,0.013021428379078109,0.18538187475183482,4.182235790458149,508,-0.09274040731281308,1.0616303797052162,-1.9689174918859578,-0.08735658764641266,0.27989269771800174,6.806407648776533,-0.00766042439546806,False,1.4231506881517904e-09,2.2166892994289463e-09
US100,08:00,120,day,follow,505,-0.09046780640806283,1.0470800149224442,-1.9416005151814884,-0.08640008893185079,-0.23828505095995095,4.868440900944218,302,-0.07895132967632829,1.026847989001367,-1.3361547602065957,-0.07688706655900475,-0.665097908309339,5.432437961770221,-0.03215777556304442,False,8.499695623194925e-12,1.2397461786642947e-11
US100,08:00,120,day,fade,505,0.04895690731413846,1.0480157440988354,1.0497644393033039,0.04671390443302489,0.22674586547439274,4.869040625234054,302,0.04784837600212723,1.0247149183654158,0.811460930643955,0.04669432946136184,0.6488466971397059,5.395516357645957,-0.033364462391644034,False,0.0001028320386161716,0.00012761690113545954
US100,08:00,120,recent,follow,507,-0.0018347967202864313,1.0495895262094248,-0.039361573074630354,-0.0017481088315665356,0.12542042167246573,4.155833061908994,274,0.05284222832287698,1.10050118650726,0.794814697801304,0.04801651190453158,0.6330793584777243,6.63363397440021,-0.11835528445046407,False,8.211104577622044e-07,1.0779757891377556e-06
US100,08:00,120,recent,fade,507,-0.04076711786931351,1.0487748376380013,-0.875249214243868,-0.03887118226551582,-0.13871877302393792,4.141807752314733,274,-0.08353995067824364,1.1011633200542656,-1.255792136861149,-0.07586517745081335,-0.6531450331978673,6.679851601924114,0.053947985594769425,False,8.474461962955129e-09,1.1646540967333173e-08
US100,08:00,240,none,follow,896,-0.02935168294318904,1.067995172445965,-0.8226549642325204,-0.027482973425775558,-0.4592065267492703,4.631529271266106,508,0.06235144305957697,1.0373936014629674,1.3546740150762566,0.060103940270738954,-0.5149505007730367,4.574765822739928,-0.05717885020476857,False,3.2818832469965143e-13,5.603742542006214e-13
US100,08:00,240,none,fade,896,0.0012887800146946119,1.0679878769892517,0.03612155804991224,0.0012067365580289095,0.4555685568924104,4.6209865206472545,508,-0.08414017482806298,1.037264178252419,-1.8282933783148814,-0.08111740151850438,0.5079429991080171,4.5553088647696525,0.012653392358226276,False,1.6013761771185252e-10,2.556049317393621e-10
US100,08:00,240,day,follow,505,-0.012161785097667084,1.0670972094109765,-0.2561173678743716,-0.011397073284804323,0.02115311662080556,4.0395994986957495,302,-0.05503012539863238,1.050668721422249,-0.9102028069811753,-0.05237628595637668,-0.20416951339396341,3.59304144622719,0.017389910826174946,False,2.867712281588968e-07,3.80411933764464e-07
US100,08:00,240,day,fade,505,-0.015178895387501773,1.0674297156521086,-0.31955569968040165,-0.014220041998951435,-0.025938801975630192,4.039445667925587,302,0.03394197095581663,1.0495673514554282,0.5619921071362939,0.03233901179257293,0.202016084315651,3.593842879492443,-0.06045218127810021,False,2.045333784262462e-07,2.72274627815724e-07
US100,08:00,240,recent,follow,512,0.021641520613059774,1.1055631153662857,0.442934197582755,0.019575110920636758,-0.1320809534951824,5.20481720208481,269,0.02828326071849439,1.0344430962990192,0.4484344938276468,0.027341533642290118,0.5066273500069239,4.437717113694575,-0.02304489763171641,False,7.49695228032305e-06,9.61237021717329e-06
US100,08:00,240,recent,fade,512,-0.04936778631066316,1.105371172511936,-1.0105795364461292,-0.04466172769683848,0.12796874315584772,5.194808058544276,269,-0.04946693988437931,1.0352371612287874,-0.7837026797168963,-0.04778319571301316,-0.514091023390171,4.46866815935081,-0.017928531889198948,False,4.0859254325159615e-09,5.650858939614759e-09
US100,08:30,60,none,follow,903,-0.09786026498438515,0.9987262799855331,-2.9444472935007338,-0.09798507052983794,-0.439566283268859,9.816686889855378,510,-0.07622234128622603,1.1057180237547903,-1.5567647306015262,-0.0689347009352264,-0.7935155225621356,11.175128089482879,-0.10219000680849322,False,2.8887979537488026e-21,5.823093519300193e-21
US100,08:30,60,none,fade,903,0.0043506783155213,0.9999350855235066,0.1307461897251139,0.00435096075586101,0.43356025720808955,9.887913454672264,510,0.015160384770511624,1.103754827329075,0.31018635961224844,0.013735282868205013,0.7626625318821516,11.167573325276011,-0.023787476445541713,False,2.442500647633201e-10,3.888474713319614e-10
US100,08:30,60,day,follow,510,-0.07007849514739443,1.0153938613676983,-1.5586023324655904,-0.06901607131345197,-0.9123433210386079,12.707322615792073,294,-0.022921503108143684,1.1096805299791972,-0.3541757259410172,-0.02065594780560256,-0.44918805980193605,12.465512265742168,-0.07529852727247896,False,4.3939777248652605e-11,6.379716363358232e-11
US100,08:30,60,day,fade,510,-0.018770981640452905,1.0155958359396706,-0.4173987666175279,-0.018482728046127946,0.9166029350756842,12.812453286018506,294,-0.03713523674371203,1.1075489895993653,-0.574906100295537,-0.03352920466041416,0.39765592868248956,12.291443966370279,-0.0461210672150635,False,1.3777117323567576e-07,1.8391383662599772e-07
US100,08:30,60,recent,follow,515,-0.07847819755144683,1.0510711284830088,-1.6944178877660792,-0.0746649731162466,-0.7487049209289581,11.683820788949483,272,-0.018900949528222147,1.1847800929581505,-0.26310574187569813,-0.015953128889117634,0.27448882011505554,10.506641886359786,-0.09827021410417083,False,1.775160448798423e-11,2.5974204804626773e-11
US100,08:30,60,recent,fade,515,-0.01423229149279296,1.0514672992011964,-0.3071727415813567,-0.013535648235190276,0.7446439178900122,11.780000412532326,272,-0.03949225521854348,1.1845990494319005,-0.549825663756843,-0.033338077755070646,-0.30583457496665434,10.453709027983543,-0.026139555629982856,False,1.9695350707871378e-07,2.626183883286646e-07
US100,08:30,120,none,follow,897,-0.053199430686310965,1.0284592986212118,-1.5492307093202518,-0.051727307787125816,-0.31703965647876514,4.260429635266238,510,0.0691429774298803,1.0582006196329572,1.475588132451158,0.06534014075125276,-0.3161255771174368,5.866245983001568,-0.07958314756476181,False,1.0826029036317994e-15,1.952462558808353e-15
US100,08:30,120,none,fade,897,0.01693715543849518,1.0282350353337466,0.49333769134293637,0.016472066070961765,0.31171119036696177,4.24925419810752,510,-0.09746708422420772,1.0575733587344112,-2.08128982081427,-0.09216106232180975,0.30452208530257335,5.81704267061909,0.019575183523647316,False,2.4896271658173945e-09,3.85554062960365e-09
US100,08:30,120,day,follow,507,-0.05670766618923341,1.0478998266245327,-1.2185012677712865,-0.054115541150434814,-0.20941190498990964,4.035947512125947,294,-0.07700556004304268,0.9902503932223377,-1.333370140800835,-0.07776372579107159,-0.20891909566756434,3.49111041451211,-0.004217606745659519,False,9.92702387320928e-10,1.391895469399208e-09
US100,08:30,120,day,fade,507,0.021966135029279597,1.0476444928130204,0.4721105377914438,0.020967165083165314,0.20084740264593154,4.033531138484793,294,0.049265486289632905,0.9883299249008947,0.8547015547085384,0.04984720693808095,0.20363663428837742,3.474069950340909,-0.05334712400289178,False,8.893771930708398e-06,1.1376492936153924e-05
US100,08:30,120,recent,follow,515,0.057654885135512056,1.0751584850790736,1.2169345996892191,0.05362454553039384,0.34105417633325674,4.285133120437973,269,-0.016193450134853224,1.1469368580143158,-0.23156665315224645,-0.014118868028087298,0.3326111848184201,5.281549564171875,-0.012342836625787078,False,0.00015618676015793136,0.00019330557028137893
US100,08:30,120,recent,fade,515,-0.09385315259976376,1.0750709967461098,-1.9811407651887303,-0.08729949266962528,-0.3502616518833206,4.295702410321377,269,-0.011599401558657308,1.1472266632400276,-0.16582976733686217,-0.010110819361448569,-0.34810070172598667,5.329553665049989,-0.04524554335363698,False,3.571749376885274e-12,5.276244415593102e-12
US100,08:30,240,none,follow,897,-0.022496538138887114,1.0845925196692066,-0.6212198278334861,-0.020741926328007875,-0.39836123839296267,4.1521286747742785,510,0.05828298512533201,1.03648202532177,1.2698870674668874,0.05623154449517674,-0.5134341827377936,4.495976635812999,-0.04297146534547725,False,1.5282314511084241e-12,2.5676826708097508e-12
US100,08:30,240,none,fade,897,-0.004875147078517345,1.0846006867119258,-0.13462138953078895,-0.004494877366615759,0.3962739081946779,4.1438533039358765,510,-0.07968370723460894,1.0361760253334875,-1.7366851057971042,-0.07690170905948454,0.5079397477629184,4.475937454823138,-0.0010286932843439683,False,5.4006311053443034e-11,8.720918563428419e-11
US100,08:30,240,day,follow,507,-0.0019998366469085368,1.115877817909418,-0.0403535603163538,-0.001792164531646667,-0.09933669648155859,3.953531020224502,294,-0.02738081036513083,1.064998711493839,-0.44082973425463245,-0.025709712199298962,0.11219341491269548,3.732480419696305,0.015102634778823468,False,8.131902262969858e-07,1.0677451732765745e-06
US100,08:30,240,day,fade,507,-0.024218388562491734,1.116127473443661,-0.48857970622060376,-0.021698586531311837,0.09719413291384517,3.9541611085971353,294,0.006351175684745196,1.0640206991147783,0.10234761217651249,0.0059690339577313815,-0.11617777177534748,3.7396236953089375,-0.05724991045050754,False,8.205568749246999e-08,1.1025061099498065e-07
US100,08:30,240,recent,follow,530,0.002413984063547175,1.084800957665695,0.05122975436755003,0.0022252783300833853,0.15423579016895533,3.5979565177006396,248,0.022833127660620695,1.0828611478927697,0.33206146021197497,0.021085923809394762,0.24574226816259032,4.297421018633691,-0.04398407493636873,False,7.516417354684785e-07,9.938260507165132e-07
US100,08:30,240,recent,fade,530,-0.029954540057205225,1.085306452319162,-0.6354014555449993,-0.027600075530000007,-0.1555478882295522,3.6020676654526054,248,-0.04432728870791919,1.083911241209924,-0.6440258335731243,-0.04089568132759516,-0.2509951956196073,4.318499236228872,0.0031066754468036307,False,1.8309227250950774e-08,2.5155307731648132e-08
US100,09:00,60,none,follow,898,-0.04628447918974615,1.0588962499796588,-1.3098457017600842,-0.04371011720046725,-0.06757746982443917,4.367402169483049,516,0.067446958196516,1.0960595202246242,1.397825890778415,0.061535853621063896,-0.2614222156706036,7.169317727725044,-0.055218863854312426,False,1.0501800293898617e-14,1.848797935001046e-14
US100,09:00,60,none,fade,898,-0.0014858017561540748,1.0584162507196113,-0.042067096365615356,-0.0014037971876791257,0.058695744450377375,4.359200299337245,516,-0.10572817876623221,1.0955319602715934,-2.192252379868385,-0.09650852973748127,0.23790260961435716,7.082992046073433,-0.026018081995961586,False,9.338337861603509e-11,1.4999932628190836e-10
US100,09:00,60,day,follow,513,-0.0773408009833768,1.129694432374547,-1.550623493704516,-0.06846169970122919,-0.24617668505110965,4.636591595778165,288,-0.0643315414435906,0.9677336016444353,-1.1281435912936708,-0.0664764986296583,-0.2588735897761846,4.100400345852511,-0.03685787585046373,False,9.342841873557987e-11,1.3402234136129742e-10
US100,09:00,60,day,fade,513,0.03127625805550428,1.1305762952621699,0.626575767765688,0.027663995951950873,0.23236674301042495,4.644594446282524,288,0.026289256196336003,0.9655368844556365,0.4620677667246699,0.027227604268228157,0.24409956209019193,4.0736122239560615,-0.04025965494646311,False,1.5336475177179956e-05,1.9523425196473322e-05
US100,09:00,60,recent,follow,494,-0.05240029991981509,1.0954252989964264,-1.0631988064478857,-0.04783557579674452,-0.16025038659243485,4.199621773284876,240,-0.11378480115164437,1.1329927931727675,-1.555832102613002,-0.10042853038191708,0.6281244532967243,6.517954293951893,-0.052236666822518873,False,3.920834352697665e-09,5.4052104925432624e-09
US100,09:00,60,recent,fade,494,0.004996274245792046,1.0960682409544829,0.10131462684479405,0.004558360564704592,0.15467905199949855,4.195654605371215,240,0.07398122919462817,1.134576421960365,1.010167541143415,0.06520603439546237,-0.6501408106136743,6.617861267336892,-0.027496051567310942,False,2.182404477643928e-06,2.8258117272372145e-06
US100,09:00,120,none,follow,898,-0.04330242573304854,1.0748948735695674,-1.2072143861865419,-0.04028526584115855,-0.3814501773786366,4.160145163203549,516,0.05438468595614048,1.12460410876085,1.0985044232155832,0.04835896075114334,-0.6300014808856997,6.6221379910159754,-0.06740716276983744,False,1.5963888600452695e-14,2.8095571652799332e-14
US100,09:00,120,none,fade,898,0.009745575307728311,1.0747764378676579,0.27172369597772134,0.009067537177371885,0.3769576917180897,4.147804843224422,516,-0.08160868995056082,1.1242995378003264,-1.6488426966955645,-0.07258625233469977,0.6234118777605077,6.570657678657472,0.01073337741921536,False,6.448240231903861e-10,1.0143698675763498e-09
US100,09:00,120,day,follow,513,-0.07648760672851841,1.1247704176907523,-1.5402310322207975,-0.06800286131773794,0.0018786595285989072,3.7810515044861273,288,-0.10204827926498337,1.0882343911475154,-1.5914004746848356,-0.09377417226942816,0.03615744593476949,3.513493477728102,-0.06413951314855466,False,1.3897342428935765e-10,1.9813166794715373e-10
US100,09:00,120,day,fade,513,0.044155843167231444,1.1249080149990245,0.8890575073269462,0.03925284785820442,-0.008039151262286322,3.7952555779518904,288,0.07488380286654117,1.0877083090135022,1.168346573121061,0.06884548205249723,-0.03307947409607849,3.51715488436779,0.010258253625606529,False,4.9809844098793504e-05,6.243814476247908e-05
US100,09:00,120,recent,follow,514,0.016999020370951457,1.13241762591381,0.34032890261662724,0.015011264379812187,0.2585930870880216,4.293361073000215,266,-0.07189091308154492,1.1877463868248819,-0.9871680707175015,-0.06052715788403769,0.7333596035528739,7.452752825111403,-0.08525773914204919,False,4.188270370212979e-06,5.413385393852658e-06
US100,09:00,120,recent,fade,514,-0.05029229513932782,1.1331552760254657,-1.0062214933425249,-0.0443825274464835,-0.26150032823734287,4.306114591639743,266,0.04489703298694523,1.1893550790006377,0.6156684922195432,0.03774905726611956,-0.7427891367163455,7.5158097564023265,0.030574298010238025,False,2.917119377597828e-09,4.0610421435656186e-09
US100,09:00,240,none,follow,898,-0.015960178876591503,1.1044122481405876,-0.4330566464222932,-0.014451287463954158,-0.4293330883312096,4.18420908016551,515,0.06717599129469892,1.0488693070919473,1.4534373672203507,0.06404610263689417,-0.5859930576055834,4.703193730119232,-0.037248934284867204,False,5.8691689744717134e-12,9.724227245370022e-12
US100,09:00,240,none,fade,898,-0.011216621514255721,1.1045264693202688,-0.3043155229266592,-0.01015514052927902,0.42810498871876534,4.180335098221181,515,-0.0887696238145996,1.0486691763125842,-1.9210094047352815,-0.08464978834100814,0.5816774937799869,4.68491600709903,-0.0070399503058010595,False,1.801208269775326e-11,2.941839166920716e-11
US100,09:00,240,day,follow,513,-0.04818979962416543,1.1578602847601553,-0.9426655705010715,-0.04161970166732828,-0.2120419872610013,3.7970543380846093,288,-0.00812617845741181,1.081036557734516,-0.12756813858897967,-0.007517024654967736,0.004018324111195236,3.833306586352672,-0.0654612135909794,False,4.566858320324795e-09,6.3273820619122135e-09
US100,09:00,240,day,fade,513,0.022033825364297592,1.1580945603873365,0.43092785122955246,0.019025929417135122,0.21014403476987156,3.791389819353409,288,-0.013442091744465154,1.0802676059185894,-0.21116976957413633,-0.01244329800395604,-0.004990018248874749,3.8359301440011846,0.023356224236734238,False,6.500730235662207e-06,8.357876813509766e-06
US100,09:00,240,recent,follow,516,-0.03902845841235869,1.1170378984170792,-0.7936670314077641,-0.03493924285618666,0.08243248170290729,3.8682397002508595,267,0.008457444767270162,1.0974945629294568,0.12591933560461724,0.007706138192334514,0.3889716839567263,4.912162937174965,-0.1600196740420117,False,1.2106578718991326e-08,1.6608519311494698e-08
US100,09:00,240,recent,fade,516,0.011836470508023085,1.1172488157543663,0.24065626279476648,0.010594301234529483,-0.08295079846024975,3.869328774711171,267,-0.03034419761720939,1.0984044402611985,-0.4514077478060318,-0.027625705527914286,-0.3945265384601791,4.937272721497036,0.11802607841952845,False,2.634287554034007e-06,3.4223838931133177e-06
US100,09:30,60,none,follow,898,-0.028969473537947134,1.0618745543395969,-0.8175334990409889,-0.027281446211849275,-0.2970972535543338,4.3399648933139385,516,0.10038909031805404,1.13119192081419,2.0159282694457623,0.0887462935960484,-0.1232325417145823,5.7657839750268245,-0.06992185003147354,False,3.640739968439342e-13,6.206395398865272e-13
US100,09:30,60,none,fade,898,-0.010616479392230703,1.061701481615087,-0.29965136887284943,-0.009999495692593974,0.2932688138100296,4.335095300715245,516,-0.13320806042282318,1.130977720480788,-2.675477517776224,-0.11778133026899533,0.1128218815806976,5.722407787153753,0.00021040586093859238,False,1.8011071413319727e-11,2.942687055297162e-11
US100,09:30,60,day,follow,505,-0.07521530685049402,1.1163399961494278,-1.514103055155567,-0.06737670164101696,-0.20080683977304498,3.948354934385571,282,-0.08557284031714213,1.0833215068635915,-1.3264874219289728,-0.0789911764651389,-0.08540065482925151,2.9931009901693617,-0.010865788390959417,False,1.5912623625441974e-10,2.2651997994679378e-10
US100,09:30,60,day,fade,505,0.036831291430066596,1.1165139041862164,0.7413076812799289,0.03298775885546315,0.19597871854827037,3.9535568406104926,282,0.05310687362449933,1.0818436203967974,0.8243484035869045,0.049089233067733815,0.08383389620159853,3.0008771408666384,-0.056228331561570775,False,2.963288182714113e-05,3.735139901052471e-05
US100,09:30,60,recent,follow,476,-0.08347992367590408,1.1141320011005094,-1.6347406839273548,-0.07492821639935382,0.10036435679396434,4.350112208609416,230,-0.05068922305240647,1.2278555714378516,-0.6260835129200696,-0.04128272431345328,0.7644139610082946,6.610605493702083,-0.0719798114192587,False,2.7943894202889925e-10,3.9045164460616697e-10
US100,09:30,60,recent,fade,476,0.04348725693407245,1.1154042626821856,0.8506153014123113,0.03898788841769324,-0.10578029691300546,4.363015507412092,230,0.017847524503763278,1.2289800660392187,0.22024044007948312,0.014522224564050605,-0.7765278717686144,6.66243061428969,0.001689708910629128,False,8.964328254353155e-05,0.00011058726425755004
US100,09:30,120,none,follow,898,-0.014482443103896205,1.073972420252651,-0.4040981577716205,-0.013484930181437269,-0.4677595355939917,4.264757265448442,516,0.09409075136415544,1.1080088753150368,1.9289836574011037,0.08491877047230592,-0.42641702335948717,4.925034519118852,-0.06405026997039756,False,7.152739439547628e-12,1.182690314266285e-11
US100,09:30,120,none,fade,898,-0.01729186098674255,1.0739349819583386,-0.4825051072600326,-0.01610140397439196,0.4657145091922024,4.257144638069527,516,-0.12008069141365209,1.1079794860326495,-2.461876773838975,-0.1083780818394264,0.42058115593353984,4.902640854323477,0.01009615346140564,False,5.756419562989115e-12,9.506586110156206e-12
US100,09:30,120,day,follow,505,-0.058287681672710076,1.114747996283259,-1.175021385149742,-0.05228776536674671,-0.01011836353283901,3.6912076945745698,282,-0.05560348707891482,1.1670900666565662,-0.8000593590587445,-0.04764284151454181,0.037143973196890306,3.553531155409602,-0.03393970749670465,False,1.66050166469982e-09,2.3122054436310307e-09
US100,09:30,120,day,fade,505,0.02747859575436531,1.1148517584396258,0.5538894599395502,0.024647757467616174,0.007229309835472522,3.6888321016043424,282,0.029834494139009245,1.1663982638670036,0.4295328347136708,0.02557830808157913,-0.038803666906438807,3.5537081040451857,-0.017953893302399552,False,1.388135620125938e-05,1.7646232155956663e-05
US100,09:30,120,recent,follow,484,-0.005099660371461148,1.1166575365979223,-0.10047174222632119,-0.00456689737392369,0.3362991089595402,4.420357998774071,250,-0.08698857877581989,1.1573045834529638,-1.1884599926660213,-0.07516480969623271,0.34782855685969233,5.362219383699332,-0.10462865391676118,False,1.0597288244758978e-06,1.3786959445277832e-06
US100,09:30,120,recent,fade,484,-0.026936950760039168,1.1174612897169185,-0.5303207566778315,-0.024105488939901432,-0.33730395427738186,4.416507953856432,250,0.06054880390323855,1.1583059580131194,0.8265179359932057,0.05227358409439586,-0.35577963871847784,5.399692659857167,0.05132280411024564,False,1.0255743599060643e-07,1.36773028772109e-07
US100,09:30,240,none,follow,868,-0.009493207622203716,1.0973977003555107,-0.25486417672815753,-0.008650653832360243,-0.5990130117926024,4.550842025826675,498,0.0915845654933084,1.061422523326482,1.9255227829930786,0.08628473909361163,-0.42261967654528987,3.8120025549540855,-0.04372053849494021,False,4.16089937425192e-11,6.696366035620841e-11
US100,09:30,240,none,fade,868,-0.017081161224313662,1.0973748472643379,-0.4585875424131433,-0.015565475431567931,0.5973618975926841,4.541297740997091,498,-0.11275871240624277,1.06160973043104,-2.3702812927136856,-0.10621484447063229,0.4171282453602515,3.803736472613656,-0.00010497357135380776,False,1.4646331941336278e-11,2.374719994838245e-11
US100,09:30,240,day,follow,488,-0.032368853483551945,1.1654173473666785,-0.613558178529123,-0.027774473716811462,-0.1717795990334826,4.312096803810629,275,-0.0353395937877855,1.1279056265605762,-0.5195832438351801,-0.031332048493764225,-0.033254813146888634,3.2671185400850518,-0.012101410231765608,False,6.180948401600264e-08,8.289052245771041e-08
US100,09:30,240,day,fade,488,0.006517911433334489,1.1655036858441636,0.12353918007061174,0.005592355916586935,0.1693520778693614,4.3024632807435506,275,0.01424262320311048,1.1269786954068364,0.20957555536608727,0.012637881497812102,0.03050057567591807,3.2713466718915463,-0.030057664240173494,False,2.77459281695293e-06,3.577721857679774e-06
US100,09:30,240,recent,follow,503,-0.04570700460524598,1.1344809574454715,-0.9035861028538053,-0.04028891300931587,-0.2472232010623424,4.423097942702541,254,-0.029322743301270316,1.053197747969657,-0.4437225855995658,-0.027841631220536102,0.3096214570447163,3.745333372354063,-0.12128074727860233,False,7.459671856405087e-09,1.0258170093934628e-08
US100,09:30,240,recent,fade,503,0.018886215978412828,1.134523638110763,0.3733493464570729,0.0166468245737591,0.24640260448522763,4.416673430798578,254,0.008183104687958796,1.0532271571540666,0.12382630588583786,0.00776955344568823,-0.3153139163504326,3.757671670558087,0.08068228266085285,False,6.185110194144104e-06,7.937266867366962e-06
US100,10:00,60,none,follow,904,-0.03481719316753305,1.067054992148366,-0.9810500635899886,-0.03262923975214577,-0.2954767264438974,4.594301512969674,516,-0.014511051262343238,1.0749979534967848,-0.30663102139683496,-0.013498678034819755,-0.773986969527832,4.384739723515387,-0.0769441062609926,False,8.940212365355906e-14,1.548351649650231e-13
US100,10:00,60,none,fade,904,-0.012430234623127357,1.0671692731815203,-0.35021135978753165,-0.011647856563625998,0.29104125868066094,4.565168089929396,516,-0.02445557194820781,1.0746837059843297,-0.5169184230286318,-0.022756064702598555,0.7755718722185233,4.378532249477028,-0.003641035460541757,False,1.1197481184675911e-11,1.8414401930918427e-11
US100,10:00,60,day,follow,505,-0.040055930678607285,1.1145684389559012,-0.8076176001282503,-0.03593851151583894,-0.2600132673835218,4.965867577810066,288,-0.08819035370628123,1.1177109391155549,-1.3390223527445575,-0.07890264881550349,0.09094247050913122,3.7854535634118514,-0.0543650140408817,False,1.2430389924086884e-08,1.7022494433210055e-08
US100,10:00,60,day,fade,505,-0.005787132674435214,1.1147792096997604,-0.11665954209089598,-0.005191281487922476,0.24890888918514945,4.972699321775147,288,0.04972293259085888,1.116984627082611,0.7554500994122108,0.04451532401186881,-0.08808655643761626,3.777244589479439,-0.02342666448958038,False,5.921496381651696e-07,7.795363402509145e-07
US100,10:00,60,recent,follow,547,0.0569420035707994,1.0911347243619325,1.220528796505307,0.05218604293259718,-0.02679345437203044,4.474901750380147,302,0.039680844129508265,1.1134023165104576,0.6193444543427508,0.035639268520540716,0.419201291913413,4.169690386965534,-0.02491878173845728,False,0.00010270791191742858,0.00012841054964051734
US100,10:00,60,recent,fade,547,-0.1042279084272039,1.091085952299002,-2.234182890419113,-0.09552676231197707,0.019867997553003475,4.474925620495908,302,-0.08046260919957798,1.111892513485721,-1.25757755319352,-0.07236545639410072,-0.42000055182602253,4.185193036376764,-0.05734330964517338,False,4.810480566687001e-13,7.255036944330362e-13
US100,10:00,120,none,follow,904,-0.0044670559522601615,1.0629924674357902,-0.1263500506849232,-0.004202340175594887,-0.23369167132215335,5.579748563631125,516,0.010273052817420485,1.0138424604895742,0.23017274440656016,0.010132790071210603,-0.9049895561308147,5.266185447347035,-0.048237077980987066,False,4.567842984768731e-11,7.408184437372498e-11
US100,10:00,120,none,fade,904,-0.032857785549931164,1.063143635841004,-0.9292457046378012,-0.03090625240298681,0.23213861596475974,5.548757666425374,516,-0.039959673457766964,1.0137245670302528,-0.8954200400195855,-0.03941866928886852,0.8985413247160496,5.237446778016859,-0.012960964201044589,False,2.0830432155663157e-13,3.5618279454421006e-13
US100,10:00,120,day,follow,505,0.014584121669120412,1.1589132047947985,0.2827971683544247,0.012584308823802496,-0.14728351195418166,6.010725772715555,288,0.016858743504149683,1.0526929958160336,0.271781388908996,0.016014871924820786,-0.09029154912284493,4.6346183793860005,-0.009878598382686881,False,4.139923057200685e-06,5.335702596259999e-06
US100,10:00,120,day,fade,505,-0.050831850361700376,1.1589461065109992,-0.9856401071605382,-0.043860409104552224,0.14320179855946977,6.026995327589759,288,-0.046148343382564225,1.0515998798485877,-0.7447351146757815,-0.04388393748124885,0.08538684094337129,4.6249243664881705,-0.04915199203407254,False,5.823614070617261e-09,8.009514770818e-09
US100,10:00,120,recent,follow,537,0.04833908818075676,1.0776150883810516,1.0394938717242286,0.04485747156099929,0.09192353899238077,4.399779238813862,288,0.042201474449973214,1.0130183055921433,0.7069791002571195,0.04165914299574777,-0.16403966599048364,4.739772451440673,-0.01708159171009418,False,5.684376782221931e-05,7.153452543916315e-05
US100,10:00,120,recent,fade,537,-0.08600455108306233,1.0774614661608382,-1.8497235631550195,-0.07982146349002146,-0.0937289699644998,4.40022992072851,288,-0.07298207076910192,1.0124125515594105,-1.2233617704493294,-0.07208728364409178,0.15974525043403748,4.728148184642356,-0.045292433745881044,False,7.484918144384741e-12,1.1033372502756393e-11
US100,10:00,240,none,follow,873,-0.016912648634836713,1.1183736478532889,-0.44681919618540294,-0.015122538578497834,-0.8159546335139358,6.453244834100781,498,0.02837347443643655,1.0263154105452525,0.6169448472418302,0.027645959658115744,-0.9363102186429278,5.741127605828929,-0.04477305046315971,False,8.577925290222842e-12,1.4078377430633977e-11
US100,10:00,240,none,fade,873,-0.013009834974479271,1.1182468358881017,-0.3437488323051288,-0.011634135288339068,0.8129168607058513,6.421128404423821,498,-0.05191425441221792,1.0265858614311003,-1.1285115642309687,-0.05056981238748744,0.9321209227015207,5.729911539645857,-0.0032765095204422418,False,2.8144866147788205e-11,4.538556771048126e-11
US100,10:00,240,day,follow,494,0.04191418975610614,1.1767705360510956,0.79164917530786,0.03561798028760827,-0.3538005607512299,5.578468877757672,280,-0.006550516273147616,1.0206859346317274,-0.10738964715686047,-0.006417758931410278,-0.12844798179199438,5.13828054446381,0.033764942593298646,False,5.334318576042087e-05,6.643820698727265e-05
US100,10:00,240,day,fade,494,-0.07111659084844427,1.176389239848634,-1.3436413495665518,-0.06045328233161572,0.34789760246530776,5.57001892152845,280,-0.01679224551244854,1.0198297083851606,-0.27552444217884753,-0.016465734793152925,0.12646322766461346,5.14533266808408,-0.08015787636850881,False,1.2576017198757514e-09,1.7423372137299642e-09
US100,10:00,240,recent,follow,508,0.025423135722704188,1.172911802146076,0.48853492417218725,0.021675232252064896,-0.05901389706067101,5.236552559053417,279,0.05612671425812612,1.0066945326689787,0.93126656391178,0.0557534708262707,0.24797417002880157,3.9253371193497886,-0.08091394918722965,False,9.898722562399029e-06,1.2640432142779498e-05
US100,10:00,240,recent,fade,508,-0.05552505716960389,1.1726725205068542,-1.0671958363140408,-0.047349158608751885,0.05640162981552319,5.2267533374896615,279,-0.08001023785983938,1.0055993794174916,-1.3289929174646578,-0.07956472477756152,-0.2506441721457968,3.9196919724581187,0.035688397176944456,False,3.1138058155758357e-09,4.31336688589764e-09
US100,10:30,60,none,follow,904,-0.011205494374995356,1.0638298105644983,-0.31669636690498154,-0.010533164481496719,-0.6492871102294875,4.214639013429078,516,0.003055742958305476,1.0285481914143946,0.06748651870041497,0.0029709283277270762,-1.0736579716050512,6.2382906080541005,-0.05759776169593064,False,1.1132312567508793e-11,1.8355090666953703e-11
US100,10:30,60,none,fade,904,-0.042161169511040236,1.064074798216672,-1.1913097800653403,-0.03962237389862059,0.6468778099371042,4.197452927721954,516,-0.045973547553865554,1.0288837235262982,-1.0150012364658412,-0.04468293792839893,1.0628655400666764,6.1790822668938,-0.028816064399811506,False,4.940948307515973e-14,8.523470485781984e-14
US100,10:30,60,day,follow,490,-0.04004413823561198,1.103547292944685,-0.8032413218801875,-0.03628674411294051,-0.042339565074185445,3.9455133949432235,274,0.012059900946163162,1.0398775622615546,0.19197152493750735,0.011597423950503321,-0.17501045370723858,4.6114109163206995,0.003977545399842373,False,2.1539992225082856e-08,2.9177251099961092e-08
US100,10:30,60,day,fade,490,-0.011919389235129828,1.103322353711859,-0.2391385683613397,-0.010803179320195906,0.041603082816657554,3.9521815816516894,274,-0.05420058075946127,1.038990291601879,-0.863510716985784,-0.052166590195849384,0.16983956891599955,4.58742906869043,-0.08692269963621328,False,4.522743895863626e-07,5.946655294338817e-07
US100,10:30,60,recent,follow,517,-0.005771262490251786,1.0706867061367853,-0.12256139305695393,-0.005390243903443478,0.07519479839993007,4.136254379475703,305,0.02956867597642407,1.086722103534363,0.4751856284007772,0.02720904993121738,-0.15891014301070341,4.261452312255023,-0.09148906955198684,False,4.273387550096558e-07,5.664066101721327e-07
US100,10:30,60,recent,fade,517,-0.047855030433207234,1.07015720326224,-1.016776006196564,-0.04471775762227005,-0.08172722457098766,4.161221579011289,305,-0.07261799811820559,1.0856277072633458,-1.16818943253534,-0.06689033232327986,0.15520092485567524,4.254115803803046,0.004843280531089475,False,2.891853682662511e-09,4.024780076677222e-09
US100,10:30,120,none,follow,904,0.008441121581803336,1.1171050130527662,0.22719060611562306,0.007556247159553854,-0.48886732389819326,4.394716231112465,515,-0.006778069998644573,1.0606403649773732,-0.14502454546627905,-0.006390545016443128,-1.3457775388646929,8.546078719062177,-0.009395953473234027,False,4.897578203901339e-10,7.727890419693045e-10
US100,10:30,120,none,fade,904,-0.05026533626821056,1.1172302275838084,-1.3527269116461518,-0.044991027835791286,0.4869630071321066,4.379217761623685,515,-0.025959240602676223,1.0607820043612262,-0.5553534250996768,-0.024471795803425386,1.3358163756941654,8.483512165862722,-0.05718182155317074,False,1.3308303310869274e-14,2.325996530853041e-14
US100,10:30,120,day,follow,490,-0.04256017395870892,1.1609984116409513,-0.8114650302802413,-0.03665825338947235,-0.19551974329399285,3.788831050942267,274,0.02476441923325952,1.0838896240983666,0.37819725298421686,0.022847731616454762,-0.622988587041971,6.528362695648403,0.02094855545926911,False,1.8821707726952485e-08,2.554908853050651e-08
US100,10:30,120,day,fade,490,0.001897023938142461,1.1614354721839282,0.03615561600145254,0.0016333442395859966,0.19495152134851532,3.802490820846081,274,-0.05682936499889259,1.0825373757004484,-0.868970803807154,-0.052496446103878436,0.6212123332388301,6.524468757597331,-0.08472948523930264,False,1.7557644328760933e-06,2.2762427923095212e-06
US100,10:30,120,recent,follow,522,0.003918762269381648,1.1111137386591872,0.080579701054129,0.003526877702106835,-0.0781121634306888,3.641287647521477,294,0.012222493149819606,1.0601441722135367,0.19768264232822946,0.01152908582641128,-0.34056104931857273,4.9470017285736825,-0.06320823011147796,False,1.0524158000304036e-06,1.383422237072443e-06
US100,10:30,120,recent,fade,522,-0.04564944541008433,1.1104502141337702,-0.93922937082664,-0.04110895277344256,0.07537526712990618,3.6375190290312305,294,-0.04560964985271332,1.0602141625512638,-0.7376269946453026,-0.04301927993770597,0.335740711359193,4.9387507269626765,-0.003955042895758506,False,4.449161834728208e-09,6.171378920098804e-09
US100,10:30,240,none,follow,873,-0.014678875629860989,1.1081323831917969,-0.39138868503871366,-0.013246500014358259,-0.8643555386905982,6.568838067866154,498,0.018242443764380358,1.0339222101971823,0.3937402591455979,0.017643922902963162,-0.6631649380546678,4.943702138854941,-0.026673874756497684,False,1.2801174781641473e-11,2.0918323967605325e-11
US100,10:30,240,none,fade,873,-0.017018396210455627,1.1078888705073047,-0.45386798826127767,-0.015361104045266622,0.8605127229818592,6.538170338962714,498,-0.04305988831949327,1.034558893482232,-0.9288216974477627,-0.0416214954902737,0.6575546827604711,4.941190655208845,-0.02260914939687994,False,1.465893588411368e-11,2.37775095352595e-11
US100,10:30,240,day,follow,479,0.01678025169590837,1.1501928619414776,0.3192975303253667,0.01458907653763735,-0.12818001352286407,4.508644685948715,266,0.01067176509693745,1.0425405461094384,0.16694911494874634,0.010236307006727396,-0.127641303895756,4.552551924611954,0.08453164666103778,False,8.636173263346812e-06,1.0967270258775937e-05
US100,10:30,240,day,fade,479,-0.04773466920227919,1.150224961237798,-0.9082781901925671,-0.04150028977888831,0.12319793095756011,4.504504691699343,266,-0.035079905281834696,1.0420990680497537,-0.5490226009309559,-0.03366273548971243,0.12678125124327272,4.561975817830353,-0.13204599889433655,False,1.7940333453576473e-08,2.423291396354176e-08
US100,10:30,240,recent,follow,507,0.012023448835352729,1.145277418534734,0.23638632095953993,0.010498285079902744,0.06614306549619395,4.215290490819004,284,0.015076090653402041,1.0842290124934704,0.23432945692423976,0.013904895072610718,0.22001388467500788,4.462198600826891,-0.09143989670994995,False,3.0989042994287187e-06,4.010365117825073e-06
US100,10:30,240,recent,fade,507,-0.04335095351113164,1.1454059613917158,-0.852203267133208,-0.03784767582181817,-0.07007529307862394,4.220544840769847,284,-0.04020887597632228,1.0835411762241989,-0.6253680406834136,-0.03710876601518513,-0.2247998567969002,4.46191749760656,0.04373842272196412,False,1.012342558944199e-08,1.3883970534821011e-08
US100,11:00,60,none,follow,904,0.0062093682711531276,1.0875478729509642,0.1716655898363728,0.005709512588447771,-0.41796900744010196,4.498802221326441,516,0.00995501006388623,1.0990069039856272,0.20576245528324205,0.009058187012095806,-1.7707979873229411,13.025234143054877,-0.031726933182846445,False,3.367598283070958e-10,5.337987488302065e-10
US100,11:00,60,none,fade,904,-0.06741079140393398,1.087678820750203,-1.8634295105186236,-0.061976743610249616,0.4103791557654995,4.487815547011743,516,-0.05600950267604366,1.0992559096426036,-1.1574114067561239,-0.050952196103502226,1.7490460551840252,12.904317861248888,-0.0632384464938525,False,2.7960551953666204e-16,5.051200860114952e-16
US100,11:00,60,day,follow,512,-0.044447598371118724,1.1139821836790358,-0.9028280322940513,-0.03989973899252693,0.06044783765843496,4.413063983311929,264,0.12450346056668728,1.0570404860372116,1.9137789110534391,0.11778494978318581,1.1124270752962928,11.752646416805472,-0.038526989114354156,False,7.181183118596437e-09,9.887127796566807e-09
US100,11:00,60,day,fade,512,-0.015307973120023709,1.1139856336486222,-0.31093748493505396,-0.013741625257666663,-0.06895659943438832,4.420678301311665,264,-0.17019507107824824,1.0573718557699445,-2.615298083024195,-0.16096047019741944,-1.139298994235673,11.926023268015093,-0.05339290881715491,False,1.786759690468953e-07,2.3866889112250056e-07
US100,11:00,60,recent,follow,535,-0.032110474856176394,1.1488483801129474,-0.6464886473110009,-0.027950141560907714,0.03619371694872552,4.410495914574607,333,-0.07060563181463837,1.1741442398552586,-1.0973369635141017,-0.06013369517815137,0.1864009394353725,14.074371089326288,-0.11626486724943193,False,1.6443088279878445e-08,2.2628841126449607e-08
US100,11:00,60,recent,fade,535,-0.02934995277142507,1.1484487670936434,-0.5911159416654057,-0.025556170734285708,-0.04647881217426992,4.401874085813497,333,0.026200593774222413,1.1758178919971678,0.4066241664617963,0.02228286706006811,-0.20904261345962868,14.127688279120147,0.020109161265480093,False,2.1706165330484627e-08,2.980273239699793e-08
US100,11:00,120,none,follow,904,0.008649161325877673,1.1429987309528282,0.22751627296714122,0.0075670786779155445,-0.45529633899844524,4.98926682942416,515,0.02038417369071117,1.0853178373187442,0.42622584948948555,0.018781754975178387,-1.1121283808863571,7.235243640749451,-0.008873942590848926,False,4.885120789729175e-10,7.708875831370827e-10
US100,11:00,120,none,fade,904,-0.05519882970590299,1.1433668325425215,-1.451538286908132,-0.04827744529125141,0.4522334857410901,4.967972875304398,515,-0.05600370866999096,1.085464934804865,-1.1708590142067907,-0.05159421264958577,1.1028838727295387,7.199595698779792,-0.0638339014440845,False,6.319309793627998e-15,1.1118744637519277e-14
US100,11:00,120,day,follow,512,-0.020651521164266873,1.2088210551813319,-0.3865672086230849,-0.017084018412608634,-0.20972643872266777,4.708457472706498,264,0.08296500702640527,1.0826434135717558,1.245120775454173,0.07663188634999855,0.36049489208110347,6.136751395917519,0.002973916201703274,False,1.1548776293229573e-07,1.5500016961347145e-07
US100,11:00,120,day,fade,512,-0.0247991828413218,1.2082312998073312,-0.4644321426277903,-0.020525194840819272,0.2041649079701339,4.715355764514892,264,-0.11817579907977843,1.0820545907124288,-1.7745218004029775,-0.10921426709346618,-0.3706657877947566,6.189434850811381,-0.07358051976276919,False,8.486809711742934e-08,1.1412107554536478e-07
US100,11:00,120,recent,follow,558,-0.04399203395599268,1.186824302853404,-0.8755978983505894,-0.03706701476387492,0.10870668638293836,3.6134581594879873,303,-0.116096816849246,1.1563674835736797,-1.7476149675386847,-0.100397856648871,-0.06856872202719215,6.164919719267014,-0.03469668543977756,False,2.478987131179809e-09,3.495544309592938e-09
US100,11:00,120,recent,fade,558,-0.002180903964730066,1.1862451980332935,-0.04342893447126809,-0.0018384933977779996,-0.11179770800755377,3.631891029127646,303,0.08079120918128342,1.1570954938269484,1.2153915710789998,0.06982242140972879,0.06134032232628225,6.15466593629679,-0.03837406760140449,False,2.426239540489532e-07,3.271309566670168e-07
US100,11:00,240,none,follow,873,-0.005303605231927143,1.1296299708817248,-0.13872096645596535,-0.00469499337715646,-1.1252729007012143,11.458128059285466,498,0.03206093773470104,1.0705585891729266,0.6683138352260262,0.029947859051292203,-0.7085486429762049,5.521250162567161,-0.02399637546271413,False,7.943170142585359e-11,1.271272933163497e-10
US100,11:00,240,none,fade,873,-0.02798339943665125,1.129398078876165,-0.7320833823358891,-0.0247772684937598,1.1232601099813668,11.420639253110936,498,-0.057404620894042246,1.071449305424082,-1.195610985868317,-0.05357660936773987,0.7016463600067976,5.514983204960144,-0.026631554708678104,False,3.1542976361276745e-12,5.176974006074294e-12
US100,11:00,240,day,follow,501,0.017502139190772245,1.1639028968176333,0.33658382940606574,0.01503745650829373,-0.43747125326897723,4.380546559078976,258,0.0430883349015717,1.0273257696161695,0.6736919879415798,0.041942231155819645,-0.12107617336735257,4.696482638230305,0.053864389044239916,False,6.071413796614115e-06,7.778951694852435e-06
US100,11:00,240,day,fade,501,-0.05011773592543071,1.1632850406762556,-0.9643266368273083,-0.043082936832313797,0.43534754272844084,4.377498951609473,258,-0.06829203074798354,1.026909871767697,-1.0681876472545313,-0.06650245812753494,0.1201045967136378,4.708870360828318,-0.10328709652220758,False,8.883095985482037e-09,1.2133726291299724e-08
US100,11:00,240,recent,follow,521,-0.058001898853175714,1.1433743263580973,-1.1579042208916561,-0.05072870495345538,-0.21089700345350818,4.341265729580027,289,-0.015950277286446903,1.1460852593669117,-0.2365920961407191,-0.013917182125924653,0.07676487903662067,4.775250306809706,-0.09012695969441765,False,9.736911142544357e-10,1.3716680830816165e-09
US100,11:00,240,recent,fade,521,0.024590055112440983,1.1433941205343006,0.4908879925109463,0.021506193420821697,0.2096347918893929,4.342264238727436,289,-0.009913654497656849,1.1456635859138586,-0.14710437560580564,-0.00865319856504739,-0.0810782975411168,4.762560963265065,0.04168488369951109,False,7.1838223566153634e-06,9.24369828234016e-06
US100,11:30,60,none,follow,904,-0.004590528004290622,1.1699054149667534,-0.11797666228202351,-0.003923845419948823,0.09136254090762375,9.532098942661232,515,-0.042731070130736674,1.0604014602163574,-0.9144860113507151,-0.04029706835939108,-0.6695406907472281,5.361361244793623,0.006658591584827625,False,4.9703126721039196e-11,8.050923665913735e-11
US100,11:30,60,none,fade,904,-0.0632510961838814,1.1698322227766198,-1.6256561525247548,-0.054068519358916003,-0.09419153165299798,9.45472035738981,515,-0.008103567624914704,1.0599634658578763,-0.17349580513595403,-0.007645138616505166,0.6626132550922312,5.347858375468788,-0.11209615897756534,False,7.829545042861008e-16,1.4129882222934494e-15
US100,11:30,60,day,follow,502,-0.03044136726608543,1.2423058890280836,-0.5490191200421503,-0.02450392253223656,-0.9591291797222382,11.079368380680037,268,0.01542645281238145,1.08963055595049,0.23176838718117498,0.01415750754064058,0.40871835130106926,4.8843473348996405,-0.01677462133998799,False,4.6923165204891274e-08,6.353072769512626e-08
US100,11:30,60,day,fade,502,-0.03535867778121815,1.2428691164514614,-0.6374152922906806,-0.02844923678059631,0.9546460971777071,11.11285397083144,268,-0.06538130056539945,1.0882936777622905,-0.9835010911981279,-0.06007689091774757,-0.4173799804826539,4.9261965255250875,-0.08555355234208846,False,6.087839422056051e-08,8.159910822839258e-08
US100,11:30,60,recent,follow,552,0.06786920282252544,1.2145714886619527,1.3128623831129629,0.0558791338806202,-0.3176203477474303,7.062929036841949,285,-0.028365156331973045,1.169160635795601,-0.4095749875415939,-0.024261128422845734,0.5710202993908413,4.935146301590567,-0.010463249604203657,False,0.000153572193794595,0.00019074862007633926
US100,11:30,60,recent,fade,552,-0.13511580000482523,1.2139492646654393,-2.6150207509439656,-0.11130267461553489,0.31151975058060727,7.098491756576483,285,-0.023052016865877767,1.169834082422394,-0.3326649829955935,-0.019705372934718732,-0.5782950066705017,4.961289638165861,-0.09474035710866476,False,7.983918606539972e-14,1.2120494099860306e-13
US100,11:30,120,none,follow,874,-0.023900206280075827,1.105489197787798,-0.6391501017195013,-0.021619574689560685,-1.1412058240444336,11.405370667866256,498,0.003051950128385494,1.03561304088383,0.06576496500268907,0.0029469985485899718,-0.7540586291896612,5.967965375827395,-0.019500788196713973,False,1.6329694951279001e-12,2.734620609614089e-12
US100,11:30,120,none,fade,874,-0.02524520897398982,1.1056005239013207,-0.6750507910545824,-0.022833933620895298,1.1349204115170781,11.311991080088827,498,-0.04070214602049387,1.036228324400529,-0.8765496490682703,-0.03927912899315947,0.7435188763228872,5.941391135228881,-0.057180469443215795,False,4.333810800388914e-12,7.096030071032165e-12
US100,11:30,120,day,follow,489,0.0161149384625855,1.2076817103767712,0.29507376069749613,0.013343696707601856,-0.8707173069672968,13.014296518837005,262,0.01772755760631178,0.9836839019936621,0.29170507623437164,0.01802159979479465,-0.09698713533110519,4.127011001217555,0.033586697069839334,False,6.873330013443335e-06,8.76232552015419e-06
US100,11:30,120,day,fade,489,-0.06399428680852919,1.2073843330651406,-1.172060680493233,-0.05300241609568457,0.860668992477627,12.957530850145513,262,-0.05492070406722574,0.9825337809693759,-0.9047722058117954,-0.05589701354903087,0.09310684541982527,4.126406958890607,-0.10814230788384888,False,6.4178638921609165e-09,8.715334410970145e-09
US100,11:30,120,recent,follow,533,0.001953400437236549,1.1079762248037808,0.04070281479384968,0.0017630346152802065,0.30776744022984787,5.430561588292531,306,-0.018499127174325725,1.0563164205584223,-0.30635002509880854,-0.017512865287605914,0.7046184062748845,5.779834043581671,-0.013012679281777049,False,6.638369769436109e-07,8.796275176382982e-07
US100,11:30,120,recent,fade,533,-0.05051272855737471,1.1079007857057017,-1.0526004774566273,-0.045593187773758564,-0.31195043808513184,5.454774827811599,306,-0.018440215992211958,1.0580884442365446,-0.3048630186828891,-0.017427858788796574,-0.7111192947326986,5.797331598973811,-0.06355060595387996,False,1.2447522338421947e-09,1.7575417443497119e-09
US100,11:30,240,none,follow,873,-0.004119712019608832,1.0821134358357372,-0.11248670385690535,-0.0038070981129876636,-0.5701861036392423,6.969824346662902,459,-0.004673216941511992,1.0453373847783587,-0.09577800853053178,-0.004470534594438949,-0.9373942091331277,6.48712675421484,-0.001671877735969951,False,1.0055200375986342e-10,1.6040418600839887e-10
US100,11:30,240,none,fade,873,-0.029939801323523252,1.082115436150084,-0.8174899904352995,-0.027667844227453338,0.5726383752916522,6.95045118790964,459,-0.021792583290791562,1.045658561917478,-0.4465038001281977,-0.020841012625411277,0.9341484888451457,6.484791945417356,-0.04933401466503555,False,1.2882813741690422e-12,2.139655481415754e-12
US100,11:30,240,day,follow,488,0.0314623221659364,1.1774080429992309,0.590301227901579,0.026721681028942106,-0.1168669940413788,6.8627738688559,254,0.026773603173248707,1.0600932362477051,0.402512727081028,0.02525589472489823,-0.48062523757561965,6.304380985068608,0.0691337427385705,False,2.391020957286374e-05,3.0064521408635542e-05
US100,11:30,240,day,fade,488,-0.06466877094665081,1.1771555682944292,-1.213586276754359,-0.05493646947645913,0.11648225682699163,6.887719439302074,254,-0.05250551695288048,1.059205061622704,-0.790026664553687,-0.049570681688814754,0.4829133650173057,6.332755804528044,-0.11894443896931937,False,2.53376205558119e-09,3.490331121514387e-09
US100,11:30,240,recent,follow,507,0.002771898012462498,1.1272299374672177,0.05536925910877894,0.00245903512702182,0.2703759371422713,7.008910693403838,273,-0.012526353225242608,1.082659775170672,-0.19116746277205915,-0.01156998118200885,-0.5168142403134562,5.270725262326062,0.0076912832315633815,False,1.2973891484308171e-06,1.6951249181427567e-06
US100,11:30,240,recent,fade,507,-0.03686218741758211,1.1273184286229787,-0.7362723239819489,-0.03269900188060381,-0.26974505086553374,7.03800613937198,273,-0.014366796990956245,1.0823489273381086,-0.2193178538851495,-0.013273720357712597,0.5154590009105358,5.284576284515055,-0.05701158269874671,False,1.7967705913827783e-08,2.453248784321196e-08
US100,12:00,60,none,follow,904,-0.029949310464093323,1.1325483366498803,-0.7950863481313959,-0.02644417857933065,-1.150457426159027,9.491930507665673,515,-0.011321167261723171,1.0045292772129248,-0.2557597639665601,-0.01127012175606653,-1.1039396647226463,6.974223061272977,-0.03436259020240189,False,2.060208351982198e-13,3.559029818033465e-13
US100,12:00,60,none,fade,904,-0.042040906010452586,1.1332023889371396,-1.1154466426129488,-0.03709920347933952,1.139186764977983,9.393810965043695,515,-0.04521816142364631,1.0046780958310306,-1.0213852471239875,-0.04500761150390525,1.099560384286797,6.964578772623706,-0.08032251678222792,False,1.407252934979248e-13,2.392425342894388e-13
US100,12:00,60,day,follow,504,0.04732293386699358,1.2446826585117927,0.8535486721360486,0.038020079691296844,-0.21881501871911804,10.06539411000703,279,-0.022479602235683266,1.1101510205557128,-0.3382273021442947,-0.02024913891844243,0.5750858085777278,7.110236586494243,0.0670938994829896,False,5.5510531925987234e-05,6.927371832197033e-05
US100,12:00,60,day,fade,504,-0.11743326967224767,1.2428850189328868,-2.1211699597092406,-0.09448441962320314,0.20293334368589575,10.03500564259006,279,-0.033250224078405506,1.107949900937883,-0.501275587975087,-0.030010584458971555,-0.5841701606884602,7.184434088720236,-0.17899997967329243,False,8.588864187044943e-12,1.2401608636303304e-11
US100,12:00,60,recent,follow,534,0.07109855369042654,1.0936701568733038,1.5022597561938742,0.06500913757552859,0.48878701649590084,6.481451909278941,293,0.13004750410215585,1.0620838469102625,2.0959312258124103,0.12244560961969306,1.0276912953899877,6.437770967072147,0.09737211868448056,False,0.00030918767164534594,0.000380846598342482
US100,12:00,60,recent,fade,534,-0.14294749127409878,1.0926763479734685,-3.023121653319339,-0.13082326851790677,-0.496727766230314,6.485758889395854,293,-0.18640834732039838,1.0614961139087997,-3.0059431149790576,-0.1756090718353906,-1.0395852152414495,6.480547903155352,-0.21313190403162377,False,3.542325932005291e-16,5.66499946834212e-16
US100,12:00,120,none,follow,873,-0.04999492555336797,1.130253777887607,-1.3069443045970532,-0.044233362923861416,-1.6545142304629081,14.593286075752946,498,0.01083911877456495,1.0496191773427974,0.2304500940365876,0.010326715639861999,-1.2036296658189933,8.879780011955091,-0.05131887423292356,False,2.819203398469095e-15,5.080835017577984e-15
US100,12:00,120,none,fade,873,-0.0005671411651197807,1.1300113990613483,-0.01482912303393438,-0.0005018897734933297,1.6478531584048233,14.508301920927844,498,-0.050469134895519595,1.050433006340188,-1.0721910366681278,-0.04804602920024288,1.1912693939083068,8.831760908133331,-0.027429013510150126,False,2.0071926924048776e-10,3.175709643310999e-10
US100,12:00,120,day,follow,491,0.10239393052373885,1.2612137746033085,1.79897966802219,0.08118681589562005,0.045802321581903976,15.543424658428405,272,-0.048886728316454735,1.136846834351157,-0.709207743555561,-0.043002035840963834,0.7999742008719742,9.89210715194472,0.09932696089418215,False,0.002167752677234305,0.0025615285428994003
US100,12:00,120,day,fade,491,-0.1518754220996064,1.2605910130185063,-2.669648215724416,-0.12047953740042787,-0.06102750296810264,15.563552182535062,272,0.009573777370582045,1.136236202899573,0.13896299109049526,0.00842586897526291,-0.8074650948820856,9.956421144063624,-0.17640463655527466,False,3.388348610779867e-13,4.980330039487467e-13
US100,12:00,120,recent,follow,541,-0.01712804644720927,1.2503027582558568,-0.3186333835131388,-0.013699119140633183,0.050779454897157336,15.135862819254656,294,-0.027459794965233965,1.1497615366440186,-0.40950874397676584,-0.023883034951216915,0.8794111795193092,9.178047563692926,0.006946137387309557,False,8.649929871640054e-08,1.1731202513770202e-07
US100,12:00,120,recent,fade,541,-0.032792654472901625,1.249960825877206,-0.6102092732363296,-0.026234945763110758,-0.06250888168471178,15.15669645802565,294,-0.013509316009082315,1.1479150427927327,-0.20178890278352266,-0.01176856779942168,-0.896092597746032,9.233210681582417,-0.08618091882382871,False,1.7057137423906935e-08,2.3510683424925112e-08
US100,12:00,240,none,follow,872,-0.011678596822792734,1.1332567009381047,-0.304313074941626,-0.010305341069790494,-0.99963121735389,7.3764243489194214,459,0.008337922048957776,1.060597128526567,0.16842778078644338,0.007861535567743072,-1.068432131925576,6.464898293959951,-0.0379078586323485,False,2.4295683511741556e-11,3.941433302091829e-11
US100,12:00,240,none,fade,872,-0.021587300532366918,1.1336682746367646,-0.5623032413262231,-0.01904199051462708,1.0019566071127897,7.362429899803653,459,-0.034347652955985256,1.0609512498484084,-0.6935982364184353,-0.032374393225789534,1.0619070361575362,6.460533651869617,-0.010903972279889497,False,8.265652138966908e-12,1.3462888540047515e-11
US100,12:00,240,day,follow,490,0.049091752339903594,1.2501509165650395,0.8692488624067939,0.03926866083879688,0.4812267655705059,6.352360299360271,264,-0.07389411305580766,1.1125934792243568,-1.0791337960391507,-0.0664160939603231,-0.5195393287783721,6.9504455699999825,0.07227105853684135,False,6.20602633127924e-05,7.734049791704924e-05
US100,12:00,240,day,fade,490,-0.08174978796051027,1.249661828354816,-1.448078717199453,-0.06541752825093021,-0.4834020799470414,6.375955271043922,264,0.04844647271344927,1.1114527310385498,0.7082280584716274,0.04358842383533533,0.5135403928442461,6.962448344606683,-0.12012476055136857,False,2.803405682125579e-10,3.961990869537319e-10
US100,12:00,240,recent,follow,514,0.007560121558135725,1.2293039849548564,0.13942833735873414,0.006149920321305518,0.34316710686642266,7.039630815076805,274,-0.028854623400718902,1.1219084872172396,-0.42572902326529155,-0.025719230872643953,-0.41949908239977957,6.457395466510793,-0.022228891078834433,False,1.6391209653943582e-06,2.1404747492456055e-06
US100,12:00,240,recent,fade,514,-0.04103173406553675,1.229445445038187,-0.7566450034688714,-0.03337418039257715,-0.3419769815893906,7.071503732725027,274,0.00236541574807232,1.1212213273016103,0.03492138141828231,0.0021096778044394256,0.4150935173952792,6.460743905292562,-0.027430844770138525,False,1.2727050566887952e-08,1.7478035257414997e-08
US100,12:30,60,none,follow,874,-0.06683305641602826,1.0784379549493355,-1.8321113909882092,-0.06197209223702447,-1.87924421785952,22.07345173068195,499,0.01148438837791198,1.0210481347232234,0.2512533885005163,0.011247646401141573,-0.5752344130212822,9.547548924660555,-0.09125854815079935,False,9.90226962479829e-18,1.8968038286429348e-17
US100,12:30,60,none,fade,874,-0.004934496518820084,1.0790533961092539,-0.13519344264216737,-0.004572986412546787,1.8596516093048125,21.83074537198615,499,-0.0684076806171659,1.0228986288390953,-1.4939034910406785,-0.06687630493238897,0.5447617432330193,9.453000696887166,-0.021091933008622634,False,1.0583264097697354e-10,1.6836067713178256e-10
US100,12:30,60,day,follow,491,-0.0437488694618373,1.1940603680304454,-0.8118602848080857,-0.03663874175306505,-2.2175479716954083,25.218992573913297,269,0.012542910839959811,1.077661102246644,0.19089399534837645,0.011639012314549623,0.9021466367324669,9.47033635281308,0.009239725433690818,False,5.920651865169187e-09,8.215958072818928e-09
US100,12:30,60,day,fade,491,-0.026083922470242268,1.1920879525767427,-0.48484770895460033,-0.02188087079804883,2.2063473813911636,25.119466274978986,269,-0.06927368025378207,1.077866498192672,-1.0540942083497657,-0.06426925817801898,-0.9323828277465125,9.597097876543714,-0.1194413362875889,False,2.3807989813766715e-07,3.130240248224056e-07
US100,12:30,60,recent,follow,531,-0.0638750839499905,1.185952181569662,-1.2411136901687982,-0.053859746575489156,2.064285181300797,24.13900764168809,280,0.006719638227122068,1.153210135286747,0.09750265845531106,0.00582689834359739,0.3771254437058408,9.404331377526045,-0.0872355123058296,False,4.490142970669675e-09,6.1304323033860694e-09
US100,12:30,60,recent,fade,531,-0.007450934034395439,1.1861087451588601,-0.1447549657892812,-0.006281830451724312,-2.086745447698251,24.367865349986133,280,-0.06274056580868576,1.1533980194580273,-0.910223922162165,-0.05439628363343909,-0.41041282358507936,9.475884711562545,-0.0257922604989349,False,2.2920427847292282e-07,3.0754410995542615e-07
US100,12:30,120,none,follow,873,-0.057283538844318534,1.0562800364514984,-1.6023518640662933,-0.05423139401248056,-0.7743865102763624,7.19561977825917,499,0.007134423052565291,1.0318170232690753,0.15445658994697306,0.00691442658114082,-0.982411457475526,6.859485634748514,-0.0640719620992461,False,6.545193672986688e-16,1.184596073049934e-15
US100,12:30,120,none,fade,873,0.008345472333644645,1.0558777486958515,0.23353092837994535,0.007903824419022378,0.7687741265863463,7.162877197010464,499,-0.046011894130345114,1.0328616315579562,-0.9951263818031575,-0.04454797498958435,0.9662584165506884,6.847135252139416,-0.009971754229932536,False,8.409490023925107e-10,1.3113630971986758e-09
US100,12:30,120,day,follow,491,0.019023180109124405,1.1409067482495723,0.3694653518974368,0.016673737917941654,-0.24461860828559548,7.443428916317552,269,-0.01202130904645655,1.1225386688135066,-0.17564127938527166,-0.010709037809060736,-0.3403101244167995,7.380098000034992,0.04011426814306471,False,8.550305194565068e-06,1.0888475589643034e-05
US100,12:30,120,day,fade,491,-0.0667111098056496,1.1402364673056653,-1.2964148142116514,-0.058506381543194604,0.2300537813786187,7.432549207043603,269,-0.026670131161973632,1.1224805721594435,-0.38969286885372495,-0.0237599935566504,0.329191052891056,7.384462856660596,-0.11297679420204855,False,1.631540716978937e-09,2.2553813784688263e-09
US100,12:30,120,recent,follow,535,0.01735297562996705,1.1172715602341892,0.35924613448699766,0.015531564793728149,0.5049287262754995,7.912582464475525,283,0.003280459361847653,1.168445387552411,0.04723016484092428,0.002807541881541731,-0.3650524476644514,6.496942532708671,0.07796848940933486,False,2.7852773693042773e-06,3.6375385549871455e-06
US100,12:30,120,recent,fade,535,-0.06577946212457993,1.1180403122965863,-1.3608483971910963,-0.05883460676785542,-0.5143735255248371,7.973223145815125,283,-0.04176390455782494,1.1675948395153257,-0.6017306667201059,-0.03576917535466441,0.35411124999135396,6.49896220578428,-0.15319104959608498,False,1.3019264616361163e-10,1.8806610363243697e-10
US100,12:30,240,none,follow,0,,,,,,,0,,,,,,,,False,,
US100,12:30,240,none,fade,0,,,,,,,0,,,,,,,,False,,
US100,12:30,240,day,follow,0,,,,,,,0,,,,,,,,False,,
US100,12:30,240,day,fade,0,,,,,,,0,,,,,,,,False,,
US100,12:30,240,recent,follow,0,,,,,,,0,,,,,,,,False,,
US100,12:30,240,recent,fade,0,,,,,,,0,,,,,,,,False,,
US100,13:00,60,none,follow,873,-0.08527567424781697,1.0479851984531456,-2.4042362168627087,-0.08137106742889705,-1.0777145614171102,8.722602017149818,499,-0.004557810847543471,1.0610206998405698,-0.09595833718842332,-0.004295685134350661,-1.2583112240870193,9.826600923118166,-0.09811827548322567,False,1.2672318860940877e-19,2.497738775406367e-19
US100,13:00,60,none,fade,873,0.013720749179427477,1.0470240329447975,0.3871937128956518,0.013104521718414919,1.0741226461870796,8.667333747485142,499,-0.051910976492582986,1.061989958797159,-1.0919155749700913,-0.04888085434572176,1.2297661878013704,9.751819548107154,-0.01105011907849208,False,1.8743043155622573e-09,2.9008313777624067e-09
US100,13:00,60,day,follow,494,0.07370479476729098,1.1506515619136601,1.4236898354522511,0.06405483398007282,1.1538883476848438,9.098105100469384,275,-0.08646834872783073,1.080611151848039,-1.3269484979928658,-0.08001800516305456,-0.2442761597085473,12.126424955379807,0.08115891012782826,False,0.00035789170554167927,0.0004382688956047425
US100,13:00,60,day,fade,494,-0.14335976441918344,1.1505741044237356,-2.7693392297106745,-0.12459846251362061,-1.1652962739004231,9.19221830963887,275,0.03013865424478221,1.081440258558847,0.462155015152672,0.02786899600440777,0.2326613058518501,12.153589193014948,-0.18858056533595727,False,1.1680248757691206e-15,1.8524170126212637e-15
US100,13:00,60,recent,follow,504,0.0018759878296113377,1.0837417928238982,0.03886149136247552,0.0017310284073506934,1.4087810554838616,10.108310020768304,285,0.02202959043326877,1.0895560017656716,0.34133379997038577,0.02021886933537045,0.9889306684880922,7.425544871222568,-0.0011255737539915926,False,1.2563305372491237e-06,1.6411389751274716e-06
US100,13:00,60,recent,fade,504,-0.07356028623614835,1.0839449814763276,-1.5235315061497938,-0.06786348707105005,-1.4165339652256672,10.208057104431266,285,-0.07830156674285486,1.090163046406868,-1.2125549404593832,-0.07182555582023586,-0.9991813309717879,7.419715573315696,-0.11054573303630162,False,2.9055407236594344e-11,4.254959656138245e-11
US100,13:00,120,none,follow,873,-0.047487447768007056,1.0663776998550198,-1.3157545975527454,-0.04453154616273694,-1.4744772990549881,13.584492345646224,499,0.006675165279837333,1.0101993635596773,0.14760640593118904,0.0066077702289534255,-0.7611089706327512,6.967222703941594,-0.06505126208631218,False,3.3170519561779486e-15,5.955857722243788e-15
US100,13:00,120,none,fade,873,-0.0006318853611572779,1.0657844883364724,-0.01751765709816712,-0.0005928828652249902,1.4775698821849597,13.560996676945495,499,-0.043441574104183596,1.011686317893833,-0.9592017219135679,-0.04293976634439608,0.7453791980297916,6.931414941036281,-0.006115705873151741,False,1.97489211563782e-10,3.125126669764768e-10
US100,13:00,120,day,follow,494,0.041990999095034266,1.1769024783761481,0.7930109880934453,0.03567925114149822,1.3488627332734164,14.568015614253236,275,-0.05868803270864251,1.008575067121513,-0.964956355376676,-0.05818905763369597,-0.7355308808897273,6.903927646307554,0.10924270741843793,False,3.317818105946455e-05,4.184352103374902e-05
US100,13:00,120,day,fade,494,-0.08878005601718231,1.1765006566135248,-1.6772071891262592,-0.0754611189701581,-1.354073167188202,14.65178941858045,275,0.02199657547114016,1.0074779907201639,0.36206442315607223,0.021833306209911942,0.7278816038288793,6.896367600078491,-0.1794599373658395,False,1.471544660891942e-11,2.157609607888912e-11
US100,13:00,120,recent,follow,564,0.007464391258048074,1.1649432785050506,0.15217004450774876,0.0064075147655489155,0.473793538090528,13.958443254667534,287,0.01462994333901636,1.0095846171353708,0.24549399186441456,0.014491052152248367,-0.13314442694143636,4.095879237917031,0.0672332112084823,False,5.580282346643057e-07,7.470842786321324e-07
US100,13:00,120,recent,fade,564,-0.054758774963682366,1.164738108668652,-1.1165161015107978,-0.04701380898945095,-0.4769627254875234,14.064575310804017,287,-0.050805258389960764,1.0102584003673762,-0.8519559542826137,-0.05028936989931056,0.11827524502174562,4.081110518360151,-0.1391170963774501,False,3.2537851211338003e-10,4.699815802879925e-10
US100,13:00,240,none,follow,0,,,,,,,0,,,,,,,,False,,
US100,13:00,240,none,fade,0,,,,,,,0,,,,,,,,False,,
US100,13:00,240,day,follow,0,,,,,,,0,,,,,,,,False,,
US100,13:00,240,day,fade,0,,,,,,,0,,,,,,,,False,,
US100,13:00,240,recent,follow,0,,,,,,,0,,,,,,,,False,,
US100,13:00,240,recent,fade,0,,,,,,,0,,,,,,,,False,,
US100,13:30,60,none,follow,874,-0.05061997178632956,1.0796020087303881,-1.3861618153097184,-0.04688762282487659,-0.4535346746130367,6.037963527143012,499,-0.030826968656587832,0.9758538095677544,-0.7056613509489071,-0.03158974054755431,-0.830874119279113,6.650914326547647,-0.05157858427196928,False,6.711285651666561e-15,1.1831029670066986e-14
US100,13:30,60,none,fade,874,-0.016624198728528876,1.078258039364231,-0.45579938337649767,-0.01541764412749562,0.447116934428898,6.0030587839265035,499,-0.022674948469636167,0.9760659521767894,-0.5189403231260995,-0.02323095936198498,0.8187495832110152,6.670140123145547,-0.04760758936188665,False,1.224501162598365e-11,1.9934685427433836e-11
US100,13:30,60,day,follow,491,0.03185840777311327,1.1638804153390157,0.6065358178809442,0.027372578276294426,0.045177363424716115,5.704646636833446,273,-0.029882446684834585,1.0579057023225893,-0.46671366705250034,-0.028246796117299376,-0.6474857176818555,7.187939709819947,-0.0019587637954994403,False,2.3171281793466713e-05,2.918185687958913e-05
US100,13:30,60,day,fade,491,-0.0977654066195657,1.1638711033144418,-1.8613201176382235,-0.08400020100262987,-0.05338591093043367,5.735411492800344,273,-0.02269128060288652,1.0578300343977831,-0.35442507207637325,-0.021450781188874585,0.6404549578221396,7.188925323969285,-0.0964894500236013,False,3.392085495781342e-11,4.853298014700056e-11
US100,13:30,60,recent,follow,483,-0.056318983365854856,1.207591870092143,-1.0249630077674425,-0.04663743170244889,0.07063217613969174,5.528916634596189,258,0.06906210717856483,1.0724804729989728,1.034332770453351,0.06439474556161078,0.9305375980830219,6.651025982408526,-0.08741816599057672,False,8.122944067910256e-09,1.106616376210496e-08
US100,13:30,60,recent,fade,483,-0.01005279961306208,1.2087386365392774,-0.18277979536303876,-0.00831676866211881,-0.08018255005504697,5.559143942186542,258,-0.12174609323067595,1.072959185190812,-1.8225593719647966,-0.1134675902970391,-0.9437331529775106,6.618472751708528,-0.01268090073022876,False,7.028336592933667e-07,9.182945074476256e-07
US100,13:30,120,none,follow,874,-0.009647035994182405,1.0727564346295437,-0.26585723708262343,-0.008992755189125318,-0.7402176718225102,7.709538147587437,459,-0.0202431926526783,0.9415870644972817,-0.460600990429358,-0.02149901311939353,-1.000861031438789,6.6926108500406585,-0.018891272884676062,False,3.248125366041709e-11,5.2515076211388175e-11
US100,13:30,120,none,fade,874,-0.03797769150045109,1.0725168053603407,-1.0468396720631006,-0.03540988011622948,0.7483780218348434,7.731648579333894,459,-0.016624882972838068,0.9415895718845285,-0.37827121952658027,-0.017656188502135253,0.9948575751434119,6.680593742896804,-0.050092343423749734,False,3.264810804048621e-13,5.480606050488454e-13
US100,13:30,120,day,follow,491,0.01924902970867129,1.1472722885340465,0.37177748500660646,0.016778083024446777,0.4293025444338107,7.905745877002011,267,-0.01400106109075264,1.0015817813081913,-0.2284179161127532,-0.013978949449804788,-0.8275759967701471,7.252474391448051,0.04214736202693612,False,7.74229936120927e-06,9.884151115324146e-06
US100,13:30,120,day,fade,491,-0.0659153003182588,1.1457876159653155,-1.274743649939535,-0.0575283755905546,-0.42593105662296266,7.916852171498185,267,-0.021755507496467676,1.0001556110169685,-0.35543261238803286,-0.021752122626544537,0.8306221931653917,7.29517364818765,-0.11069387305506907,False,9.352326456324865e-10,1.307099245852231e-09
US100,13:30,120,recent,follow,512,-0.049278227978440975,1.1341560078493613,-0.9831442990841981,-0.04344925004795823,-0.5624088788649604,8.024566217033884,236,0.10505347339383898,1.0257630581080621,1.5733283316836035,0.10241495105858239,0.9820184073146868,6.643870516778933,-0.006932688034523751,False,2.912001959893841e-09,4.058943320664239e-09
US100,13:30,120,recent,fade,512,0.002595947705462698,1.1334330668580508,0.05182449052704679,0.0022903405427007984,0.5711379760160064,8.05653720990781,236,-0.14172667218671955,1.025208292951272,-2.1237113139082484,-0.13824183159768472,-0.982837206401285,6.617339365182067,-0.061782590720805435,False,1.1279160555435024e-06,1.4779955876534318e-06
US100,13:30,240,none,follow,0,,,,,,,0,,,,,,,,False,,
US100,13:30,240,none,fade,0,,,,,,,0,,,,,,,,False,,
US100,13:30,240,day,follow,0,,,,,,,0,,,,,,,,False,,
US100,13:30,240,day,fade,0,,,,,,,0,,,,,,,,False,,
US100,13:30,240,recent,follow,0,,,,,,,0,,,,,,,,False,,
US100,13:30,240,recent,fade,0,,,,,,,0,,,,,,,,False,,
US100,14:00,60,none,follow,876,-0.024433211963879244,1.080648964375212,-0.6691877374128257,-0.02260975836682132,-0.6904370225989522,7.26933556725357,499,-0.009612869175274956,0.9802036104257394,-0.21907206746759703,-0.009807012617612909,-0.8156149784097749,10.065717499262425,-0.050925627562538885,False,1.555794735914294e-12,2.602294622520435e-12
US100,14:00,60,none,fade,876,-0.04098410197356206,1.0803018191206182,-1.12285161798973,-0.03793764043360006,0.6985021113069633,7.2998597925001505,499,-0.03915432268136678,0.9822142758134362,-0.8904791320533438,-0.03986332070865139,0.7946661602965533,9.90329193469058,-0.04394614528977844,False,1.7928781198035216e-13,3.028533052139907e-13
US100,14:00,60,day,follow,480,-0.06186550505825772,1.1122266356806731,-1.2186412935928406,-0.05562311050067288,-0.32011430180003386,7.7610178257610105,272,-0.021083983175694987,0.9206496061466458,-0.377696309482977,-0.02290120262359252,-0.3391533179518894,5.302680178290461,-0.01031242296734741,False,2.0489681508304013e-09,2.8308370784938955e-09
US100,14:00,60,day,fade,480,-0.002103625582296864,1.1111429931471857,-0.04147812445652737,-0.0018932087006538958,0.3277990972314281,7.840351280827349,272,-0.027102401249937864,0.9192003429916042,-0.4862751147271344,-0.02948475972249002,0.32784965448577963,5.249257953032232,-0.08313381492596643,False,1.537837408517035e-06,1.9909833534040527e-06
US100,14:00,60,recent,follow,482,-0.08533414197444951,1.1673819068290117,-1.6048460854947797,-0.07309873613361437,0.05809937021294998,6.722017280934865,260,0.057807128909666584,0.9536280692863884,0.9774376152908499,0.06061810759505471,0.07857821297563256,5.031219288177048,-0.07782780502466342,False,2.791196720062559e-10,3.90849536110436e-10
US100,14:00,60,recent,fade,482,0.02047047390295133,1.1665552811514937,0.38525305556717415,0.01754779583419755,-0.053076856271892195,6.782254952800372,260,-0.10694170784410947,0.9546928596727206,-1.8062177881544443,-0.11201687198202183,-0.08817706842141451,5.12055210219782,-0.01612864247177425,False,1.0803696957892357e-05,1.369614089530939e-05
US100,14:00,120,none,follow,875,-0.0052636416374600035,1.0835138785853466,-0.143699700079133,-0.00485793651700364,-1.182411881608689,8.213878719283413,459,-0.004332064149878251,1.0318359207390932,-0.0899478069693055,-0.004198404090037144,-1.2756476826230752,7.537833885256657,-0.04100932332786237,False,7.261393028494454e-11,1.164038341680194e-10
US100,14:00,120,none,fade,875,-0.03923240990037588,1.084399257985587,-1.0701873195904377,-0.0361789346603346,1.18820239354826,8.2297377420319,459,-0.029831290207480998,1.0320175332855317,-0.6192860598102109,-0.028905797862280577,1.2682103176619848,7.511744104202395,-0.02179232579065877,False,4.109429124685047e-13,6.856954404655908e-13
US100,14:00,120,day,follow,479,-0.0421234650219676,1.1504219190392206,-0.8013729841830227,-0.036615666239345625,0.3633148085518736,6.394791801653641,265,-0.055403216886034716,0.9861549606988306,-0.9145611633849489,-0.056181045671335146,-0.9442122001212397,8.023534512787073,0.019196781929761677,False,3.70512896939086e-08,4.965359082846193e-08
US100,14:00,120,day,fade,479,-0.001483997874451934,1.1491909647156369,-0.02826238660208492,-0.0012913414045324868,-0.3599681709272107,6.412330140399052,265,0.022134560398734394,0.9856855047062945,0.3655573060414402,0.022456006802423097,0.9433941649413616,8.034612899938523,-0.08108804896073979,False,1.658027174681907e-06,2.1446049965571466e-06
US100,14:00,120,recent,follow,466,0.06576174841903794,1.152428227260847,1.2318346680591439,0.05706363907394387,0.5543498979936348,7.912306909857304,239,0.0752062150686244,1.0914512618968923,1.0652421328515125,0.06890478548526248,1.3244053426205975,8.645877792217304,0.021080864551536932,False,0.0003741535178339311,0.00045343225802713945
US100,14:00,120,recent,fade,466,-0.11010366960044879,1.1509476282745683,-2.065090979513726,-0.09566349232198307,-0.5491455687776984,7.911362776844769,239,-0.10993166862267041,1.0927860713483297,-1.5552013324589884,-0.100597611467569,-1.3306525509396352,8.66553425877502,-0.08433750487689581,False,7.624548248440238e-12,1.1014086291306557e-11
US100,14:00,240,none,follow,0,,,,,,,0,,,,,,,,False,,
US100,14:00,240,none,fade,0,,,,,,,0,,,,,,,,False,,
US100,14:00,240,day,follow,0,,,,,,,0,,,,,,,,False,,
US100,14:00,240,day,fade,0,,,,,,,0,,,,,,,,False,,
US100,14:00,240,recent,follow,0,,,,,,,0,,,,,,,,False,,
US100,14:00,240,recent,fade,0,,,,,,,0,,,,,,,,False,,
US100,14:30,60,none,follow,876,-0.0008159097844511167,1.0448314560078222,-0.02311255487058149,-0.0007809008618180503,-0.6875905617508972,7.700671372616378,459,-0.01773880533543821,0.9252158990587863,-0.4107595065316868,-0.01917261187738314,-0.5315627230245222,5.270244126050599,-0.028537603205020214,False,1.728692927785114e-10,2.742576957311232e-10
US100,14:30,60,none,fade,876,-0.06717563477197529,1.046174797236245,-1.9004636992248045,-0.06421071789287792,0.6956670529047184,7.704684356158437,459,-0.0325240713142863,0.9248179084661068,-0.753451004904426,-0.035168081215285266,0.5098537892008957,5.257612924409021,-0.06879926916344245,False,9.407635156585747e-16,1.656155673070539e-15
US100,14:30,60,day,follow,481,-0.006636762956846413,1.116659148363833,-0.13034915382986326,-0.005943409827941519,0.058350184264939105,7.304006690394822,259,-9.8795330464977e-05,0.8860131463435642,-0.001794511039845283,-0.00011150549049152337,-0.5877165713197757,5.744151212729312,0.005954810928949715,False,9.688801304443877e-07,1.2608427003957445e-06
US100,14:30,60,day,fade,481,-0.06006194133771259,1.1130650010188918,-1.1834539854849708,-0.053960856987446654,-0.05495713475585242,7.2958911021459905,259,-0.04868402586360709,0.8822081253770736,-0.8881070407504411,-0.055184286409511986,0.5725062169758459,5.726759383362661,-0.10215713712469543,False,3.159645527700333e-09,4.34048928746198e-09
US100,14:30,60,recent,follow,465,-0.009435330388689064,1.136783734495294,-0.1789805084913035,-0.008300022337035052,0.6895155648940826,6.659378300134424,231,-0.0763820089025194,1.096365732347334,-1.058867487438794,-0.06966836580981464,0.0741669261338186,4.257994168127335,0.018379283569029042,False,1.192035271824866e-06,1.5400819698804084e-06
US100,14:30,60,recent,fade,465,-0.05760905009278423,1.1319864530017703,-1.0974278093447167,-0.050891996048201944,-0.6872367597314121,6.657074271177511,231,0.024425810740392417,1.0937926879564073,0.3394063488682912,0.022331298251799886,-0.09217152810800086,4.271586525327237,-0.11534023357977272,False,4.746613019057606e-09,6.496858707873901e-09
US100,14:30,120,none,follow,0,,,,,,,0,,,,,,,,False,,
US100,14:30,120,none,fade,0,,,,,,,0,,,,,,,,False,,
US100,14:30,120,day,follow,0,,,,,,,0,,,,,,,,False,,
US100,14:30,120,day,fade,0,,,,,,,0,,,,,,,,False,,
US100,14:30,120,recent,follow,0,,,,,,,0,,,,,,,,False,,
US100,14:30,120,recent,fade,0,,,,,,,0,,,,,,,,False,,
US100,14:30,240,none,follow,0,,,,,,,0,,,,,,,,False,,
US100,14:30,240,none,fade,0,,,,,,,0,,,,,,,,False,,
US100,14:30,240,day,follow,0,,,,,,,0,,,,,,,,False,,
US100,14:30,240,day,fade,0,,,,,,,0,,,,,,,,False,,
US100,14:30,240,recent,follow,0,,,,,,,0,,,,,,,,False,,
US100,14:30,240,recent,fade,0,,,,,,,0,,,,,,,,False,,
US100,15:00,60,none,follow,875,-0.016451299243250953,1.0493810199361728,-0.4637362264501352,-0.015677145794243143,-0.8147685112242445,6.5218022904942945,459,-0.030456095133677002,1.1141734881955194,-0.5856359693919017,-0.0273351461476639,-0.8447363275111046,6.892432297768271,-0.0546784594905642,False,7.1921823978798314e-12,1.1833449729296772e-11
US100,15:00,60,none,fade,875,-0.04460358214662442,1.0512879219379847,-1.2550241712328634,-0.04242756072418339,0.8126650481554918,6.511971728275187,459,-0.017048100868638987,1.1131059608603247,-0.3281299260185394,-0.0153157933459115,0.8438856759698679,6.925369693489918,-0.030203569398557773,False,8.675025462497006e-14,1.471879842444989e-13
US100,15:00,60,day,follow,485,0.003459591719027652,1.1638722014547203,0.0654621737993576,0.0029724841908789633,0.3641968241902143,6.243291081475384,264,-0.05705879699508395,1.0709830664634028,-0.8656492761199583,-0.05327703003139288,-0.5772856352131103,5.143821894437576,-0.03113015640443861,False,2.24970780013996e-06,2.9052911460591913e-06
US100,15:00,60,day,fade,485,-0.06297021529218856,1.1623288589588523,-1.1931004969314842,-0.054175902806537626,-0.36311433684060934,6.2662799749894535,264,0.01026457529041463,1.0698091016481233,0.1558966057367382,0.00959477281937615,0.5651241138093318,5.117991447032537,-0.05139707173367542,False,1.9497126514405238e-09,2.7008251425778715e-09
US100,15:00,60,recent,follow,468,0.019519062541276357,1.1615242231254599,0.3635411786016212,0.016804696925522528,0.27018118922550777,5.911709218490223,214,0.0011178915547772731,1.2326488774976905,0.013266830403161243,0.0009069018559823965,0.5229823921302957,6.101070513943772,-0.004060458955501976,False,1.259401579389811e-05,1.5893259110719346e-05
US100,15:00,60,recent,fade,468,-0.07927406351610794,1.1599574504870025,-1.4784682008898518,-0.06834221676219684,-0.27797908104494945,5.885653450496688,214,-0.04860231719706284,1.2310904030479146,-0.5775291590716168,-0.03947908055877454,-0.5296602588095042,6.118490939584596,-0.07921652329097205,False,5.828800795883732e-10,8.106823680852107e-10
US100,15:00,120,none,follow,0,,,,,,,0,,,,,,,,False,,
US100,15:00,120,none,fade,0,,,,,,,0,,,,,,,,False,,
US100,15:00,120,day,follow,0,,,,,,,0,,,,,,,,False,,
US100,15:00,120,day,fade,0,,,,,,,0,,,,,,,,False,,
US100,15:00,120,recent,follow,0,,,,,,,0,,,,,,,,False,,
US100,15:00,120,recent,fade,0,,,,,,,0,,,,,,,,False,,
US100,15:00,240,none,follow,0,,,,,,,0,,,,,,,,False,,
US100,15:00,240,none,fade,0,,,,,,,0,,,,,,,,False,,
US100,15:00,240,day,follow,0,,,,,,,0,,,,,,,,False,,
US100,15:00,240,day,fade,0,,,,,,,0,,,,,,,,False,,
US100,15:00,240,recent,follow,0,,,,,,,0,,,,,,,,False,,
US100,15:00,240,recent,fade,0,,,,,,,0,,,,,,,,False,,
US100,15:30,60,none,follow,0,,,,,,,0,,,,,,,,False,,
US100,15:30,60,none,fade,0,,,,,,,0,,,,,,,,False,,
US100,15:30,60,day,follow,0,,,,,,,0,,,,,,,,False,,
US100,15:30,60,day,fade,0,,,,,,,0,,,,,,,,False,,
US100,15:30,60,recent,follow,0,,,,,,,0,,,,,,,,False,,
US100,15:30,60,recent,fade,0,,,,,,,0,,,,,,,,False,,
US100,15:30,120,none,follow,0,,,,,,,0,,,,,,,,False,,
US100,15:30,120,none,fade,0,,,,,,,0,,,,,,,,False,,
US100,15:30,120,day,follow,0,,,,,,,0,,,,,,,,False,,
US100,15:30,120,day,fade,0,,,,,,,0,,,,,,,,False,,
US100,15:30,120,recent,follow,0,,,,,,,0,,,,,,,,False,,
US100,15:30,120,recent,fade,0,,,,,,,0,,,,,,,,False,,
US100,15:30,240,none,follow,0,,,,,,,0,,,,,,,,False,,
US100,15:30,240,none,fade,0,,,,,,,0,,,,,,,,False,,
US100,15:30,240,day,follow,0,,,,,,,0,,,,,,,,False,,
US100,15:30,240,day,fade,0,,,,,,,0,,,,,,,,False,,
US100,15:30,240,recent,follow,0,,,,,,,0,,,,,,,,False,,
US100,15:30,240,recent,fade,0,,,,,,,0,,,,,,,,False,,
US500,02:00,60,none,follow,651,0.042679576974235654,1.1930778367733872,0.9127289429410166,0.03577266768248768,4.219096806539022,59.55568881424098,505,-0.06772453148479403,1.0689472006135694,-1.4237555960250778,-0.06335629247723419,0.12698942808455024,5.1817240136613885,0.028787945673025624,False,7.723567429871766e-07,1.0760417019889115e-06
US500,02:00,60,none,fade,651,-0.2057857847014557,1.1901119865422245,-4.411822550044543,-0.17291295863622877,-4.3058545873101,60.569281931419525,505,-0.07615099405279713,1.0617744548984782,-1.6117177669363072,-0.07172049930328972,-0.12034386005639451,5.205358047283714,-0.1642384682924869,False,6.113402610617937e-32,1.4638277896324037e-31
US500,02:00,60,day,follow,343,-0.17037893021039632,1.3947982081322208,-2.2623071405426165,-0.12215310373717167,-5.098482195715454,60.275936899025005,294,-0.14558811849926523,1.0551966391632577,-2.365735568040546,-0.13797250019172982,-0.05351122799970188,5.186225838570206,-0.1603394773934169,False,7.709868663734499e-16,1.234207257863472e-15
US500,02:00,60,day,fade,343,0.01114892553370814,1.3964780686682434,0.1478583839353095,0.007983602309157891,5.04629404237806,59.47269063407048,294,0.0005738905070169513,1.0549436314717464,0.009327675981324847,0.0005440011104823863,0.0376993589201396,5.27879141560115,0.026835405527752952,False,6.220697247655006e-05,7.49520227247188e-05
US500,02:00,60,recent,follow,236,0.10591922251695896,1.5524787397772861,1.0481057998519219,0.06822587633770354,4.910449296579846,54.979560342887225,258,-0.13358616743410132,1.158874522485547,-1.8515477985420274,-0.11527233090566744,0.11384782683416331,4.825691778935675,0.04348008729654753,False,0.0050568721301435015,0.005734473460863204
US500,02:00,60,recent,fade,236,-0.25291685761935956,1.5577291997845417,-2.494260550211087,-0.162362532367206,-4.915465739708779,54.92787914667939,258,0.0012439872090174225,1.1614087332900191,0.017204445522491237,0.00107110199308858,-0.134918284637727,4.853085744863906,-0.18045713342355368,False,8.331508921695573e-15,1.2299869467314946e-14
US500,02:00,120,none,follow,648,-0.005517074396745129,1.252635533725853,-0.11211703809745698,-0.004404373218070129,2.053074473242096,22.26250356880234,504,-0.017632729064489903,1.016465522897379,-0.38944142895317685,-0.017347099992362537,-0.1203659154085385,3.956661033291009,-0.025389796002819875,False,2.338542603414388e-08,3.3062521175080644e-08
US500,02:00,120,none,fade,648,-0.09079364235254327,1.2490944909219794,-1.850323433380913,-0.07268756928511215,-2.0712711195895013,22.40938407194863,504,-0.07005910039806494,1.013893835940573,-1.5512698147847588,-0.06909904954010519,0.12845812465005854,3.961108497865625,-0.05156552700920519,False,6.2020815438500125e-15,1.0400652494663226e-14
US500,02:00,120,day,follow,342,-0.13671843464311492,1.3944488893251772,-1.8131658451516393,-0.09804478004875301,-2.8227528022051236,25.304394423349823,294,-0.08453668873827683,0.9429147137685431,-1.5372570207114744,-0.08965465010129009,-0.09288837677297651,4.867247073913688,-0.11538119054713075,False,5.154557858246319e-11,7.209957916425289e-11
US500,02:00,120,day,fade,342,0.0426711877049409,1.3954900278741749,0.5654849445517629,0.030577923777745812,2.822460399633439,25.274479699275442,294,-0.004066114286808757,0.9417378709633317,-0.07403263564025235,-0.004317670991238154,0.09360705232561596,4.87492983378675,0.03983554818111505,False,0.00024924068530253083,0.0002967311762350147
US500,02:00,120,recent,follow,180,0.0030451746397734563,1.363120879781006,0.02997188700822701,0.0022339725588112797,0.9248151034490926,7.494505526947364,234,-0.0799018909180361,1.0462128220690294,-1.1682746350545483,-0.07637250206895681,-0.18850448406278394,3.979742837629881,-0.05386422743207268,False,0.0025493552039978855,0.002819592294357718
US500,02:00,120,recent,fade,180,-0.08355204239872914,1.368880462235719,-0.8188942056665784,-0.061036770341705425,-0.9232296668240646,7.457101402578666,234,0.00015632140398257304,1.0468644594190264,0.0022842094278615094,0.0001493234416128006,0.20765388533143178,4.003468966091081,-0.022697799387258202,False,9.212385398813636e-05,0.00010519840990795673
US500,02:00,240,none,follow,616,0.00245877132011986,1.1528014402713846,0.05293634894423192,0.002132866280546139,0.41833559501974,10.039610698617972,497,0.019517785453205126,1.109783708790358,0.3920761174318488,0.017587017450886103,-1.1987810602862288,10.4167848462057,0.006965649539111176,False,1.0468117185627038e-07,1.4464262982744188e-07
US500,02:00,240,none,fade,616,-0.07272461562790537,1.148667821219285,-1.5713659411377272,-0.06331213801280673,-0.44792387159326924,9.974172918864666,497,-0.08255052040465302,1.108614264299486,-1.6600361573333058,-0.07446279834475633,1.2043989846104617,10.441494280966182,-0.0635263879225884,False,3.025365037832936e-12,4.636677942546555e-12
US500,02:00,240,day,follow,328,-0.08175731271866558,1.2268601768204628,-1.2068921438877196,-0.06663947062863207,-1.0216903475755337,10.758294561603272,289,-0.047178502246278495,1.022440789767509,-0.7844312807288407,-0.04614301651346122,0.24008302751752722,4.635931200440552,-0.07956814295330791,False,1.1249879592636814e-07,1.4336718818926468e-07
US500,02:00,240,day,fade,328,0.013328042735328876,1.2279387033275293,0.19657424231177698,0.0108539967827481,1.01697640430035,10.735548020726423,289,-0.0162207968212793,1.0206513691542465,-0.2701740812734605,-0.01589259301608591,-0.2492074785461706,4.632130647603599,0.02430443680712419,False,0.0001335217520022986,0.00015851097727107344
US500,02:00,240,recent,follow,157,-0.04611462126870665,1.1380997071445451,-0.5077011660012081,-0.04051896418144832,0.6128659952616347,5.383183566144321,217,-0.016192060007839564,1.0576176346011366,-0.2255294641307309,-0.01530993761648664,-0.09895648397083927,4.523371072307636,0.013125865775361588,False,0.0009519376106274922,0.0010533700018284643
US500,02:00,240,recent,fade,157,-0.010432953482441136,1.1408411039320792,-0.1145860996740146,-0.009144966329213073,-0.6074834101259525,5.378743421532258,217,-0.04051058761871098,1.057467533196852,-0.5643276990228467,-0.038309060417432,0.1080436870545234,4.539780383756761,-0.06914075722297028,False,0.0028759712552459973,0.00315672720002996
US500,02:30,60,none,follow,691,-0.040550014739414504,1.0897313638959105,-0.9781615546613904,-0.037211019231789114,1.0708003753289665,10.836029369041233,505,-0.037020792959257996,0.9637939542058314,-0.8631916054471274,-0.0384115222944755,-0.23686403625648805,4.241586313072238,-0.037255743515893606,False,8.158927662114185e-11,1.2276185987117534e-10
US500,02:30,60,none,fade,691,-0.09351322052308654,1.0866146387283904,-2.26222858751398,-0.08605923129520902,-1.0831310697235565,10.871319951593977,505,-0.08346245865814539,0.9585527291139956,-1.9566847272250283,-0.08707132755783917,0.22993046650262083,4.278215157266182,-0.06731627553173299,False,2.2796761683742086e-16,3.939451753960534e-16
US500,02:30,60,day,follow,367,-0.10801084593412649,1.1999450808532057,-1.7244040329645767,-0.09001315781662837,-1.1232279747040526,12.162766710687597,284,-0.0483067893817047,0.9374451973133838,-0.8684032806569649,-0.05153025426995275,0.020246681880134794,4.815240100821462,-0.04809283663811948,False,9.505102928966625e-10,1.2812207978649123e-09
US500,02:30,60,day,fade,367,-0.02274048729032319,1.2032802980522967,-0.3620478668057661,-0.018898744812104327,1.1168562798256738,12.124125882150839,284,-0.07318391508545008,0.9348207333920433,-1.319308841728075,-0.07828657674279284,-0.025027112376762178,4.707623729474461,-0.05356153059882902,False,6.589038971867641e-06,8.127369045201081e-06
US500,02:30,60,recent,follow,300,-0.001118584906037651,1.2511056604266781,-0.015485869428295307,-0.0008940770883061691,1.3356426657857927,12.38168597189394,297,-0.08887531914177041,0.9798946437677928,-1.5630757095819365,-0.09069885186843754,-0.04441748811695885,4.878182912878178,0.062252948760334915,False,0.00012225915802041711,0.00014404943289900035
US500,02:30,60,recent,fade,300,-0.11991346169927042,1.2529477267917242,-1.6576606009448154,-0.09570507941805259,-1.3297771003882506,12.33460270502196,297,-0.022606020663848495,0.9770783264096639,-0.3987245394223284,-0.023136344398218052,0.030266670833475312,4.857240219469937,-0.1658565477098802,False,1.0664927442520174e-08,1.377349352032357e-08
US500,02:30,120,none,follow,684,-0.0853434414087796,1.1040518662431766,-2.021662829269207,-0.07730021026927189,0.27748982351196694,9.061325773388907,502,0.00974027812001537,1.06317631161675,0.20526642789819594,0.00916148903393411,-0.19279823584673728,4.544932173889341,-0.09114744782516553,False,5.831855974549482e-14,9.346263854165447e-14
US500,02:30,120,none,fade,684,-0.010653763564866213,1.1011124707362892,-0.2530459693181476,-0.009675454459018415,-0.2866516220339542,8.99001020798483,502,-0.09434870175985592,1.0611659959758928,-1.992069390166335,-0.08891040809603863,0.1922337784319068,4.508714840978232,0.017202240310324326,False,3.6483096674637197e-09,5.3228115881476775e-09
US500,02:30,120,day,follow,365,-0.09813234898024695,1.1809390054895275,-1.5875636981313308,-0.08309688182377271,-0.6274988175145696,9.929770445754922,283,-0.05430649682022192,0.9937168456214389,-0.9193531195920872,-0.0546498703926674,0.0021198590140626182,4.7452681071518725,-0.07779244691547627,False,5.205974771388137e-09,6.875849231784791e-09
US500,02:30,120,day,fade,365,0.004938273802484801,1.1824723815040126,0.07978671637558195,0.004176227605589994,0.6418887946931556,9.94073631185662,283,-0.031476432657523895,0.9928303597615696,-0.5333394086184171,-0.03170373704636009,0.012177440340321918,4.726250584953643,0.006072299583466178,False,3.7798199366482314e-05,4.589279981270025e-05
US500,02:30,120,recent,follow,220,0.01565568209417672,1.348166079253281,0.17224234854743173,0.011612576770102427,0.9041144859674414,8.814246137780275,262,-0.12207854727439198,1.110968789880029,-1.7786403466660823,-0.10988476758881316,0.10969932249643266,4.141578526611223,0.0032143280549165112,False,0.0014833803573810961,0.001668434966965402
US500,02:30,120,recent,fade,220,-0.09651848219050785,1.3519693040540468,-1.0589001088288006,-0.07139103077346895,-0.9077350356735836,8.820383186251325,262,0.04633794337351796,1.113365386733678,0.673673842294251,0.04161970897035099,-0.1110944831708917,4.182700859588019,-0.07535011199594607,False,8.389569684830661e-06,9.91496293730528e-06
US500,02:30,240,none,follow,628,-0.052153570916075365,1.04365353068081,-1.2522975323356185,-0.04997211180041125,-0.34517286761167404,4.814280202697824,494,0.0070060626177180455,1.101776020771961,0.14133319374668296,0.0063588810117770015,-0.5521493220485022,5.249796438776626,-0.037793093318170386,False,2.1578475746915714e-11,3.260857084473545e-11
US500,02:30,240,none,fade,628,-0.019091557641498866,1.0407603437504511,-0.4596957081098059,-0.01834385577442462,0.33381239490131515,4.723069604273658,494,-0.07020993217360158,1.1010183162401828,-1.4173185919705704,-0.0637681781837729,0.5535626996420959,5.241734010756193,-0.018705167287765643,False,4.926871784654912e-09,7.043309174319121e-09
US500,02:30,240,day,follow,337,-0.04509914343386498,1.0940263903077019,-0.7567552552905706,-0.04122308550635653,0.14956831111937174,4.788983181998747,279,-0.05060114767867886,1.0644022961049533,-0.7940661189701174,-0.04753949504228563,0.377977546070541,6.665261613102525,-0.08028089913556714,False,1.9946835700739795e-06,2.4692009514738935e-06
US500,02:30,240,day,fade,337,-0.0236248588470947,1.0947564245163444,-0.3961563944040454,-0.021580013889876914,-0.1464593266844272,4.788169049175664,279,-0.013223099730756437,1.0633384162377604,-0.20771309205833574,-0.012435457544684229,-0.3706101947271714,6.679676263725217,0.025580006271978973,False,9.531805731326186e-06,1.164291407726417e-05
US500,02:30,240,recent,follow,157,-0.14627343909289353,1.0892268666054927,-1.6826622577738979,-0.1342910678918025,0.029644908028404464,4.220631216276115,217,-0.00505399987426898,1.2197911592980344,-0.06103509323397258,-0.004143332107094018,0.4876840541672386,5.336478579225498,-0.06406513520987146,False,9.440610171387184e-06,1.0806914220312261e-05
US500,02:30,240,recent,fade,157,0.08822466388901395,1.090807115360961,1.013425613450878,0.08088016904786999,-0.03063621036588819,4.238209850077335,217,-0.05179480467051431,1.2208760786768589,-0.6249488627299298,-0.04242429315729377,-0.49117988223168807,5.345245859906526,0.008029873527414156,False,0.05225930878041074,0.05558268260514906
US500,03:00,60,none,follow,758,-0.09249931207507779,1.099731619119027,-2.315721851615991,-0.08411080527917997,0.24402545558607402,7.873491732455613,510,-0.01606371351688255,1.086224450541157,-0.33397308163440814,-0.014788576623256465,-0.20003818913901966,4.293700740167051,-0.10045938010896702,False,6.238021778322167e-16,1.0643461190570627e-15
US500,03:00,60,none,fade,758,-0.03577793230142421,1.097015761055661,-0.8979186117482854,-0.032613872627495356,-0.25249754963587967,7.696169121838103,510,-0.09606816732666507,1.0871146652090045,-1.9956723464536295,-0.08836985683400322,0.2090637975525154,4.2870011361893585,0.00562446580492423,False,8.239774375437314e-12,1.3063938010506641e-11
US500,03:00,60,day,follow,393,-0.02203777897053119,1.1299279256854853,-0.3866458525489602,-0.01950370326245516,-0.3191377541920771,8.397263943661025,282,-0.09683592656392573,0.9775172503859055,-1.6635529790781338,-0.0990631382982722,-0.01599710322472684,3.8919311579250713,0.0033599178106453625,False,2.2869782390639144e-06,2.8801910060392843e-06
US500,03:00,60,day,fade,393,-0.10387015772708032,1.1305672174558963,-1.8213385422843786,-0.09187437608603075,0.35151149006817584,8.511613030440877,282,-0.015660289524638677,0.9788927376205523,-0.26865147825345165,-0.015997962721334507,0.03727875561634601,3.9357095643923405,-0.0959187908402123,False,2.2575357683566854e-09,2.9966680756973744e-09
US500,03:00,60,recent,follow,337,0.1278284406645406,1.2653506315930252,1.854520145441429,0.10102214949196317,0.6959287879790306,7.275724280629378,277,-0.17222420525597976,1.0757084645878718,-2.6646457972248214,-0.16010304922343688,-0.2373252409407174,3.6765737353096304,0.1013314037401846,False,0.018777649853541332,0.020991477977820153
US500,03:00,60,recent,fade,337,-0.2507797530449359,1.2609621430087725,-3.650945689614265,-0.19887968440238193,-0.7296353889809217,7.060204238347995,277,0.06316887396388465,1.0766269121242094,0.9765124581482619,0.05867294719509754,0.2477138442322086,3.667426760751491,-0.1977890980809495,False,1.889659725853645e-15,2.7420070118292772e-15
US500,03:00,120,none,follow,734,-0.09175340535158483,1.0621853701318704,-2.3402912358378027,-0.08638172576241906,-0.4401873275104366,5.956986482857716,505,-0.0013277520899272202,1.121860486860235,-0.02659645969843581,-0.0011835269228914697,-0.20406898397396758,4.910284054259442,-0.09243916057676224,False,1.4255634466337433e-16,2.480698099844014e-16
US500,03:00,120,none,fade,734,-0.0054456411692954095,1.0608587856104037,-0.1390719273607125,-0.005133238507481523,0.44525796939505896,5.932058332744481,505,-0.08255939335353096,1.1214860974533463,-1.6543153060992235,-0.07361606491690409,0.20063543975093817,4.8810109266786075,0.02005303190356461,False,2.393506688934936e-09,3.5522538962913204e-09
US500,03:00,120,day,follow,386,0.0017156253446742663,1.1524182372832217,0.029248660617306375,0.0014887176280017765,0.7355801939003277,6.217682697340099,280,-0.09417149475960766,1.0267314866883974,-1.5347639831024043,-0.09171969105900007,-0.12089644523188471,4.254119596821802,0.017428292288680692,False,1.8933591310605816e-05,2.32830660439494e-05
US500,03:00,120,day,fade,386,-0.09723941860502658,1.152104878423412,-1.6582270306764353,-0.08440153359830663,-0.7258082497006358,6.283073571028567,280,0.009836790773781523,1.0257430383168604,0.16047000705570216,0.009589917168653362,0.13644441137848942,4.253771249679127,-0.08772592985487304,False,1.263319694512928e-09,1.7047120533092492e-09
US500,03:00,120,recent,follow,251,0.07382669175726116,1.2448842436962064,0.9395530317751537,0.05930406150700494,-0.12380405536057618,5.678849647765402,266,-0.11218291205260607,1.10507391553821,-1.6556792263082827,-0.10151620672176397,0.06095524284616945,4.406240471743238,0.02986746300150147,False,0.008413161801213256,0.009333258102849221
US500,03:00,120,recent,fade,251,-0.1588071033700268,1.2491059532417308,-2.0142227962613943,-0.12713661555921987,0.11600601333104148,5.6432711101835045,266,0.03334507157754798,1.1074388292698725,0.49108054091925507,0.03011007984931518,-0.07064461446979986,4.497313749272995,-0.10170743811649796,False,7.027213086288803e-08,8.633205384527146e-08
US500,03:00,240,none,follow,653,-0.05077509459971747,0.9865752955138581,-1.3151554699698509,-0.051466010582873194,-0.6479237103374039,5.476392446582912,494,0.03308699050950613,1.0573385308777756,0.6955152911426182,0.03129271235584137,-0.23610147488784888,4.08014245905592,-0.03549216303255917,False,4.704220492854427e-12,7.290596239153602e-12
US500,03:00,240,none,fade,653,-0.021365899551705432,0.984056571263237,-0.5548271530516403,-0.02171206430162643,0.6271484409511686,5.2452376142312716,494,-0.09592886809934822,1.0577474622718188,-2.0157227736790104,-0.09069165516437469,0.24651892642411063,4.0823481565989415,-0.020990911105170155,False,1.7143630415667913e-09,2.4910217351905166e-09
US500,03:00,240,day,follow,347,0.0008550330768651536,1.0059285760755643,0.015833630559123922,0.0008499938238168954,0.5377012066345287,4.014806970269555,272,-0.07218299625052242,1.0421358144143256,-1.1423390840155598,-0.06926448093628647,0.11377111156268786,4.7181111310381505,-0.04269076766823053,False,4.4919813629114245e-05,5.4168322440039946e-05
US500,03:00,240,day,fade,347,-0.07133218546159195,1.006026876788514,-1.3208110209618025,-0.07090485066293843,-0.5347451810147966,4.034071950169221,272,0.009400572195890274,1.0406202680411334,0.14898634322339788,0.009033623968891109,-0.09485745701672957,4.7225722331262805,-0.012023058873209789,False,4.590850366743925e-08,5.917021556805031e-08
US500,03:00,240,recent,follow,183,-0.17927547027432658,1.0665824878454138,-2.2737984522549595,-0.16808401817704516,-0.2556955008626455,3.939322194463513,232,-0.08850645273471781,1.15760374532261,-1.164552317934374,-0.07645660537324207,-0.13592893652928878,3.9737391680154532,-0.04070876473913002,False,1.1289748409552802e-07,1.3486500635586997e-07
US500,03:00,240,recent,fade,183,0.12151222657152634,1.067741793268633,1.5394985409963098,0.11380300681080027,0.24966435406692442,3.919118832216548,232,0.030029506536453074,1.1610639001644774,0.3939454292400035,0.025863784527448547,0.1393670804554017,3.974785043373538,-0.014394322195814777,False,0.09197285164836633,0.09757843316702641
US500,03:30,60,none,follow,753,-0.1479490002635336,1.0244868955252833,-3.962808769065555,-0.14441277961654744,-0.5885106256039673,6.33781083013054,508,-0.01587133079955794,1.1297674113453313,-0.3166329859925435,-0.014048317060817234,-0.3700367057140758,5.1644969311034705,-0.1479180802608434,False,4.713591947692471e-24,9.460372532117146e-24
US500,03:30,60,none,fade,753,0.002912729677422465,1.0222272281546083,0.07818982195628807,0.002849395513246811,0.5792997131142865,6.128591622038241,508,-0.10622202825907069,1.1306247719269662,-2.117522088857078,-0.09394985046898673,0.3600973144197895,5.148265199363893,0.04242720044129232,False,5.249586889066525e-09,7.769525572429947e-09
US500,03:30,60,day,follow,412,-0.07451155314768976,1.0674575124539538,-1.4168426647803076,-0.06980282800801771,0.7721705440761463,6.4595438989039895,303,-0.07635748719498053,1.040337630942713,-1.2776109761876002,-0.07339683283953535,-0.07769188325035106,4.328440223014764,-0.04557195343193703,False,1.557533837191308e-08,2.0462236069035472e-08
US500,03:30,60,day,fade,412,-0.06719593790279778,1.0675583927927152,-1.2776149613814707,-0.0629435713834953,-0.7574248284762596,6.53993288728586,303,-0.046468442089398224,1.0401382744612513,-0.7776574718432998,-0.04467525446409225,0.09259207077215825,4.30993077611831,-0.055701768269087036,False,6.654972197225802e-09,8.932485152301152e-09
US500,03:30,60,recent,follow,380,-0.018485311736299036,1.1532026577934138,-0.31247332058380767,-0.016029543126157553,0.8439316567041798,6.067998071468602,266,0.03560679369940728,1.1517585563201367,0.5042109108859403,0.030915154486171843,0.27883969266073116,4.771019568202849,0.02570067617624651,False,5.5041970577877775e-06,6.8322449028050735e-06
US500,03:30,60,recent,fade,380,-0.11919150825509892,1.1557141682465961,-2.010419445445733,-0.10313234148191812,-0.8650856166573226,6.316757023392442,266,-0.15455179748238865,1.1488695891995708,-2.1940379992211536,-0.1345251009647374,-0.3097445591448759,4.855764366284336,-0.12774336813058654,False,9.697323209753051e-11,1.3362716153884925e-10
US500,03:30,120,none,follow,718,-0.09600187991438183,1.0336436516093426,-2.4886918065245247,-0.09287715332543346,-0.6291902567643005,4.9482883872121475,503,0.001745834053100095,1.1303565542917398,0.034639490535514426,0.0015444985447038895,-0.7368655612588159,7.672931634766013,-0.07906880774801232,False,3.198538794098418e-17,5.631819815024509e-17
US500,03:30,120,none,fade,718,-0.010684733832492119,1.0328520156140348,-0.27719655506652113,-0.010344883556372787,0.631023263583498,4.935156109458884,503,-0.0912785231485728,1.1306374071577328,-1.810628063167214,-0.0807319150867602,0.7384960987618591,7.672020134520092,-0.0005610486552420169,False,1.6410143115702542e-09,2.4325899376786085e-09
US500,03:30,120,day,follow,393,-0.009035092878771784,1.0690566898077971,-0.16754372273986767,-0.008451462831588642,0.7282407695541667,5.4908733043610916,301,-0.007678140822880206,1.140383034862549,-0.11681229945552545,-0.006732949007616249,0.9293846395370273,9.682093490051122,-0.06688053741721907,False,7.174892358933579e-06,8.922171702383386e-06
US500,03:30,120,day,fade,393,-0.09487173757221776,1.068939122501329,-1.7594630779251688,-0.08875317178981801,-0.7265228208257484,5.481549957658563,301,-0.08241843882797217,1.1398215898505508,-1.2545002516607158,-0.07230819240647879,-0.9175961715747543,9.693579743856388,-0.009466282610215591,False,4.845332808602113e-10,6.609329485761152e-10
US500,03:30,120,recent,follow,301,-0.03819970377896899,1.1889832617442853,-0.5574006902919788,-0.03212804167060226,0.17394956809195536,4.7608215300116035,293,-0.010651684561917753,1.1807245059576539,-0.1544199935049763,-0.009021312345235401,0.7828567594776256,8.956696836773729,-0.049803472270702136,False,1.314184170485487e-05,1.581751041712923e-05
US500,03:30,120,recent,fade,301,-0.058329109228299,1.187869604060256,-0.8519219782008701,-0.04910396648666177,-0.19239949104513848,4.7785460718473125,293,-0.07436396431926912,1.1799625936929414,-1.0787681213744005,-0.06302230656866116,-0.789096080795118,8.966714067418577,-0.02907497666026112,False,2.9837200708286943e-06,3.643470585943819e-06
US500,03:30,240,none,follow,636,-0.051155767383715835,0.9907645686848308,-1.302125052147512,-0.05163261687044528,-0.37955395300840095,4.368355457353671,494,0.04130797139908177,1.0020476886182272,0.9162393750969083,0.04122355838776831,-0.0927017727373743,4.921427157975952,-0.022012251403698037,False,1.1519979509603088e-11,1.7561692317235112e-11
US500,03:30,240,none,fade,636,-0.02432833021719348,0.9883534407320362,-0.6207669422247267,-0.024615010394636153,0.3615014590991308,4.197139396455776,494,-0.10631735695452439,1.0029036625820529,-2.3561798014138624,-0.10600954101693293,0.10203019833475774,4.8804537554994365,-0.03804154840072832,False,1.6239326965864585e-09,2.3514092140856806e-09
US500,03:30,240,day,follow,356,-0.09715579558958341,0.9361366353942852,-1.9581883836349077,-0.10378377676530415,-0.10434460141961648,4.125974167665676,294,-0.023035159137774222,0.9441308652238766,-0.41834317335429544,-0.02439826933558837,0.12993359566470353,4.967836126216189,-0.15878097943933672,False,1.3836325466403407e-09,1.830585134009432e-09
US500,03:30,240,day,fade,356,0.023259619338703852,0.9348420480212535,0.46945002194672847,0.02488080140162357,0.10207638371040108,4.103064446017511,294,-0.04177226501148569,0.941733527770551,-0.7605603088644559,-0.04435677798408311,-0.11430476399380557,4.975558860748159,0.10128462543409833,False,0.00021817395692265713,0.00025921449152931374
US500,03:30,240,recent,follow,194,-0.08820002226510677,1.0031226821081574,-1.2246599325048813,-0.0879254590074128,-0.06264506363342182,3.057297341689994,236,-0.05120198430496833,1.0974216449915473,-0.7167525915338985,-0.04665661966724076,-0.15146844072526436,4.328179910830903,-0.11853458913419045,False,1.5848153223631128e-05,1.8375997990279795e-05
US500,03:30,240,recent,fade,194,0.02550354198006136,1.003659921057267,0.35392788701531835,0.02541054140449848,0.05750038174160699,3.077034929128986,236,-0.00978066455888015,1.1002709114372062,-0.13656038564109405,-0.008889323944867685,0.15368204414220313,4.3161018414692975,0.060878540227311935,False,0.004873517873724028,0.005374355011724617
US500,04:00,60,none,follow,742,-0.10174543761363905,1.033919813488034,-2.6805878124593314,-0.09840747443497617,-0.7389560503782693,6.617612725914242,506,-0.05206940523550606,1.1040731086575661,-1.060864809059409,-0.047161193246357425,-0.14478656457766187,6.256676829615668,-0.07931555062405328,False,1.764775875948473e-18,3.217397990765639e-18
US500,04:00,60,none,fade,742,-0.05097911005968084,1.0349923277030313,-1.341705104218079,-0.049255543925450423,0.7432339520716568,6.615956754423972,506,-0.07556528401155259,1.1015145171756953,-1.5431471894206275,-0.06860126020427171,0.1283750955679916,6.258090775623661,-0.03355066171373611,False,1.746060624658316e-12,2.765724764817149e-12
US500,04:00,60,day,follow,406,-0.03131678107185558,1.0354340929227004,-0.609421360677152,-0.030245074298701415,0.851375373608277,7.134111235259262,302,-0.0547266515492378,1.0545764063437713,-0.9018292088649446,-0.05189443953044213,0.07544312156598533,4.635023387482111,-0.04517168632647016,False,8.036515420257861e-07,1.0223012779033016e-06
US500,04:00,60,day,fade,406,-0.1188088571574874,1.0349223008515327,-2.3131515635001487,-0.11479978454395237,-0.8551855829783868,7.218822592078569,302,-0.07235193827540834,1.0513715474340504,-1.195907038197576,-0.06881671703213632,-0.04682788902298339,4.649302951914529,-0.061730723766603636,False,4.112374286080089e-12,5.866870463794428e-12
US500,04:00,60,recent,follow,387,-0.0998797380584269,1.1644409652218346,-1.687389730444808,-0.08577484049558413,0.6377535508921296,6.402291530623184,299,-0.03326147168079434,1.1469031993019028,-0.501476159227849,-0.0290011150906545,0.22804606561502871,5.808600878197638,-0.024157591998703373,False,7.67163513681448e-09,1.004495143836631e-08
US500,04:00,60,recent,fade,387,-0.050730518222978284,1.1622088915232252,-0.858698269251319,-0.04365008613596939,-0.6340304035330235,6.430343772460185,299,-0.09527635713113665,1.1455179709081054,-1.4381984985039307,-0.08317316668162496,-0.2477701403647433,5.952913545777416,-0.08598259321807435,False,1.9465824532586526e-07,2.509788337584048e-07
US500,04:00,120,none,follow,701,-0.048023001469271534,1.032583060153196,-1.2313550992457991,-0.0465076402300719,-0.6847669413776075,5.877428489683184,502,0.00290818583312066,1.1726634271850016,0.055564912195425226,0.0024799833999273,-1.862468560821475,17.27420816709709,-0.0060081418875983185,False,2.1910280688146587e-12,3.472920035396564e-12
US500,04:00,120,none,fade,701,-0.06345694970411075,1.0277445212576608,-1.6347563423070572,-0.0617438948995397,0.6253649943824036,5.473971448756562,502,-0.09515784092575565,1.172032294990055,-1.8191011963190686,-0.08119045979578837,1.8741659365770678,17.32220775915814,-0.07810847009383222,False,7.44975031790708e-13,1.1728827425133819e-12
US500,04:00,120,day,follow,385,-0.02257591775128714,1.0017314691403263,-0.4422058276843996,-0.022536895811670486,0.39954037087756283,3.7835134605751284,301,0.052669002307338585,1.205788223057448,0.757822161927211,0.04368014324587515,2.347224891405069,22.452027288089358,-0.035111519070309696,False,2.5330902214883216e-06,3.1741845078163448e-06
US500,04:00,120,day,fade,385,-0.0866909254001665,1.00365969222346,-1.694796353119099,-0.08637482014258792,-0.4148746905530117,3.8169603170450683,301,-0.14490075936874375,1.2042289434202642,-2.087588270655619,-0.12032658753176537,-2.346532354595885,22.553521237720773,-0.04446131354007462,False,1.5558474294050393e-09,2.0883635711188718e-09
US500,04:00,120,recent,follow,371,-0.08416038576980671,1.120279220735214,-1.4469995354466645,-0.07512447273151612,0.27328768797306524,5.99087544277601,304,-0.02494038430431208,1.2428962497428,-0.349868671075517,-0.020066344483276977,2.0494670889247764,20.58374961482114,-0.029169358372419275,False,2.72286484043903e-08,3.526573536530568e-08
US500,04:00,120,recent,fade,371,-0.021369022496810056,1.1213369569029001,-0.3670586603783176,-0.01905673612669529,-0.37187557442642305,6.246407775591095,304,-0.06591219740184545,1.2439935875774613,-0.9238137896863027,-0.05298435463015698,-2.032974063926032,20.516729318101607,-0.05220456959015076,False,4.358396048519924e-06,5.420205490009484e-06
US500,04:00,240,none,follow,625,-0.02458582204949548,0.9798296601522526,-0.6272983725986405,-0.02509193490394562,-0.43904471913060344,4.268837667797405,492,0.04111038950675651,1.009064896717679,0.9036807783136228,0.04074107586190125,-0.12251558137720166,6.547350802900155,0.02441005252027832,False,1.445236736942968e-09,2.0959932717475686e-09
US500,04:00,240,none,fade,625,-0.05196681837488836,0.9789837141776466,-1.327060338754993,-0.05308241355019972,0.44887407724948303,4.289899525468783,492,-0.10637677112582128,1.0096265543387917,-2.337053157991708,-0.10536249335823762,0.13720166014154392,6.509196856113943,-0.08592557195038213,False,3.493246054352071e-11,5.208088567989797e-11
US500,04:00,240,day,follow,348,-0.12945721222811568,0.9844166633150334,-2.4532223693604345,-0.1315065226467898,0.07585796149182401,4.785425841003727,293,0.025751397985157472,0.9467121727026389,0.46560395403497146,0.02720087343087956,0.1685849187122372,7.21425208994019,-0.1363925536048964,False,1.447442719213349e-10,1.9317389227480565e-10
US500,04:00,240,day,fade,348,0.05405478118984699,0.9838152452874959,1.0249677186942576,0.05494403695081062,-0.06847624198029148,4.7318003193312075,293,-0.09021514739226251,0.9438934978197427,-1.6360262920419348,-0.09557767650762129,-0.15041501793479034,7.241950624756401,0.0783879035931569,False,0.0018417045126221344,0.0021263945756077973
US500,04:00,240,recent,follow,208,-0.15445305991875133,1.1035296287320042,-2.0185717272648307,-0.13996276665106266,-0.2762105376368738,4.23555735876042,252,-0.12134881550215758,0.9459634386849062,-2.036392367282036,-0.12828066132329458,-0.29084945960188985,5.088805694582697,-0.12358115063298689,False,1.5833773988453253e-07,1.909818321423765e-07
US500,04:00,240,recent,fade,208,0.08977575470502856,1.103930969161831,1.1728671300098525,0.08132370339532331,0.2811344273756213,4.227457098634534,252,0.060507824673851365,0.9480222075123546,1.0131956099251338,0.06382532412676929,0.30128522443146966,5.024760300256717,0.0639015348884752,False,0.02955084193398146,0.03201125578262877
US500,04:30,60,none,follow,725,-0.05002676078529989,1.0758706536247247,-1.2520201693776467,-0.04649886175141437,-0.5889610967025304,6.623033969188863,505,-0.04559337845669746,1.2178148041429486,-0.8413296884789716,-0.03743867975786707,-2.624573121574011,28.59034016498851,-0.012444281275682919,False,1.0767228285853147e-12,1.7292583742508986e-12
US500,04:30,60,none,fade,725,-0.11271144150574244,1.0771930830541212,-2.8173671819225166,-0.10463439032320587,0.5864821746894908,6.643145056423273,505,-0.08765346045225976,1.2171382710577587,-1.618358886443884,-0.07201602524262439,2.638189596085554,28.548342625018023,-0.10971162818378129,False,1.268246258243318e-16,2.1414917756022291e-16
US500,04:30,60,day,follow,389,-0.05099922433202942,1.0822557651642548,-0.929412402227076,-0.047123079380675996,0.7256404196712779,5.494909006409529,308,-0.001813523004855699,1.3435032825720195,-0.02368970733418666,-0.0013498463519820121,2.266146986252884,30.030833741602937,-0.09290318802165957,False,2.85882764433294e-07,3.647910933526116e-07
US500,04:30,60,day,fade,389,-0.10762204648456106,1.0829525953705204,-1.9600475184841601,-0.09937835408921049,-0.7141403945662546,5.48080646156322,308,-0.13279672172129453,1.343611107653806,-1.7345591997993939,-0.09883568315625361,-2.2542687949559097,30.15585780836664,-0.023706326935468102,False,1.3706588462562782e-10,1.8860354232783175e-10
US500,04:30,60,recent,follow,370,-0.04754817163726671,1.150370700185424,-0.7950544487317622,-0.04133291262512388,-0.08540132425344525,7.189993634336392,282,-0.03670052541580751,1.0871506365596875,-0.5669008543044382,-0.03375845460749317,-0.3371614121703373,5.571427535793399,-0.027389978844752978,False,5.98522719849937e-07,7.575267879013633e-07
US500,04:30,60,recent,fade,370,-0.11223448941572432,1.1507220173255008,-1.8761034171351667,-0.0975339723459701,0.08448673816961463,7.34654858547776,282,-0.09440899158784248,1.0863965044835158,-1.4593167032250958,-0.08690104505879785,0.3854066329723559,5.697960959732812,-0.09180351749624022,False,2.2385936173975217e-09,2.956583248749395e-09
US500,04:30,120,none,follow,678,-0.030723292320122907,1.021756035264735,-0.782952451543923,-0.030069107751502108,-0.4864055898183349,3.882433410211974,500,-0.04708716606039738,1.1251292486004576,-0.9358045247676152,-0.04185045062064546,-1.4733166909842728,10.821645476943324,0.005388448636076567,False,1.257818906998388e-10,1.8992198723374813e-10
US500,04:30,120,none,fade,678,-0.08338051901545501,1.019743662659695,-2.1290625756686143,-0.08176615562187656,0.4777107962121173,3.8963193950310826,500,-0.04928533000005428,1.125685023815346,-0.9790069676871606,-0.04378252260388862,1.4807583590285172,10.839605032330493,-0.09387423217779636,False,4.174923431775308e-14,6.679407783609656e-14
US500,04:30,120,day,follow,367,-0.04687443557458498,0.9948378033460564,-0.902644631605357,-0.04711766623355748,0.007174911995280999,3.783873372439575,304,-0.022982208402967746,1.1949193839124157,-0.33534353957813245,-0.019233271057767256,0.57322287064911,12.471304667874122,-0.11112355739468767,False,3.9016936682517646e-07,4.950628176467739e-07
US500,04:30,120,day,fade,367,-0.0644319147815243,0.9939439968730427,-1.2418586164301642,-0.06482449210843641,-0.017270100579289512,3.7987889147517597,304,-0.07398907550701525,1.1940187032984386,-1.0804216120573449,-0.06196642925493779,-0.5681985841996592,12.550701592215134,0.026851825728868916,False,6.50095973571552e-08,8.375813903784884e-08
US500,04:30,120,recent,follow,366,-0.1030355288541541,1.0746526128166765,-1.8342538880686963,-0.09587798663988434,-0.25097101611843253,3.753926629102701,284,-0.03121426436713027,1.2051193124030743,-0.4364979698026631,-0.02590138922003275,1.0458501578925539,11.79891945435565,-0.08935621994459181,False,1.5861550490948952e-09,2.10919260971293e-09
US500,04:30,120,recent,fade,366,-0.008655840197771447,1.0741629445626952,-0.1541628058977333,-0.00805821895233534,0.22419315225417907,3.816706875389655,284,-0.06394167800244273,1.2047547291637484,-0.8944262969953749,-0.05307443619401794,-1.0345209719788682,11.871831923693088,0.004139862590368627,False,1.4070904862337955e-05,1.7256851103435777e-05
US500,04:30,240,none,follow,618,0.003331440151258712,0.9861077173465205,0.0839850326836813,0.0033783734704187864,-0.35698141590649146,4.6019096779948905,491,0.03217447497895737,0.9717327617864373,0.7336777858177465,0.0331104149661556,-0.31218872784424884,7.0735976510706156,0.04862151453408298,False,1.215827782178536e-07,1.677521652413018e-07
US500,04:30,240,none,fade,618,-0.0805901041873072,0.9869794104711775,-2.029868302581529,-0.08165327800387852,0.3356404029287408,4.682507954699981,491,-0.09740945744691797,0.9733377965064162,-2.2175748233471957,-0.10007775080403533,0.3200888073289858,6.993101902683583,-0.11087577346732172,False,4.060745223602267e-13,6.261389128564342e-13
US500,04:30,240,day,follow,343,-0.144853284960287,0.9241953128167711,-2.9027634559121753,-0.15673449426918407,0.09852804052842092,3.646899607856343,298,-0.04846147844180165,1.0104957553950091,-0.827885540998256,-0.0479581217269515,0.18927632376196474,8.310982573644988,-0.17934367405427892,False,1.0295043421882397e-11,1.393979852841378e-11
US500,04:30,240,day,fade,343,0.06852051703494016,0.9234196206525102,1.3742590108312818,0.07420301182957532,-0.10271007051293224,3.6446582587656318,298,-0.01670993189156575,1.0070672235242533,-0.2864338565194674,-0.016592667799363966,-0.18497435104706592,8.32823910649201,0.12022296628576039,False,0.005830836982322617,0.006618033038522303
US500,04:30,240,recent,follow,220,-0.13490265650210934,1.0521991906952852,-1.9016644108897853,-0.12821018842731355,-0.7602782741971366,4.8424670418932525,273,-0.05533478964083737,1.0189142417447585,-0.897308856369361,-0.054307602518229324,-0.13117049543969683,7.101554414382268,-0.15135375124253786,False,7.863543498511443e-08,9.639355840502753e-08
US500,04:30,240,recent,fade,220,0.06810753183115824,1.0517994922985425,0.9604472681808222,0.06475334161107069,0.7621006632863138,4.906200715558488,273,-0.0065636885016008666,1.019812716962635,-0.1063429888793058,-0.006436170477604815,0.14907463317768369,7.1457554759437105,0.09098886355685533,False,0.01319834235513664,0.014504096064258001
US500,05:00,60,none,follow,714,-0.04903848201995406,1.194296620145331,-1.0971699915941409,-0.04106055496831825,-1.4357709063983646,19.99276952826816,505,-0.004140373044794504,1.2389195064398515,-0.07510036897478198,-0.003341922556932084,-2.2665197918540145,23.571337706056458,0.015651472854442183,False,2.2812849790339197e-12,3.649155206272189e-12
US500,05:00,60,none,fade,714,-0.12068971060136026,1.1828487134293655,-2.7264036214945295,-0.10203309115622361,1.2452657541912289,18.205371572696322,505,-0.1313045806012817,1.2404971289473656,-2.378645940387936,-0.10584835509671942,2.267783992445664,23.386858582497027,-0.14284385933994656,False,5.367034013263753e-15,8.595511866271611e-15
US500,05:00,60,day,follow,402,-0.06498927984415212,1.1405283285363186,-1.1424801791994412,-0.0569817322534682,0.7871926249569673,8.301318804769641,291,0.03691443556723214,1.2476294345469985,0.5047276705115606,0.02958766004156947,3.152116711130136,32.000068312910834,-0.04656886642439324,False,7.942930126442783e-08,1.0273223616907939e-07
US500,05:00,60,day,fade,402,-0.09977251708468368,1.1448619329476806,-1.7473135316465422,-0.08714807804623129,-0.8135315368533121,8.358829069190653,291,-0.174242810395462,1.244857282896164,-2.387711204253535,-0.13997010965794054,-3.173212150350437,32.365755233690855,-0.07280756392676693,False,3.7472433787430513e-10,5.14093388268355e-10
US500,05:00,60,recent,follow,387,-0.2345779597067269,1.2942128331820406,-3.5656358301232127,-0.1812514554735,-2.563976741281039,22.24120263372034,265,-0.01615804375317763,1.3300670389095102,-0.19775987807168224,-0.012148292740511199,2.672006037290856,28.390368125362322,-0.13076505488911958,False,2.6935685098655483e-20,4.5552668375646063e-20
US500,05:00,60,recent,fade,387,0.06709555540198225,1.2803861884318353,1.0308803323033209,0.052402592286752286,2.4004630037428765,20.365077728604867,265,-0.11830907225116366,1.3264566335885464,-1.451937525358327,-0.08919181317755916,-2.6909989736358866,28.8134250769123,0.008017454663308216,False,0.0004583183615613876,0.0005491448631365146
US500,05:00,120,none,follow,661,-0.01965820202492766,0.9965930540789568,-0.5071386003876607,-0.019725405414445327,-0.8384192290754358,6.628242323944318,497,0.014866085561303422,1.0288793523459783,0.3221145708450684,0.014448813194090075,-0.18211295151836,7.771734622028647,0.009443115151328415,False,1.0845997281510129e-09,1.5958960043352857e-09
US500,05:00,120,none,fade,661,-0.09555568934942617,0.9928857698977669,-2.4743321220457473,-0.09624036545439171,0.788548748531496,6.229070197250836,497,-0.11168078475181596,1.0312016028012674,-2.4144214010099305,-0.10830160120817715,0.1994317648303313,7.637264886953825,-0.10096361897761569,False,1.782460374432945e-14,2.8267523729851648e-14
US500,05:00,120,day,follow,372,-0.13748190274025598,0.975390790119163,-2.7185564379213654,-0.1409505852761434,0.12474521149413079,4.962824979031242,284,-0.022884208394104866,1.0126753628586964,-0.38082444669133947,-0.022597773416255226,1.062470795129204,10.425388462833052,-0.16212793334098483,False,1.3426473328272181e-11,1.8361499279547088e-11
US500,05:00,120,day,fade,372,0.025493059546504805,0.9746582385611452,0.5044766531879402,0.026155896023758382,-0.11752627896295713,4.95338945178606,284,-0.07440264222888135,1.0083591267267138,-1.2434613627700537,-0.07378585690041164,-1.0622858290915234,10.478641885434229,0.07646381387107196,False,0.00018506456108675144,0.00022103071944224172
US500,05:00,120,recent,follow,366,-0.23453863378331385,0.9983269829228711,-4.494507652998091,-0.23493167849339183,0.17444008349749784,7.734904339795333,287,-0.04284943085350568,1.038648919259033,-0.6989035277628408,-0.04125497081735208,0.23365476814459754,4.681868970401236,-0.14466064882577165,False,5.876246341033097e-16,8.379305405704428e-16
US500,05:00,120,recent,fade,366,0.11883881758813586,1.0003810108526534,2.272654542744187,0.11879355595409206,-0.28536203250341136,8.612387990251113,287,-0.050182062770431926,1.032502348080581,-0.8233763901988396,-0.04860237157205525,-0.2424815596710666,4.6488722966772915,0.05523780888660207,False,0.04299029281171055,0.04728818966845407
US500,05:00,240,none,follow,620,-0.012014014773406698,1.0120712862203216,-0.29557854221171054,-0.011870719915663453,-0.5871432013032094,5.711995344993137,491,0.03956143237698449,0.9129313221444612,0.9602286191981132,0.04333451095100486,-0.07218112443546693,6.682315510763991,0.027902004491937065,False,1.2535395638638329e-08,1.7751879838260687e-08
US500,05:00,240,none,fade,620,-0.0603062589279533,1.0118585003387346,-1.484015538797147,-0.059599498257676235,0.5662275638391383,5.608754422293142,491,-0.09938416855203895,0.9133223534553312,-2.411203513138188,-0.10881609124756808,0.06927533210061394,6.6005229604862965,-0.08644657449104563,False,1.829930280113357e-11,2.7331208188492622e-11
US500,05:00,240,day,follow,353,-0.13264652835036916,0.988243895281556,-2.5218491253789708,-0.13422448545718307,0.225073470388022,7.078394003734769,280,0.007785572540341334,0.8852296523437434,0.1471680780448043,0.008794974862995348,0.5969813141841809,7.684763249676793,-0.19888704113325742,False,1.4442375869581644e-10,1.923164420999589e-10
US500,05:00,240,day,fade,353,0.062103809879215516,0.9887290718309375,1.1801257654265305,0.06281175667689341,-0.22122430508977906,7.01754891839019,280,-0.06743968480355522,0.8801888088195358,-1.2820905676559398,-0.07661956631100761,-0.6080838647888411,7.699462433435689,0.14409941301175486,False,0.0028928384514355105,0.0033201874355202636
US500,05:00,240,recent,follow,258,-0.21040464989060284,1.0408739872485986,-3.2468859304299293,-0.202142288565379,-0.6788401980608055,6.6888359488651705,280,-0.03021874516732858,0.903700234321433,-0.5595398822156522,-0.03343890376438722,0.011027881626917776,3.6918824642119743,-0.18927172655592908,False,2.462470944362382e-12,3.279081928382249e-12
US500,05:00,240,recent,fade,258,0.1452638193357834,1.0405840095060472,2.242281654625452,0.13959835823802288,0.6819545921336486,6.729279864780635,280,-0.026373252064153297,0.9014274284803744,-0.4895667709819363,-0.029257210542853466,-0.02479417906876452,3.6758820059487967,0.13179798421046976,False,0.11680408551350607,0.12494474314125054
US500,05:30,60,none,follow,706,-0.07210117130784748,1.0553669002646124,-1.815269878938205,-0.06831858312949698,-0.8288643763817075,6.467790204567534,505,-0.08949985580990853,0.9992795662946881,-2.0127091355858218,-0.08956438100878265,-0.4863108600933121,5.009251256765115,-0.04258283121770871,False,1.2708908993393932e-14,2.1222511922798433e-14
US500,05:30,60,none,fade,706,-0.09638655886745398,1.0512056966767442,-2.4363019926582887,-0.09169143505611516,0.7962968930526712,6.2852219032295515,505,-0.052022018909671966,1.0008933240315148,-1.1680060683840767,-0.051975587867977395,0.47453940872078293,4.944452678530974,-0.08719665154976348,False,5.464510709175256e-15,8.890330604344034e-15
US500,05:30,60,day,follow,392,-0.08700637151015773,1.065088534562021,-1.6173662681890502,-0.08168933256420412,0.5323036856482284,6.9397309226448805,294,-0.07568603202705732,0.8975518140029584,-1.445872086278659,-0.08432497249324021,0.09213424583942806,5.645446188998659,-0.11095197034360588,False,8.220196396348816e-09,1.0791550899316859e-08
US500,05:30,60,day,fade,392,-0.07566979867350139,1.0638802137895327,-1.4082276916392469,-0.07112623930091357,-0.5428324432757003,6.954954997087629,294,-0.06612586771476141,0.8923833297863681,-1.27055538248462,-0.07410029469128653,-0.10860546102854529,5.6870574171368675,-0.009654956499892498,False,6.951619150515433e-09,9.24501300002408e-09
US500,05:30,60,recent,follow,393,-0.16052841810548077,1.1114181955262388,-2.8633253530107132,-0.14443565774939748,-0.567217326883294,6.949173366997539,275,-0.06734568064725147,1.0338671883477908,-1.0802178291148852,-0.06513958601866038,0.33770942559951767,5.086381155517075,-0.08879962927612961,False,2.402298341264757e-13,3.456822810547856e-13
US500,05:30,60,recent,fade,393,-0.004524509895397624,1.107995823920074,-0.08095239351598822,-0.004083508076221777,0.4989533872669915,6.6317701545059355,275,-0.06914670173773735,1.0295914536897535,-1.1137119696012725,-0.06715935868536581,-0.38117719767136615,4.954680219983873,-0.03541928677280612,False,1.0172353744169079e-05,1.2610127919490643e-05
US500,05:30,120,none,follow,659,-0.0006384227395430205,1.0184374122628674,-0.016092247744149083,-0.000626864971627965,-0.4342234342613241,5.157728265346176,499,0.016020140193447763,0.9253494865072298,0.3867326124016808,0.01731252940325979,0.7156456823077939,9.155619615303438,0.005065908073435163,False,2.6881932708079568e-08,3.8121660754993156e-08
US500,05:30,120,none,fade,659,-0.11474069146774134,1.0158880124517085,-2.899441391148509,-0.11294620082269716,0.4195266674640024,5.039894320592711,499,-0.1127624589992889,0.9270054204332899,-2.7172683930217154,-0.12164163931919923,-0.668555262618201,8.82771928353767,-0.09760844858777311,False,3.2670427141535844e-16,5.367655915885766e-16
US500,05:30,120,day,follow,367,-0.15554632238812355,0.9962715057823167,-2.9909907524543025,-0.15612844639773338,0.21414894624620678,5.232765789158634,291,-0.14662738266797384,0.8014627933416784,-3.120888200072244,-0.18294970631963434,1.2183928956064372,12.105262237061517,-0.19533411684366206,False,4.216745692813171e-12,5.778975115330949e-12
US500,05:30,120,day,fade,367,0.04335564183664,0.9941861273499621,0.8354317056156748,0.04360918005585732,-0.20928156250348154,5.2362026316014605,291,0.049554184811112664,0.7951854913397057,1.0630614834509942,0.0623177678048743,-1.2134552699149084,12.109002196261638,0.1091785776313295,False,0.0007078371912672548,0.0008303791135336927
US500,05:30,120,recent,follow,357,-0.11876207001986967,0.95046631736269,-2.3608866470142056,-0.12495137160610297,0.44015663378581354,5.635280819447388,296,-0.07726885427913774,0.9431079899961912,-1.4095773221549013,-0.08193001766367157,0.8459371250979476,8.483835984491183,-0.1020636584076326,False,4.51988863009267e-10,5.9693252720614e-10
US500,05:30,120,recent,fade,357,0.006607571407964858,0.9537807361982779,0.13089631688449432,0.006927767732343081,-0.47725796078033733,5.9745998459299345,296,-0.017098066822416613,0.9421793539841625,-0.3122189668497662,-0.018147358833660053,-0.7996314968740459,8.26412781539616,0.011544356839859344,False,5.890290951819788e-05,7.099020435732004e-05
US500,05:30,240,none,follow,630,-0.022358024799123383,0.9350207706547894,-0.600181286087934,-0.02391179479731364,-0.2991910708235781,5.3537352216873755,494,-0.0020250796749717577,0.9485072271529186,-0.04745313887687389,-0.002135017654056603,-0.04019115075933487,5.729134651143539,-0.01492361885116415,False,1.6114360255639754e-09,2.3362476493757944e-09
US500,05:30,240,none,fade,630,-0.048747573995880075,0.9351663076706874,-1.3083816071534642,-0.05212717095989113,0.26662806133016215,5.262789902141511,494,-0.056903336096297996,0.948058684482469,-1.3340311860547625,-0.060020900633762635,0.0278827258909329,5.711053638197488,-0.04224494653683378,False,2.8140358510703316e-11,4.2179293989726814e-11
US500,05:30,240,day,follow,357,-0.16929403236845322,0.8857014284301142,-3.6115065962577466,-0.19114119830259624,-0.5397030502378953,5.510797952635252,287,-0.041033996595298515,0.9456514781261258,-0.7351122513084506,-0.04339230418865334,0.05503742310918943,6.186029176449517,-0.1639733523687681,False,2.23348248376256e-15,3.2576369683707e-15
US500,05:30,240,day,fade,357,0.09969365452423026,0.8868594629645883,2.1239623797325393,0.11241200966720807,0.5349307885907176,5.498893686192929,287,-0.01787190775702516,0.9417200914617951,-0.321506699032386,-0.01897794038702445,-0.06620341362013091,6.173828262815262,0.11083070066135857,False,0.02798633456845326,0.031152346526412075
US500,05:30,240,recent,follow,274,-0.14079391760813442,0.9276270639488069,-2.5123825245883302,-0.15177857900004568,0.05874198553290381,6.523979885036642,299,-0.09702801406869264,0.9491202596963191,-1.7677119296241621,-0.10222942043165086,0.5860499448711461,5.792516648128536,-0.12538828564539892,False,2.034392919377523e-09,2.5810850268751563e-09
US500,05:30,240,recent,fade,274,0.07666801115590048,0.9255136042210856,1.3712185250701683,0.08283834057785078,-0.07615657569077237,6.508865709439233,299,0.041049847699056216,0.948836288737491,0.7480934601854983,0.043263361853156566,-0.5947688166714873,5.828681778791248,0.06961953441682232,False,0.017562915562777476,0.01937141091035301
US500,06:00,60,none,follow,690,-0.06746192718149134,1.0044726268129727,-1.7641892959613037,-0.06716153868277824,-1.0629374466331414,9.938183966244663,501,-0.05473855133936331,1.0954553743813762,-1.1184523133789508,-0.049968764241332224,0.550704065129243,12.68153494677452,-0.07143794024592572,False,2.2494432700014134e-14,3.7275966888316544e-14
US500,06:00,60,none,fade,690,-0.09867175406460395,1.0117119396808456,-2.561890236968942,-0.09752949450782494,1.0263666438435823,10.047489559700809,501,-0.0870328903408902,1.0973598716602089,-1.7752241389720795,-0.07931116545132738,-0.4976555262885301,12.41970991298138,-0.06198865203599911,False,9.615012835610973e-15,1.5365121250081074e-14
US500,06:00,60,day,follow,387,-0.2060003759336737,1.0651506077307509,-3.8046304194842024,-0.19340023320509295,0.6545432995678109,13.05214145627176,290,-0.16565794524347377,1.0758563688762868,-2.6221466319738718,-0.15397775208274372,1.6832970085062908,18.739029230449592,-0.23987942387153208,False,4.555224723787569e-13,6.226087085199239e-13
US500,06:00,60,day,fade,387,0.04750849535710509,1.0578265201918935,0.8835117055766109,0.044911423990851435,-0.6492509167062295,13.081603459128303,290,0.025834515411710675,1.0716290737332979,0.4105393884003496,0.02410770297758854,-1.6608925110963515,18.594002780686413,0.11306689411190093,False,0.0006546390029580904,0.0007705555263317689
US500,06:00,60,recent,follow,379,-0.1829358547000774,1.0329555130234236,-3.4477583656710467,-0.17709945142228897,-0.7021298967965605,5.987158411717015,281,-0.17365382574052105,1.2312246204609352,-2.364287162947021,-0.14104154745988595,1.1528451464914768,13.624099003365604,-0.15140991333883685,False,1.434602707341019e-15,2.1327025128650088e-15
US500,06:00,60,recent,fade,379,0.01820489364226729,1.0215831677399423,0.34692374220418665,0.01782027564387356,0.6642861384628593,5.969525271115146,281,0.037135448325912944,1.230496314275154,0.5058963128859681,0.03017924385071259,-1.0777923365498752,13.397920256623644,0.019556516590035572,False,7.702188148735036e-05,9.3206679377729e-05
US500,06:00,120,none,follow,652,-0.016880029774993578,1.0650720175778436,-0.4046858613059107,-0.015848721491511588,-0.6839269861036819,11.013767183767902,496,0.01537367169784135,1.0204682625393302,0.3355204058657946,0.015065310957918035,0.856896311560696,10.083576527264043,-0.008215002408956808,False,2.8240637076476808e-09,4.100183125489975e-09
US500,06:00,120,none,fade,652,-0.0958514043180911,1.0707108375031766,-2.2858623759292427,-0.08952127965904401,0.6327947360121563,11.26233840250819,496,-0.10968124154287173,1.0219177076119188,-2.3903267489529134,-0.10732883942209175,-0.8130727423565344,9.850320283061391,-0.08324451514686802,False,6.98929060848906e-14,1.0957929577163239e-13
US500,06:00,120,day,follow,370,-0.1773748520092976,1.0809575669324123,-3.156343510285345,-0.16409048554297978,-0.1157497818639349,13.484357789379109,286,-0.09546504578439136,1.00184339962782,-1.611489798046956,-0.09528938935951084,1.3393173768551945,14.045941731986131,-0.21211095989180248,False,1.3904502265803424e-12,1.9198094227274608e-12
US500,06:00,120,day,fade,370,0.06912712245527461,1.0766704810839198,1.2349987975585182,0.06420453023443351,0.12334688981354619,13.502291758551324,286,0.002946953673166532,0.9988063726815761,0.04989706729080694,0.0029504754412555535,-1.3216256792841168,13.969103465393983,0.12531633538548548,False,0.0024036163552466194,0.002777742888998489
US500,06:00,120,recent,follow,358,-0.15073219629076737,1.094953707431226,-2.604664447334205,-0.13766079357307884,-1.4600777606892346,10.375448643282311,264,-0.134650574791885,1.072575912531868,-2.03977439365268,-0.12553943568808637,0.5099479805631064,6.116246849953572,-0.11065324863568009,False,3.472040879121479e-13,5.006144491385348e-13
US500,06:00,120,recent,fade,358,0.03856848065144867,1.085183991297104,0.6724665179620003,0.03554095983792421,1.4079495733710763,10.09704554883194,264,0.04480660577685499,1.0720497908990818,0.6790926861844234,0.04179526562780039,-0.48362465527612586,5.999308403312796,0.02205447583702298,False,0.00033308851642720226,0.00039552249321146325
US500,06:00,240,none,follow,629,-0.0244077575972095,0.9792188565125882,-0.625134455113282,-0.024925743039850998,0.4963658026265925,7.840048776452613,495,0.028592160116055986,1.0357884926060392,0.6141556971597166,0.027604245770406502,-0.055390828809951505,5.548673964029982,-0.03225178260836387,False,2.0291780084792812e-09,2.9236978007060506e-09
US500,06:00,240,none,fade,629,-0.031000914062998333,0.9803738035003525,-0.793063795109992,-0.03162152431277932,-0.5350304664491183,7.974917662619041,495,-0.07634180193881795,1.0353618387146954,-1.640487223511136,-0.07373441736426092,0.032110873856346915,5.4953291475596835,-0.006177744878440094,False,4.2391583705061277e-10,6.2344397686705e-10
US500,06:00,240,day,follow,359,-0.13211872801419047,0.960451926889196,-2.6063694466137757,-0.13755891816689805,-1.0151269817973405,8.266866415209243,286,-0.04582180076057919,1.0663715770893356,-0.7266856902624226,-0.04296982566400535,-0.4700410813376688,5.05354858504799,-0.18570223511371955,False,1.4832553686431911e-12,2.096777569519554e-12
US500,06:00,240,day,fade,359,0.07890541166571134,0.9606237499085657,1.5563264362730809,0.08213976770116473,1.010216722150076,8.26965813862253,286,-0.0008317126542591635,1.0630874802758299,-0.013230837093456418,-0.0007823557982672945,0.4563809881762292,5.059523083840626,0.14904528376374432,False,0.005603386202607879,0.006417796844714296
US500,06:00,240,recent,follow,323,-0.05830048176322374,1.0228659811360628,-1.024364854947837,-0.056997185201595385,0.20442479469822578,10.75255470969725,273,-0.166831776672437,1.1331584161120176,-2.4325930950726717,-0.14722723169179988,-0.30713265684048513,5.688899834169268,-0.06521628430218326,False,9.258886525211921e-07,1.1471565529184073e-06
US500,06:00,240,recent,fade,323,0.005942733799142471,1.0207081015384165,0.10463716778025994,0.00582216775803538,-0.2726395981020606,10.549586466399916,273,0.11947982551774619,1.1324553340751904,1.743230522783859,0.10550511081774216,0.2774107595767006,5.655532195339743,0.02729538899676325,False,0.00011431538730199858,0.00013561271383873307
US500,06:30,60,none,follow,693,-0.01724693975249134,1.0490687058132606,-0.43278752272651005,-0.016440238524817248,0.253432793432049,7.152939351189408,504,0.04234773308890944,1.0361724695750987,0.9175154502429014,0.04086938645095917,2.540593137353683,20.83140888266916,-0.013605497657187588,False,1.1248219474413811e-09,1.663017763735727e-09
US500,06:30,60,none,fade,693,-0.1512348847927802,1.0484744376929633,-3.7971762032884793,-0.14424279634852483,-0.2788729515454064,7.1860482623491855,504,-0.1782068694254547,1.0386681677722298,-3.851792536146149,-0.17157247613323776,-2.461179221868454,19.994192178586115,-0.1192742518036806,False,2.9383227956059937e-21,5.4071349249529054e-21
US500,06:30,60,day,follow,392,-0.21042709309368315,1.11573023291869,-3.7340960765354425,-0.1886003326657352,-0.3638034405587736,7.853708813711088,294,-0.2365695505889864,1.0318807988551038,-3.930999411810381,-0.22926054138371985,0.72153036254909,21.859584249766154,-0.22390461545920717,False,1.018315213850631e-15,1.502891165711115e-15
US500,06:30,60,day,fade,392,0.04653335025729936,1.1149288404484687,0.8263427199002542,0.04173661005897183,0.3283875602292141,7.8537775756326464,294,0.10157145755725872,1.0250941807373508,1.6989538491668834,0.09908500064276855,-0.7116672344227378,22.011302909807608,0.09737181011210747,False,0.00037297440936237775,0.0004443079427694181
US500,06:30,60,recent,follow,389,-0.09050139788139064,1.1459249242508842,-1.5576645008027514,-0.07897672523403167,-0.1659152546076561,7.319789449400685,264,-0.26483987377262347,0.9289127456562473,-4.632446514850473,-0.28510737419747917,-1.442901854209274,12.5595311765945,-0.07024122470755155,False,5.075637369609913e-09,6.7328981530637335e-09
US500,06:30,60,recent,fade,389,-0.0758249778045797,1.14228539005379,-1.309219515473186,-0.06638006444344799,0.14577672865452987,7.382746468026096,264,0.129127555470387,0.9217037177896703,2.2763002893247983,0.14009659826483795,1.465058212958278,12.944750700082343,-0.06344666626818422,False,2.887899049379451e-08,3.767010443769627e-08
US500,06:30,120,none,follow,657,-0.006968439828766478,1.0430264482131906,-0.1712469787261748,-0.0066809809479942885,0.48012052119047155,9.473009540313498,499,0.045994370766248516,1.0017634856937034,1.02562773617307,0.045913403136667766,1.2200151398840249,12.484803765161875,0.013333422657714665,False,1.2359085446867685e-08,1.7652380994694017e-08
US500,06:30,120,none,fade,657,-0.104381569365177,1.045541010142782,-2.558971415601581,-0.09983498337470507,-0.5620563560246928,10.064218001063928,499,-0.13677756736650679,1.0038624873895925,-3.043623456929491,-0.1362512984444495,-1.2100432039700533,12.259315645982872,-0.10193090482596995,False,2.5853579021118765e-16,4.3527693141475104e-16
US500,06:30,120,day,follow,377,-0.20961003553700203,1.05829398685723,-3.845708996241916,-0.19806409007337544,-0.5883085749848774,7.894269979184025,290,-0.11103480868376206,1.0218834058445825,-1.850362425231595,-0.10865702295262564,1.307013224195629,16.014259485372225,-0.18156418985829917,False,1.968363388400901e-16,2.9350383086613435e-16
US500,06:30,120,day,fade,377,0.10151782656964153,1.057191180087471,1.8644874098010804,0.09602598705112357,0.5763168764592694,7.863029471269189,290,0.021397094758428888,1.0165486128461316,0.3584475834652267,0.02104876686469654,-1.320368165987235,16.025627332530448,0.0974383179854108,False,0.011248962344195389,0.012755251707762573
US500,06:30,120,recent,follow,375,-0.13547081763190003,1.1022028193875455,-2.3801255601804514,-0.1229091554194865,-1.486643668869135,12.146955683362332,271,-0.18001189645276042,1.0244673135952846,-2.892595766571581,-0.1757126792274351,-0.7305162836404411,6.719831344694954,-0.008141196738433183,False,1.548763327042548e-12,2.2213611517721783e-12
US500,06:30,120,recent,fade,375,0.025375120264754216,1.0953915234836151,0.44859493654313204,0.02316534291232698,1.3978672753696098,11.416629463676127,271,0.09180738006924195,1.0215961952668517,1.4793910010614209,0.08986660335521404,0.7125087500486361,6.728543497447056,-0.0794789247519535,False,0.000109020923210505,0.0001315239790334306
US500,06:30,240,none,follow,644,-0.051318734782555206,1.0285961338050555,-1.2661174277554244,-0.04989201601673663,-0.30314380555187953,10.968542102744332,499,0.03901224370140257,1.030158448256615,0.845954826939967,0.03787013907173678,-0.21359590701867023,5.268400855773041,-0.030126189029834317,False,1.4232414104257137e-11,2.1673812720657994e-11
US500,06:30,240,none,fade,644,0.0011019939726970972,1.0278831279037137,0.027206859597339268,0.0010721004584874612,0.23500828980034416,10.588178631771237,499,-0.08136039034542474,1.029067229092591,-1.7661173141262967,-0.0790622692524827,0.19779887813194968,5.226832040761021,-0.003283411189207918,False,4.8328691592565264e-08,6.78317156242429e-08
US500,06:30,240,day,follow,370,-0.10237826760400973,1.0131334334205826,-1.9437570925706307,-0.10105111945457769,-0.6811903716341526,7.304737476209736,290,-0.04600402006692867,1.0331914752350826,-0.7582527061862446,-0.04452613205743045,-0.014540024842228595,3.826839317022688,-0.12662121665436868,False,3.5036978249703736e-10,4.744728906875854e-10
US500,06:30,240,day,fade,370,0.05377715161671413,1.0136120861692075,1.0205325875697426,0.05305496289014931,0.6702579719095924,7.318850002032864,290,0.004362208891348612,1.029500549216728,0.07215706749857842,0.004237208901605249,0.0007613592574168137,3.82493475562375,0.09475042785758299,False,0.0010032057065614455,0.001176349650359198
US500,06:30,240,recent,follow,334,-0.07856501876380832,1.0012696394018294,-1.434007439197171,-0.07846539600535976,0.4906837075608262,8.714622355228432,275,-0.08692364681876634,1.0962629995751676,-1.314890322937741,-0.07929086984824962,0.41276569781249584,3.9327299995732337,-0.09619437552388531,False,1.232496776896738e-07,1.5529752550220037e-07
US500,06:30,240,recent,fade,334,0.03110982807928613,0.9979547236112639,0.5697180856977002,0.031173586680075104,-0.5251901368701039,8.675467483056522,275,0.04547676628120907,1.0965136481655815,0.6877678662996461,0.04147396282507717,-0.4283765920288295,3.9591141496791016,0.06357353639250023,False,0.0005601670190244534,0.0006538091323820266
US500,07:00,60,none,follow,697,-0.0722653217312893,1.1390906367106564,-1.674896779843371,-0.06344123935560504,-0.3563426059683427,16.921540309645057,505,-0.0011965533707302602,1.0400111567681445,-0.025854715625317166,-0.0011505197448540589,1.4086625515107423,14.241187334608437,-0.008768130132387501,False,1.7499853402506759e-13,2.8174659221746565e-13
US500,07:00,60,none,fade,697,-0.08896736280611652,1.140797817741776,-2.0589150330610053,-0.07798696791183259,0.33215292738928914,17.277622495798827,505,-0.1277687610756129,1.0410554353674417,-2.7580143197701115,-0.1227300264087443,-1.3514197487761754,13.707063271933917,-0.11794892933913304,False,4.771391493292135e-14,7.663575769157389e-14
US500,07:00,60,day,follow,392,-0.14169268317879083,1.2384022974086237,-2.265315564447035,-0.114415714081995,0.5465137277102803,19.734526071501904,277,-0.09410759791598958,0.9741173227274335,-1.6078787898805362,-0.0966080735044291,-0.014231859994338483,8.220043560251451,-0.11380701886718177,False,6.144948110620346e-10,8.152022669785028e-10
US500,07:00,60,day,fade,392,-0.01161246151958319,1.2378126596494217,-0.18574297672358647,-0.009381437028501647,-0.53388209620391,19.455205145617885,277,-0.033422745377230806,0.9718316618803344,-0.5723885806330369,-0.03439149668427482,0.02743186962007123,8.310052425197995,-0.004990305001228107,False,6.075595110969624e-06,7.574738649370366e-06
US500,07:00,60,recent,follow,355,-0.10536140778682537,1.1808496598668317,-1.6811293583589042,-0.08922508204702988,-0.5055411249686714,13.168443705576971,266,-0.14789401857806866,1.2162159583750751,-1.983264921325805,-0.12160177438854068,-1.1509074361311995,13.346644844816039,0.04849991485072775,False,5.4727727210438825e-09,7.181849336569592e-09
US500,07:00,60,recent,fade,355,-0.05313604992755892,1.1863340664144828,-0.8439105986300363,-0.04479012398940434,0.4326684852053974,13.28599139075589,266,0.022562642494878722,1.2114248887898706,0.3037625908630444,0.018624879432200897,1.227483774493227,13.95015661629008,-0.1745390250764688,False,9.730223733776553e-07,1.2167696301135781e-06
US500,07:00,120,none,follow,673,-0.060390859059154624,1.0938489869349723,-1.4322583758311065,-0.05520950312197415,-0.3636275454948185,9.993062399562405,503,-0.005387593558303479,0.9635878569569637,-0.12539710178968982,-0.005591180419518407,0.08063101458257502,5.911593622095791,-0.010951849862420305,False,1.7468472481203033e-12,2.738793041922892e-12
US500,07:00,120,none,fade,673,-0.0374753921997771,1.0952864407645633,-0.8876178094612442,-0.0342151521328224,0.3024930081972706,10.384825665842792,503,-0.07306143352618139,0.9630071735911624,-1.7015419450463352,-0.0758680054829987,-0.09883861775611819,5.9172183959117595,-0.06609535666795414,False,1.2692636102700404e-10,1.902943644691917e-10
US500,07:00,120,day,follow,384,-0.11944617721298738,1.124263115851569,-2.081948126004358,-0.10624397040946532,0.071213851142825,10.328717427525012,277,-0.04672037210682053,0.9951705322277545,-0.7813554934357745,-0.04694710162109996,-0.5370182139965058,6.6520282640817925,-0.15288288401098363,False,4.894596450483249e-10,6.562763310529924e-10
US500,07:00,120,day,fade,384,0.02573161616365932,1.126278793914232,0.44769966511802844,0.022846577865709886,-0.062170139135789365,10.200331869716736,277,-0.030576132742583695,0.9904365585881251,-0.5138019843430697,-0.03087136927393937,0.5103394980355219,6.621897478561061,0.08088753010619312,False,0.00011464120832514132,0.00013809196857404707
US500,07:00,120,recent,follow,354,-0.0960068846472348,1.131305743845365,-1.596702540427839,-0.08486378255351429,-0.2866648798747566,12.821863685744649,271,-0.17019770987823607,0.96164937214198,-2.9135441608617145,-0.17698520355619565,-0.555783095861139,6.388822266993774,0.0012155136056735583,False,1.245283000975402e-08,1.6193120964935007e-08
US500,07:00,120,recent,fade,354,0.0023872945076596815,1.1297668914549877,0.039757474272997084,0.0021130859168524293,0.18062167708688,12.204901469925321,271,0.09266592441380869,0.9592397553726251,1.5902944317143595,0.09660350699060821,0.5396921158855739,6.360195749099853,-0.07723134472500262,False,4.211714040272448e-05,5.091791848633438e-05
US500,07:00,240,none,follow,664,-0.06822745062857848,1.0396289991199361,-1.6910825121567399,-0.06562672904116199,-0.6643337834851016,11.455376401011055,502,0.006257950708717577,1.0194746611974397,0.1375332040510226,0.006138407306138638,-0.39750614896044983,5.357662587034756,-0.03386227270725429,False,2.081695741750121e-13,3.329027599537621e-13
US500,07:00,240,none,fade,664,0.021264833342576034,1.0386572685652689,0.5275623066145022,0.02047338808108457,0.5955313671976804,11.007233362913883,502,-0.045891948625228385,1.0184730647472797,-1.0095755156701944,-0.04505956044759598,0.38762415744918444,5.306082186618185,0.003265555335709765,False,3.854699836348336e-07,5.32015698990034e-07
US500,07:00,240,day,follow,378,-0.095115576009004,0.9983857545569536,-1.8522481365960668,-0.0952693641459385,-0.4013752092974788,4.700108623276426,277,-0.02271060593824285,1.0069490689286857,-0.37537133211133744,-0.022553877488962912,0.251707427331663,3.6153845660247237,-0.12117680777705161,False,7.49644115857978e-10,1.009025935338602e-09
US500,07:00,240,day,fade,378,0.050317271127791385,0.9985972135265869,0.9796538055992234,0.05038795466902404,0.391111440148264,4.716380756403741,277,-0.016309367513262195,1.0040403175086348,-0.27034967469500565,-0.016243737655606577,-0.2606120847313095,3.6118493494204658,0.0923137987405947,False,0.0008083394006678799,0.0009510940240692229
US500,07:00,240,recent,follow,357,-0.009110214916881302,1.0908609793448587,-0.15779503111986198,-0.00835139865608966,1.4312109119277796,14.876101450022505,279,-0.07379418543042128,1.1148477360972848,-1.1056271341462809,-0.06619216511911344,0.8114491870709257,5.581452492943447,-0.08508392321724552,False,1.891380813559815e-05,2.3045907548359082e-05
US500,07:00,240,recent,fade,357,-0.03589214182254333,1.092417665392763,-0.6207900804124388,-0.03285569517922325,-1.5346603155397487,15.559087137010428,279,0.036062579646538855,1.1165581658640205,0.539482720899749,0.03229798567514191,-0.8250079965746812,5.658444431318953,0.05506284113951587,False,1.1864531428940277e-06,1.4942026622007705e-06
US500,07:30,60,none,follow,707,-0.08035218846934815,1.0941112036620064,-1.9527468745426961,-0.07344060475791508,1.4154479332132555,15.912492681396124,503,-0.035508040292031195,1.0338065920064556,-0.7703204004228342,-0.034346889027971554,-0.0016358399702088371,7.339618435495774,-0.03335800883732296,False,4.75515817581669e-13,7.404265641897721e-13
US500,07:30,60,none,fade,707,-0.07694121551788918,1.099173111057477,-1.8612411860781608,-0.06999917915010372,-1.5631722137847164,17.648748276975315,503,-0.08960063008986453,1.035433411171071,-1.9407646879514329,-0.08653442039167597,0.025653329384661947,7.269802709368837,-0.08746482924491995,False,2.3905384200662405e-15,4.094445229619442e-15
US500,07:30,60,day,follow,402,-0.1369289440788683,1.026452473844151,-2.6746652787235328,-0.1334001793244824,-0.13015676938658513,5.617119768517995,285,-0.009029597906472382,0.9721729187117354,-0.1568004563608615,-0.009288057435746984,0.39477107227853,6.244431077425622,-0.09815666225770867,False,2.735812794380674e-12,3.850803142318084e-12
US500,07:30,60,day,fade,402,-0.01469896578079897,1.0304041699162323,-0.28601723101836657,-0.014265242911423715,0.11249079503495205,5.531002176844334,285,-0.1131601523033521,0.9664963828033611,-1.9765860243999727,-0.11708285133476297,-0.4036591981966857,6.096119484592432,-0.01622678362962806,False,3.1823220880523505e-06,4.0017773417797855e-06
US500,07:30,60,recent,follow,373,-0.20929508993380044,1.1893538320440684,-3.3986182065823023,-0.17597378029555594,-1.8252611321930126,21.82397797624005,276,-0.10466339001225933,1.0961191136790243,-1.5863228771400117,-0.09548541641698607,-0.37721762367535366,6.597820889973237,-0.07217003903743999,False,1.8055445760978112e-16,2.757060080281211e-16
US500,07:30,60,recent,fade,373,0.05569134703193799,1.1818053875279209,0.9101147919034478,0.04712395764960265,1.628439501857371,19.5863134544317,276,-0.01914282789316178,1.1045512254775702,-0.2879219493189551,-0.017330864745440006,0.39642501646502837,6.695683420570231,-0.04657102439903955,False,0.0005221446470403617,0.0006197873694396577
US500,07:30,120,none,follow,696,-0.08287590315020124,1.0065942286890128,-2.172093209962136,-0.08233298064716577,0.3207943257306552,10.338296266414108,503,-0.05775146979512544,1.0355029489217862,-1.250822526946471,-0.05577141992232756,-0.26112196404294713,7.5347831738223725,-0.061156419851673915,False,1.6760391645170937e-14,2.7191463156736675e-14
US500,07:30,120,none,fade,696,-0.01243706682233678,1.0094862586315196,-0.32502904808748684,-0.012320194273071853,-0.4402580809106714,10.609588791713293,503,-0.018398717242144254,1.0341864917970776,-0.39899979884373493,-0.01779052171738707,0.239212005433436,7.570986327581034,-0.012226050517367932,False,1.6931099039331532e-09,2.4994976762919494e-09
US500,07:30,120,day,follow,397,-0.12435349045875094,0.9529669443656094,-2.6000122658445295,-0.1304908750444992,-0.7327953642602509,7.2227234863542185,285,0.03597756236581835,1.0117860722254952,0.6002960254070324,0.03555846769730992,-0.10738170880603826,8.255772195522166,-0.09727350908716834,False,8.899157682133854e-13,1.2760866701002301e-12
US500,07:30,120,day,fade,397,0.03210241638348074,0.957636324227726,0.6679321772235344,0.033522555036087774,0.72765280851752,7.191337609393622,285,-0.11023556122857592,1.0087784944466593,-1.8447959321666392,-0.10927628001134473,0.06897079179036594,8.16527652841785,0.0280171789923097,False,0.00017206303927086872,0.00020739798934270767
US500,07:30,120,recent,follow,345,-0.17818113858001447,0.9866233736659271,-3.354438835195029,-0.1805969160430077,-1.0564133863134448,11.735205505453537,255,-0.13750888402809694,1.146843107100144,-1.9146828136950949,-0.11990208876591302,-0.7192864638029375,7.699571141958507,-0.005205019968403841,False,8.1595474563195e-15,1.1833328158202631e-14
US500,07:30,120,recent,fade,345,0.08612817921299515,0.9784106555841011,1.63505979568944,0.08802866027821162,0.9356310516669135,10.654447069066087,255,0.06266712469674944,1.1476082009554414,0.8719994598111128,0.05460672435468474,0.6948513660264858,7.59555130480065,-0.06841157699420199,False,0.009043367269984406,0.01024982919093183
US500,07:30,240,none,follow,690,-0.07745626786686773,1.0549020436882444,-1.9287190893038346,-0.07342508086917539,-1.1492946646202813,11.869683568882822,502,0.016601294902889054,1.0306945503904283,0.3608808551087626,0.01610690082391574,-0.5850261863716094,5.495728447673941,-0.028773043228223855,False,4.585334143282114e-15,7.718239014619215e-15
US500,07:30,240,none,fade,690,0.03216381190485307,1.0524731741068267,0.802751311716575,0.03056022015207052,1.0932043358704633,11.391336507063851,502,-0.054214154399334476,1.0297234179925592,-1.1796249707146718,-0.05264923905977074,0.5799238005054307,5.472738126088499,-0.00024113876680587437,False,7.14510395766939e-07,9.880243722122317e-07
US500,07:30,240,day,follow,393,-0.032500514533040196,1.0123447651355078,-0.6364408840360057,-0.0321041957763172,-0.30281718446492006,5.5871862250651825,285,0.028692966357942214,1.0098928163887861,0.4796479538796459,0.028411892720005313,0.6137264684309983,5.37771624735917,-0.06668172944462307,False,6.460724695292298e-07,8.237973688272043e-07
US500,07:30,240,day,fade,393,-0.011192284336669175,1.012652486765217,-0.21910615435380226,-0.011052443442292264,0.2954823458167162,5.591164971270636,285,-0.06543056313900111,1.0072332017407137,-1.0966626561924364,-0.0649606893675895,-0.6249311764222878,5.409430058640536,0.039013639572090406,False,5.514203615283756e-06,6.877423905490201e-06
US500,07:30,240,recent,follow,363,0.030523690745557098,1.1255233844398298,0.516696874808613,0.02711955270547192,2.0240024623002637,14.635224445811454,273,0.009546300458984133,1.088611657626166,0.14489167796924313,0.00876924327615677,0.9187715875256154,5.938941206132282,-0.05089766740638192,False,0.00015856027466687976,0.00019027806763768692
US500,07:30,240,recent,fade,363,-0.0737145350272101,1.1305944944095272,-1.2422230305405635,-0.06519980009783155,-2.0932705526594173,15.236913013012371,273,-0.044765204373513875,1.0901585866439374,-0.6784724465909313,-0.04106302048339952,-0.9290381864988181,5.985803454604676,0.021721599378611563,False,9.91837365697427e-09,1.3190677193114253e-08
US500,08:00,60,none,follow,737,-0.09650548754890144,1.0545623951329643,-2.4843539605052554,-0.09151235431331074,-0.7646566825448238,8.796688289357002,507,-0.05352761283784072,0.9996213273945291,-1.2057196585637866,-0.05354788995684815,-0.05860152317725038,9.338625769793056,-0.06534974833800793,False,1.5035775961204555e-17,2.6860640058735186e-17
US500,08:00,60,none,fade,737,-0.03415390863062393,1.0558741084622147,-0.8781364728752318,-0.032346572718187035,0.7071192869488897,8.917197905666223,507,-0.047108850956726886,0.9972084048695178,-1.0637034327853696,-0.04724072794281248,0.024094936168937955,9.42446672216424,-0.03263452114043958,False,3.2773411216393865e-11,5.060558000217192e-11
US500,08:00,60,day,follow,405,-0.08011757022888737,0.9762136999428255,-1.6516209505250548,-0.08206970485415198,-0.2507824141714761,12.245279004604942,302,-0.08407526174244498,0.9923025654612543,-1.472406023162813,-0.08472744570942843,-1.401231482679934,11.930811770330198,-0.11120173738008982,False,1.7888521549706048e-09,2.4060428876398535e-09
US500,08:00,60,day,fade,405,-0.04728719131516777,0.9806298760623565,-0.9704337910170531,-0.04822124276393234,0.2673719046113549,12.211557582971055,302,-0.014751475150263859,0.9852056826026766,-0.2602028297854464,-0.014972990321466689,1.3760884988795423,11.74731327837603,0.016708648408616165,False,1.1862012668432442e-07,1.5363216431426052e-07
US500,08:00,60,recent,follow,373,-0.09098350555183457,1.0287133478665191,-1.708137026974275,-0.08844398270959361,0.07242542626224206,5.494063233630789,274,-0.10646483797632203,1.0910303704125635,-1.6152681843529224,-0.09758191968209216,-0.7048094904173178,7.736124639863742,-0.013725088946592598,False,4.765325088518257e-09,6.271569025481429e-09
US500,08:00,60,recent,fade,373,-0.03688421104228203,1.0319960348924966,-0.690266641135958,-0.03574065189710179,-0.14847449274890695,5.828924017280771,274,0.00968032236855856,1.0906582797312836,0.14691847133527805,0.008875669445193777,0.6581491857332303,7.6233611284601634,-0.0846783181157819,False,8.994217954278377e-07,1.1356248988927792e-06
US500,08:00,120,none,follow,724,-0.06005252263951362,0.9804359516852182,-1.6480914664169584,-0.06125083697338168,0.04072139943207676,5.428221586870533,507,-0.006078250732559292,1.07507459728948,-0.12730456892407496,-0.005653794395183381,-0.06552237175351613,5.75219940858886,-0.05611778689034396,False,1.378521097135899e-13,2.2372107824511e-13
US500,08:00,120,none,fade,724,-0.00766042439546806,0.9805346016809934,-0.21021281590874202,-0.007812497776555058,-0.08176394280716316,5.301645942255409,507,-0.050512126208671904,1.074158438195435,-1.0588423052408502,-0.04702483768924376,0.037216261498358764,5.697521383277101,0.013453777198630843,False,1.8756041071401383e-09,2.784903981441808e-09
US500,08:00,120,day,follow,396,-0.03215777556304442,1.0152426131668553,-0.6303238708768585,-0.03167496630459038,-0.5989218795826605,5.405788541564386,302,-0.1117234410021529,1.071665279280716,-1.8117097200274759,-0.10425217944649641,-0.6888433470274408,5.725460100569773,-0.09046780640806283,False,5.472027998231889e-07,7.002658932202055e-07
US500,08:00,120,day,fade,396,-0.033364462391644034,1.0178122383740893,-0.6523250492356668,-0.03278056711613363,0.5829287481781745,5.420899966579512,302,0.056370493498868766,1.0672784913324573,0.9178623400972779,0.052817042558866066,0.6725585411523641,5.716437135244595,0.04895690731413846,False,7.792167335321128e-07,9.893411548378848e-07
US500,08:00,120,recent,follow,348,-0.11835528445046407,1.0869049834136875,-2.0313543830453744,-0.10889202483803205,-0.18934609535558963,5.703712662549094,248,-0.09706745891920264,1.1347683670194428,-1.3470765630304604,-0.0855394472919243,-0.14453882813574662,4.568234037710055,-0.0018347967202864313,False,1.078310739198295e-09,1.4255541482874127e-09
US500,08:00,120,recent,fade,348,0.053947985594769425,1.0842255592289307,0.9282078005075729,0.04975716089291941,0.13402660959709073,5.634021751861024,248,0.043806248223372826,1.135405802976341,0.6075902422509304,0.038582018964972334,0.11282029042345514,4.592291940293434,-0.04076711786931351,False,0.001280798818137171,0.001486890964398838
US500,08:00,240,none,follow,723,-0.05717885020476857,1.0359406718254698,-1.4841222719129097,-0.055195101186645744,-0.6401905986212381,7.287080700304518,506,0.0020145982555731124,1.0243784779664817,0.044238792722128,0.0019666542190268773,-0.5958602461360275,5.099107373541425,-0.02935168294318904,False,1.7426923449585085e-13,2.847393623825677e-13
US500,08:00,240,none,fade,723,0.012653392358226276,1.0345856293473465,0.32885896218267635,0.012230396401512446,0.5973384881475029,6.997021554491755,506,-0.03853044684396958,1.0232143778453822,-0.8470570667145357,-0.03765627973788296,0.5895434306562128,5.08557251095611,0.0012887800146946119,False,3.947059897573143e-08,5.6725877321462025e-08
US500,08:00,240,day,follow,396,0.017389910826174946,1.0599299776263014,0.32648841281379226,0.016406660056091076,-0.3271998379498069,4.359178955802852,302,-0.04674602549495382,1.027550926852436,-0.7905781511127744,-0.04549266053230556,0.26088405150938915,4.880534597706072,-0.012161785097667084,False,5.583504654229627e-05,6.798854895246985e-05
US500,08:00,240,day,fade,396,-0.06045218127810021,1.0602819917445323,-1.1345879942454828,-0.057015191947790575,0.31650483672345103,4.353810518949557,302,0.010667541869208857,1.024693749175345,0.18091465179940872,0.0104104683743742,-0.26746354073706347,4.9060345542037895,-0.015178895387501773,False,6.487320367049541e-08,8.420143796332894e-08
US500,08:00,240,recent,follow,366,-0.02304489763171641,1.068032665810475,-0.4127915420445559,-0.02157695955322567,1.0097400600129174,9.588612052428429,258,-0.007001030508265109,1.0839152463503234,-0.10374722712113307,-0.006459020234135873,0.628885588796703,5.212850273074115,0.021641520613059774,False,5.404952228037007e-06,6.677198929523757e-06
US500,08:00,240,recent,fade,366,-0.017928531889198948,1.070748904163696,-0.320330013558472,-0.016743918036695966,-1.068869821837199,10.048024583609534,258,-0.027011843660817044,1.0855267378329516,-0.399690250966573,-0.024883628122086675,-0.6409253502490649,5.24801265264593,-0.04936778631066316,False,5.51497863911946e-06,6.840745283381527e-06
US500,08:30,60,none,follow,753,-0.10219000680849322,0.9702627622770704,-2.890124504651931,-0.10532199191966063,-0.6336613348960699,10.807568718476581,510,-0.09285253485866535,1.1007573462050653,-1.9049661367410535,-0.08435331835738429,-0.4724624863767096,10.21528657072471,-0.09786026498438515,False,3.962846805945792e-19,7.294309666762079e-19
US500,08:30,60,none,fade,753,-0.023787476445541713,0.9707722496823279,-0.6724012407956508,-0.024503663401303284,0.5833480707522258,10.551978049380237,510,-0.0063463964314074,1.097167498501451,-0.13062892448069566,-0.0057843460001098515,0.4211379306766136,10.217571776701512,0.0043506783155213,False,6.922524643294855e-11,1.0681779291847991e-10
US500,08:30,60,day,follow,410,-0.07529852727247896,0.9720465446606776,-1.5685246553094714,-0.07746391125618804,-1.1810880103434054,13.147989754860182,293,0.011442381129276853,1.1144828417140555,0.1757425133075337,0.010266987252741071,-0.7914559651277134,12.119648251440408,-0.07007849514739443,False,6.495736706443596e-10,8.92525761656692e-10
US500,08:30,60,day,fade,410,-0.0461210672150635,0.9757081137494813,-0.9571309500723663,-0.04726932836279084,1.19626399363666,13.254897862117865,293,-0.10793927134404668,1.1137825162740715,-1.6588720731990227,-0.09691234129364423,0.7259122167729214,11.793721134145349,-0.018770981640452905,False,1.967695237108568e-07,2.527548027889583e-07
US500,08:30,60,recent,follow,395,-0.09827021410417083,1.0234624079565924,-1.9083083672892651,-0.09601741435757621,-0.7674046886890817,13.208158184098766,269,0.0009608601922191041,1.1488548485476284,0.013717380319606433,0.0008363634391531833,0.5643169394054574,7.084032760218485,-0.07847819755144683,False,2.1184201340952622e-10,2.905497204948462e-10
US500,08:30,60,recent,fade,395,-0.026139555629982856,1.0316513346645217,-0.5035745853328236,-0.025337587178601448,0.6776724595522636,13.670845601884986,269,-0.09362449229934307,1.148311594283982,-1.3372292444996547,-0.08153230600943437,-0.6262242653561754,7.051418486538642,-0.01423229149279296,False,1.629854240962133e-06,2.054717004459647e-06
US500,08:30,120,none,follow,747,-0.07958314756476181,0.9830504791251525,-2.212613681506676,-0.08095530113121491,-0.8701935167635344,9.774082556559154,510,-0.0005834566488721408,1.0425789072337812,-0.01263818612475765,-0.0005596282879155834,-0.196978718779965,5.222153774046617,-0.053199430686310965,False,1.0382959127242564e-16,1.8349035095029245e-16
US500,08:30,120,none,fade,747,0.019575183523647316,0.981654432863031,0.5450138154165461,0.01994101271111829,0.8099312963834651,9.207896740687254,510,-0.048282978114921424,1.0407694487819452,-1.047670227795442,-0.04639161744364129,0.18079544413379006,5.1869969192493635,0.01693715543849518,False,6.8719054410183e-08,9.885000464870691e-08
US500,08:30,120,day,follow,407,-0.004217606745659519,1.0063996035816045,-0.08454595434564699,-0.004190787367810735,-0.47281710773408836,4.35241691724126,293,-0.04575259671449415,0.9793783484143446,-0.7996483754464225,-0.04671595690120122,0.08305262615761788,3.5346211718670237,-0.05670766618923341,False,6.887977185485533e-06,8.609742059276033e-06
US500,08:30,120,day,fade,407,-0.05334712400289178,1.008245132517881,-1.0674365803297041,-0.05291086689371712,0.4623393738978871,4.357821591186744,293,-0.0016802770920012508,0.9752842960888537,-0.029490591633316018,-0.0017228587589686447,-0.09598574749253866,3.509265714009186,0.021966135029279597,False,7.408275007123095e-08,9.63153822393475e-08
US500,08:30,120,recent,follow,347,-0.012342836625787078,1.0897930782105352,-0.21097727215061404,-0.011325853386823024,1.0578716900107914,11.008528069823765,242,0.006975575906043489,1.1521138316841897,0.09418730301150653,0.006054589151009855,0.10888127632513446,4.728835321481916,0.057654885135512056,False,1.9203864680511168e-05,2.333058233792936e-05
US500,08:30,120,recent,fade,347,-0.04524554335363698,1.095271075040886,-0.7695182549276108,-0.041309904355821665,-1.1336413204450095,11.666994075068045,242,-0.05377725173896379,1.1528623982727226,-0.7256526950430036,-0.046646721950109236,-0.13981428445458616,4.762591289522318,-0.09385315259976376,False,7.836545433829121e-07,9.869207321572378e-07
US500,08:30,240,none,follow,742,-0.04297146534547725,1.0519155075872468,-1.1127593664773217,-0.04085068148110095,-0.32910425834186263,4.740572500126893,507,0.00044298589565482067,1.0053943731099966,0.009921045198594847,0.00044060908585009077,-0.6412715935255375,5.146636203061572,-0.022496538138887114,False,2.4833148852297853e-12,3.967505309244594e-12
US500,08:30,240,none,fade,742,-0.0010286932843439683,1.0508721376400751,-0.026664778459788905,-0.0009788948126972768,0.3083988763495689,4.6529760052225555,507,-0.03628885074171893,1.0040780983383197,-0.813785036622629,-0.036141462304351106,0.6369829866004318,5.13535048029591,-0.004875147078517345,False,3.754399499625874e-09,5.558980119664664e-09
US500,08:30,240,day,follow,404,0.015102634778823468,1.0563642015984038,0.28736225791962655,0.01429680668463717,-0.29204655832657556,4.546827696156023,291,-0.0033991047391526605,1.047544530992846,-0.05535266659301063,-0.003244830781495316,0.33365347324320865,5.0026668627115205,-0.0019998366469085368,False,3.9514766353392436e-05,4.840449160090035e-05
US500,08:30,240,day,fade,404,-0.05724991045050754,1.056839595838296,-1.0888208231667036,-0.05417086062629621,0.28452301371561134,4.550225828319718,291,-0.031486280321459684,1.0451917893430993,-0.5138920069346662,-0.030124882956886544,-0.34237696406769397,5.021925123796902,-0.024218388562491734,False,6.353871117131005e-08,8.272952945992621e-08
US500,08:30,240,recent,follow,362,-0.04398407493636873,1.1386371923126288,-0.7349611488448679,-0.03862870037385208,-0.12113324300721552,4.952194710006414,249,-0.03334520152237107,1.0540407222449832,-0.49920121082112795,-0.03163559131885312,0.5376640382360991,5.317991019340135,0.002413984063547175,False,9.809127488985087e-07,1.2331965904892935e-06
US500,08:30,240,recent,fade,362,0.0031066754468036307,1.1385403268505705,0.05191606320287872,0.0027286477022709543,0.09162326502561834,4.900410103894211,249,-0.000574663113670952,1.055633727361772,-0.008590130028282513,-0.0005443773714081148,-0.5482386841770346,5.349192054655416,-0.029954540057205225,False,3.6793539208377504e-05,4.4639769043887306e-05
US500,09:00,60,none,follow,757,-0.055218863854312426,0.9756761415881479,-1.5571473864574144,-0.05659548440369817,0.06472832644051665,5.065373032232279,516,-0.013129809773926615,1.0660720702132112,-0.2797671504104201,-0.012316062056949576,-0.015956744085617744,6.173537660829584,-0.04628447918974615,False,1.0516407861278252e-13,1.7293892758582155e-13
US500,09:00,60,none,fade,757,-0.026018081995961586,0.9748661307112196,-0.7343079592605536,-0.026688876735290756,-0.08483949945227649,4.973400985233514,516,-0.05623285816259064,1.0651453720054687,-1.1992400508729788,-0.05279359948465507,-0.016618275877163063,6.098093653923228,-0.0014858017561540748,False,2.87258914316402e-11,4.493196946647778e-11
US500,09:00,60,day,follow,425,-0.03685787585046373,1.0400188559783554,-0.7306065384959092,-0.0354396226939474,-0.6027318263772203,5.208793394165924,281,-0.056959333750222815,0.978506104888121,-0.9757858614023576,-0.05821050422238842,-0.12154478886185834,3.378607865922965,-0.0773408009833768,False,1.421974134673044e-07,1.8599719748740533e-07
US500,09:00,60,day,fade,425,-0.04025965494646311,1.0424397419577014,-0.7961841971002072,-0.03862060637754993,0.5875722343409281,5.20894879142784,281,-0.011635819514141646,0.9749379453117715,-0.20006594156577173,-0.011934933469453459,0.09749344649770036,3.362494057390419,0.03127625805550428,False,1.8286405043104105e-07,2.3725367644228114e-07
US500,09:00,60,recent,follow,393,-0.052236666822518873,0.9834315990962915,-1.0529980663526708,-0.05311672603414504,0.4639247601502511,4.211620576458659,233,0.10075689608791491,1.1142263086529254,1.380318574116366,0.09042767641138158,0.4867112414678085,4.496516671040852,-0.05240029991981509,False,1.1880473468098036e-07,1.5313531636714596e-07
US500,09:00,60,recent,fade,393,-0.027496051567310942,0.9901973733872692,-0.5504841752417876,-0.02776825338695092,-0.4784245602555588,4.167998471659871,233,-0.1710445771102352,1.1192567161972031,-2.332692865377815,-0.15281979070125917,-0.5251010268028684,4.580955683480998,0.004996274245792046,False,9.457335124971279e-07,1.202192812010843e-06
US500,09:00,120,none,follow,756,-0.06740716276983744,1.030257619070261,-1.798958357932356,-0.06542748291506732,-0.7907137191843511,7.409089079851109,515,-0.014794043232517711,1.0682925761276567,-0.31426809114450627,-0.013848306693418303,-0.5721712413217958,5.572734984625422,-0.04330242573304854,False,3.574069022396483e-15,6.1331941306775446e-15
US500,09:00,120,none,fade,756,0.01073337741921536,1.028952084076329,0.2868151894375409,0.010431367587782778,0.7432096149505892,6.998468072643423,515,-0.03187063641030841,1.0670989097583738,-0.6777814430263263,-0.02986661884747401,0.567314167107994,5.534400105044408,0.009745575307728311,False,1.496049202140747e-08,2.1924321371221898e-08
US500,09:00,120,day,follow,425,-0.06413951314855466,1.0490869360383495,-1.2604007275404512,-0.06113841565005442,-0.1071142689532388,3.2748462847790747,281,-0.12448561999595902,1.0287443922062227,-2.0284526093061817,-0.12100733762347893,-0.011691073148659921,3.860174150156327,-0.07648760672851841,False,9.360112192716703e-09,1.2513579849664232e-08
US500,09:00,120,day,fade,425,0.010258253625606529,1.0494933417733323,0.20150610560941523,0.009774481854523369,0.09983246991231785,3.2675948220105404,281,0.0779303782450699,1.027151606887273,1.2718192503143038,0.07587037563153279,0.017729675057684708,3.884011956026009,0.044155843167231444,False,1.6428155791210064e-05,2.044004019184358e-05
US500,09:00,120,recent,follow,365,-0.08525773914204919,1.1396196354331165,-1.4292898863680674,-0.07481245188412947,0.9142495734556332,8.440533947691502,260,-0.11799748919260843,1.1885582123106246,-1.60080703102198,-0.09927783761067505,0.1840655314197354,5.64213556798945,0.016999020370951457,False,7.340198036626763e-08,9.355436691967327e-08
US500,09:00,120,recent,fade,365,0.030574298010238025,1.1459353605115905,0.5097330647474742,0.026680648022405433,-0.9704537970039975,8.911493393473977,260,0.07065444487307382,1.1912696463587846,0.9563482917084426,0.059310203268449796,-0.19449519504574342,5.702784695493722,-0.05029229513932782,False,0.00025425965745555946,0.0003014526021347094
US500,09:00,240,none,follow,747,-0.037248934284867204,1.073168545099108,-0.9486504517280291,-0.034709304940937526,-0.35981171129372574,4.1366944992872225,512,0.014594286178989009,1.024092251265459,0.3224621597826025,0.014250948741146139,-1.0290974230302021,6.782621664544867,-0.015960178876591503,False,6.905170110504321e-12,1.0942610785559702e-11
US500,09:00,240,none,fade,747,-0.0070399503058010595,1.0725380102248203,-0.17939783685997213,-0.006563823602228678,0.34804510176178166,4.112596525365648,512,-0.05072475574858805,1.022996779489306,-1.1219685373950405,-0.0495844725668741,1.027878079605209,6.768861854201663,-0.011216621514255721,False,1.3812118741655745e-09,2.0691507463834728e-09
US500,09:00,240,day,follow,420,-0.0654612135909794,1.1053792843424968,-1.2136609438012478,-0.059220590179521165,-0.29857094881372737,4.003193169455465,279,-0.01762593404372318,1.0917450248622862,-0.2696702394662531,-0.016144734935656366,0.35252139710485064,6.83661898487291,-0.04818979962416543,False,1.1978229452418576e-08,1.5977670850517525e-08
US500,09:00,240,day,fade,420,0.023356224236734238,1.1052999492796078,0.4330590623631426,0.021131118527560715,0.2929642372892235,4.001971684248874,279,-0.018398368575232343,1.0898343126129464,-0.2819817096099389,-0.01688180337350647,-0.3554025113888879,6.8596985225173395,0.022033825364297592,False,4.706718641494113e-05,5.783003373485794e-05
US500,09:00,240,recent,follow,347,-0.1600196740420117,1.107617769396742,-2.6912138201346276,-0.14447192746751034,0.1845083661490427,3.965591660069328,247,0.03335724430008895,1.1351644697004009,0.4618275670032566,0.029385384400634724,0.5500187752277078,7.2614446146495295,-0.03902845841235869,False,4.478250779576847e-11,6.007770693980342e-11
US500,09:00,240,recent,fade,347,0.11802607841952845,1.1077072725723205,1.9848043709489551,0.10654988131065349,-0.19781755882884786,3.9631597968293537,247,-0.06758423411621974,1.1374931232334216,-0.9337811301254193,-0.05941507050531063,-0.5556118524002646,7.257890527771283,0.011836470508023085,False,0.027342959883175724,0.030283957122418496
US500,09:30,60,none,follow,765,-0.06992185003147354,1.0028701855615154,-1.9284079261177538,-0.06972173571230827,-0.6267518252465862,5.907652630620819,516,0.011766975061877308,1.0792961566588086,0.24765611355676592,0.010902452481906808,-0.1289772658370884,5.6755593347286535,-0.028969473537947134,False,1.187787554871973e-15,2.0598690060508715e-15
US500,09:30,60,none,fade,765,0.00021040586093859238,1.0011124903417399,0.005813071581005301,0.00021017204656668324,0.5832247692636587,5.639029279086267,516,-0.06912068779920233,1.077987336930972,-1.4565293574890317,-0.06412012964455482,0.11654539879939223,5.642185754168813,-0.010616479392230703,False,2.66522417073509e-09,3.985411348547989e-09
US500,09:30,60,day,follow,410,-0.010865788390959417,1.0595483806144463,-0.20765021221437185,-0.01025511301773516,-0.29374094405680895,4.330595527617546,278,-0.120878460013551,1.0380305839623813,-1.9416062750537773,-0.11644980589312934,0.005738356079200985,3.149209461285348,-0.07521530685049402,False,3.588792101286938e-06,4.520135285594207e-06
US500,09:30,60,day,fade,410,-0.056228331561570775,1.061874529064859,-1.0721953559816926,-0.05295195432466802,0.2768974246281784,4.357869854911477,278,0.06420642956381933,1.0335490613603076,1.0357854858650002,0.06212228520561367,-0.008406145832189262,3.1554592308708287,0.036831291430066596,False,5.7784291958280865e-08,7.545581349291856e-08
US500,09:30,60,recent,follow,381,-0.0719798114192587,1.0299001154693943,-1.3642001266233645,-0.06989008966801863,0.2780632669947499,6.540251248058828,240,0.00024949758643229015,1.140878719096479,0.003387914879984678,0.00021868896514248262,0.5437382274385503,5.7686527732594275,-0.08347992367590408,False,3.11560583936078e-08,4.045480956588816e-08
US500,09:30,60,recent,fade,381,0.001689708910629128,1.0353365549893216,0.03185611673166232,0.0016320382995136838,-0.33446034350949994,6.934031897967461,240,-0.06009876335930695,1.141553415930973,-0.8155956834606183,-0.05264647498802717,-0.5585419779725663,5.804966171145284,0.04348725693407245,False,2.183736685084762e-05,2.6773314520000138e-05
US500,09:30,120,none,follow,765,-0.06405026997039756,1.115177899318228,-1.5885742853800466,-0.05743502450107302,-2.2530186244727832,23.857884721169867,515,0.01872370136976221,1.0533476105328154,0.403388586328867,0.01777542492386838,-0.7243302914482164,5.884914651511674,-0.014482443103896205,False,1.6673687307510715e-15,2.9470777779284356e-15
US500,09:30,120,none,fade,765,0.01009615346140564,1.112004910497587,0.2511192211644898,0.009079234602379525,2.1972565986963097,23.15360131878769,515,-0.06287039939223206,1.0524904714030336,-1.355600315051026,-0.05973488701367719,0.7208386298309284,5.874848132161433,-0.01729186098674255,False,8.19629933951663e-09,1.2150298597561699e-08
US500,09:30,120,day,follow,410,-0.03393970749670465,1.0609734560805102,-0.6477322262701511,-0.03198921452953785,-0.06709381875209662,4.245502602212033,278,-0.07499685588100764,1.1072377389530714,-1.1293396468607628,-0.06773329091177796,0.3310241328701835,5.505078955463412,-0.058287681672710076,False,4.227278576499247e-07,5.434956822841933e-07
US500,09:30,120,day,fade,410,-0.017953893302399552,1.0615197853989407,-0.34246995363886396,-0.016913385458615936,0.05790038469376781,4.246721619535679,278,0.03120854800899645,1.1049703957787083,0.47091803019923006,0.02824378655593101,-0.3341638591946237,5.529073037148802,0.02747859575436531,False,1.9783293903108233e-06,2.5053913476969864e-06
US500,09:30,120,recent,follow,369,-0.10462865391676118,1.2892550319919311,-1.5589241535616822,-0.08115434985357964,-2.0294879436393742,26.194555604630555,237,-0.05195129322779018,1.0555696488039772,-0.7576761933547101,-0.049216357524729956,0.28043205197584864,4.8138792207699375,-0.005099660371461148,False,1.0323368566658337e-09,1.4022286876467969e-09
US500,09:30,120,recent,fade,369,0.05132280411024564,1.2881226332597262,0.7653610357727577,0.039843104053197194,1.9379554041915632,25.373089297883826,237,0.006995181125861498,1.0567819735701738,0.10190318088051364,0.00661932290747671,-0.29128818741079565,4.883786454720044,-0.026936950760039168,False,0.00032811404836763976,0.0003914436420351707
US500,09:30,240,none,follow,738,-0.04372053849494021,1.0724125986936803,-1.107520505635718,-0.04076839319884601,-0.4988845696669351,4.321001999844378,497,0.0315084720315398,1.0169093683379324,0.6907538101048607,0.0309845429814834,-0.8604287896661178,5.2385630892314285,-0.009493207622203716,False,2.416481052492895e-12,3.863305716955438e-12
US500,09:30,240,none,fade,738,-0.00010497357135380776,1.0718180359270386,-0.0026606459848727156,-9.793973215146902e-05,0.4899963621078811,4.309964739204008,497,-0.06703525737100345,1.0163641957843725,-1.4703885698948507,-0.06595594143226328,0.858233877833588,5.229626541706755,-0.017081161224313662,False,4.724633890466028e-09,6.971064881345857e-09
US500,09:30,240,day,follow,397,-0.012101410231765608,1.1065678151629588,-0.21789797913102396,-0.01093598608774239,-0.042197931332117,4.237928920105974,272,-0.08223034701203116,1.1133740936799927,-1.2180790204707121,-0.0738568891433771,0.08988124771518984,4.939741085475159,-0.032368853483551945,False,4.83689776828497e-06,6.0499353562142005e-06
US500,09:30,240,day,fade,397,-0.030057664240173494,1.106702890291633,-0.5411522120839419,-0.027159650981170607,0.03663942105433318,4.244267241447765,272,0.046978123226119696,1.1110130894417833,0.6973662722619917,0.04228404118057993,-0.0917414505696634,4.960498662446567,0.006517911433334489,False,1.0549511177076328e-06,1.3389727903070994e-06
US500,09:30,240,recent,follow,335,-0.12128074727860233,1.0551185692254559,-2.103841421233953,-0.11494513585106592,-0.030903662862760566,3.1151623158971873,243,-0.005974247650451279,1.1080303153120967,-0.0840494189746008,-0.005391772741135268,0.40272693395089526,5.046702939736481,-0.04570700460524598,False,1.3152583630034097e-09,1.7248701743644973e-09
US500,09:30,240,recent,fade,335,0.08068228266085285,1.0544579164469428,1.400461998042865,0.07651541270866123,0.023098773278260647,3.103488748748714,243,-0.028691976311639555,1.1085281484924825,-0.4034752272913841,-0.02588294789866956,-0.4051818006074922,5.057214415169663,0.018886215978412828,False,0.006895397262872255,0.0078007069767680095
US500,10:00,60,none,follow,771,-0.0769441062609926,1.0831291210910878,-1.9725240909148658,-0.07103871991132794,-0.8014437677935898,8.546992466084241,515,-0.04172267562794403,1.0212322332717094,-0.9271526670578767,-0.04085522789882728,-0.8689873982683065,4.949891704260108,-0.03481719316753305,False,4.923734139501728e-16,8.645071056049201e-16
US500,10:00,60,none,fade,771,-0.003641035460541757,1.08094088043484,-0.09352983232428994,-0.0033683946332726767,0.73643853178132,7.945538681193942,515,-0.02201589502276308,1.0196552941464423,-0.48998928356139465,-0.02159150759001617,0.880273703082953,4.9574587486900406,-0.012430234623127357,False,1.3334079294632116e-09,2.011082670896215e-09
US500,10:00,60,day,follow,409,-0.0543650140408817,1.0544530277162218,-1.0426869075286196,-0.05155754937574384,-0.3827688426751189,4.56244727639328,283,-0.08112983162933597,1.1080351472158427,-1.2317434339857094,-0.07321954708132744,-0.2059920107169027,4.679048858255343,-0.040055930678607285,False,4.2238532453254995e-08,5.554460617876231e-08
US500,10:00,60,day,fade,409,-0.02342666448958038,1.0532083597401596,-0.4498397344509037,-0.02224314331815601,0.37281059753729645,4.527646477905135,283,0.01837460350160087,1.1067936208956177,0.2792830294753079,0.016601652877916064,0.21481599905338797,4.679382898211974,-0.005787132674435214,False,1.3136754998898267e-06,1.6683620647882531e-06
US500,10:00,60,recent,follow,452,-0.02491878173845728,1.1014946609555387,-0.4809651698642277,-0.022622698612847034,0.737454219480033,9.839085046372505,312,0.03023832411942536,1.0673598930242574,0.5004078743573496,0.028330017191997063,0.3910337120388304,4.861763861226472,0.0569420035707994,False,4.2126302358458334e-07,5.470995265507346e-07
US500,10:00,60,recent,fade,452,-0.05734330964517338,1.1053532609294061,-1.1029374308815045,-0.051877812887581136,-0.8369519148570836,10.695063263463766,312,-0.09555155526863551,1.0652686210522835,-1.584367491656134,-0.089697146222376,-0.3898189368037436,4.867498595096108,-0.1042279084272039,False,6.1223899112206376e-09,8.331962453557277e-09
US500,10:00,120,none,follow,768,-0.048237077980987066,1.092002687859555,-1.2241591827653375,-0.044173039606282494,-0.5743719897889868,7.107081367411272,514,-0.014592681055324297,0.9775868334766351,-0.3384241183920625,-0.014927247949348604,-1.1788896071415031,6.9681121915747415,-0.0044670559522601615,False,4.1118087499383625e-13,6.752335481662562e-13
US500,10:00,120,none,fade,768,-0.012960964201044589,1.0895315301512976,-0.3296690056604156,-0.011895905572594827,0.5307419744624738,6.79051457343015,514,-0.03369341832117538,0.9762165042468377,-0.7824930479901467,-0.03451428876135447,1.1778267434812684,6.963384547868636,-0.032857785549931164,False,3.572937492976761e-10,5.455608766026405e-10
US500,10:00,120,day,follow,407,-0.009878598382686881,1.0786944818389244,-0.18475409663066442,-0.00915792056880291,-0.2962290892656492,4.674955242170768,282,0.02478358141931644,1.0780818983771205,0.3860440521638054,0.022988588767350746,0.2844738566377105,6.862274941609124,0.014584121669120412,False,4.312003333533849e-06,5.4162055656349135e-06
US500,10:00,120,day,fade,407,-0.04915199203407254,1.07826512453475,-0.9196292363099143,-0.04558432885908338,0.2949434873862408,4.691591799232621,282,-0.07233954997748474,1.0758472201307967,-1.1291451015795895,-0.06723961230172627,-0.2885163621062327,6.887100022835384,-0.050831850361700376,False,1.389374281063296e-07,1.7990136301869622e-07
US500,10:00,120,recent,follow,403,-0.01708159171009418,1.154663428939188,-0.2969788007941083,-0.014793567789522335,-0.37732858073115794,7.773875477795158,294,0.04404851029824434,0.9922067372155162,0.7612069045636288,0.044394488211055766,0.35559877680700847,7.731679664490155,0.04833908818075676,False,2.7321476301045296e-06,3.444661788561699e-06
US500,10:00,120,recent,fade,403,-0.045292433745881044,1.1553167847870371,-0.7870042865697446,-0.03920347591438302,0.30314465616473835,7.664610855732287,294,-0.09411190200252918,0.9910799544134256,-1.6282066479269481,-0.09495894007686763,-0.36257591351635865,7.721209539046918,-0.08600455108306233,False,3.0537876455905865e-07,3.921834233785937e-07
US500,10:00,240,none,follow,739,-0.04477305046315971,1.1233006998109751,-1.0835348254318786,-0.03985847286545263,-0.3750790852917185,4.477896603588221,497,0.0051287807259332045,0.9833630547644574,0.11627288232641392,0.005215551571806498,-1.45560701219514,8.346295992315927,-0.016912648634836713,False,3.1814742181007803e-12,5.068437497107611e-12
US500,10:00,240,none,fade,739,-0.0032765095204422418,1.1227061871724624,-0.07933549529094368,-0.0029184033702478623,0.36822247953853665,4.468415268995664,497,-0.04346172163735583,0.9827820015073988,-0.9858887842637876,-0.04422315586843664,1.4575585720392306,8.354515099753316,-0.013009834974479271,False,2.9807411310137707e-09,4.4203268791569155e-09
US500,10:00,240,day,follow,398,0.033764942593298646,1.1305864770389815,0.5958044809621879,0.029864980060374864,-0.1664346836984368,4.633437768800957,276,-0.010257549306881929,1.0629411988386845,-0.16032044658857048,-0.009650156864828277,0.34322352571284764,8.34459246823989,0.04191418975610614,False,0.0001556241501857314,0.00018735552597104628
US500,10:00,240,day,fade,398,-0.08015787636850881,1.130139144987097,-1.414997983402115,-0.07092743997414937,0.15943982735571938,4.622392192557587,276,-0.027454192585702992,1.060808277199489,-0.42995828024947247,-0.025880447179561488,-0.34466064973547067,8.398160140040378,-0.07111659084844427,False,1.2002100691954336e-08,1.581961356859668e-08
US500,10:00,240,recent,follow,331,-0.08091394918722965,1.183167728940117,-1.2442025284856055,-0.06838755588754306,0.19678606823976477,3.936545767250849,264,0.033416599012417565,1.020853078799879,0.5318644560456265,0.03273399444678397,0.6804960955173424,8.880078715900442,0.025423135722704188,False,2.335073873576121e-07,2.9350690589455656e-07
US500,10:00,240,recent,fade,331,0.035688397176944456,1.183094703227137,0.5488093861780207,0.03016529199192332,-0.19779878397622883,3.920972027568267,264,-0.071839376323261,1.0185735310595814,-1.1459670498371288,-0.07052939638881973,-0.6854494367850547,8.929753087357556,-0.05552505716960389,False,0.0005179085006877458,0.0006051538771325529
US500,10:30,60,none,follow,771,-0.05759776169593064,1.3044339430461684,-1.226057122179906,-0.04415536869688161,-6.115919686890178,99.84011755268186,515,-0.019325984835731606,1.0053833907275365,-0.43622800468115874,-0.01922250259350966,-1.0824649784024105,6.670721717260522,-0.011205494374995356,False,4.5792149080506e-16,8.539993729649291e-16
US500,10:30,60,none,fade,771,-0.028816064399811506,1.299946037472661,-0.6155120088186394,-0.02216712353370863,6.00453603506278,97.35330099726109,515,-0.05081478004418328,1.0052473982025703,-1.1471513137773859,-0.050549526549427036,1.07615999935103,6.630789065652433,-0.042161169511040236,False,6.979838545290037e-10,1.0320892700140467e-09
US500,10:30,60,day,follow,405,0.003977545399842373,1.089703187422335,0.07345721110360355,0.003650118165893553,0.021141747764608053,4.482581236071536,260,-0.014129281698354597,1.065481301300467,-0.21382620363476165,-0.013260938208027852,0.2698836258574391,5.885938960068282,-0.04004413823561198,False,1.4902516676683135e-05,1.8463454799584e-05
US500,10:30,60,day,fade,405,-0.08692269963621328,1.0888006825985586,-1.60661690842665,-0.07983343602316764,-0.02143736487772823,4.49005863408232,260,-0.05477567523346513,1.0641356969755777,-0.8299986802894075,-0.05147433300954497,-0.2744582082057285,5.876594945664695,-0.011919389235129828,False,2.585400822621661e-09,3.4644986382625976e-09
US500,10:30,60,recent,follow,440,-0.09148906955198684,1.4907706831582441,-1.2873146318345288,-0.06137031710213431,-6.902638755367263,101.3804664375405,310,-0.025648039286869387,1.0986359107464942,-0.4110372928531961,-0.023345349479284922,-0.2871556859051798,6.479378137059736,-0.005771262490251786,False,1.5146182809772393e-12,2.356662682444787e-12
US500,10:30,60,recent,fade,440,0.004843280531089475,1.4825263281242511,0.06852728857239077,0.0032669102998105796,6.811621607601846,99.65449069727205,310,-0.04380994537700254,1.096032678263058,-0.7037688750253087,-0.03997138611453677,0.27458980686723217,6.428998866474954,-0.047855030433207234,False,5.200385062243741e-06,6.593462879926377e-06
US500,10:30,120,none,follow,765,-0.009395953473234027,1.159534802839554,-0.224123701728485,-0.008103209537328699,-0.6913764044861515,7.682133211212791,512,-0.019755390160595368,1.0175637518458636,-0.43929773472226363,-0.019414400448875102,-1.1235019895367664,7.832396446485306,0.008441121581803336,False,5.90986141415553e-10,8.991600376313285e-10
US500,10:30,120,none,fade,765,-0.05718182155317074,1.159067832881152,-1.3645198261985667,-0.049334318433314706,0.6489246733009902,7.4037871471653975,512,-0.033469337420662604,1.0170686001673814,-0.7446151167565724,-0.032907649902036575,1.1149828367743644,7.786295059885236,-0.05026533626821056,False,7.228709332422395e-13,1.1634656746985228e-12
US500,10:30,120,day,follow,401,0.02094855545926911,1.155652508371823,0.3629936275137031,0.018127036723853206,-0.17867161446602464,3.502287089017515,258,-0.003473190545021454,1.0755505050832213,-0.05186897364688506,-0.00322922124865974,-0.4390746229463086,6.559370068243945,-0.04256017395870892,False,5.7178369510188886e-05,6.970630777978594e-05
US500,10:30,120,day,fade,401,-0.08472948523930264,1.1567993780352557,-1.4667250448844984,-0.07324475345345521,0.1820190092152271,3.511637835577322,258,-0.048447765973598574,1.0727931706169238,-0.7253833928295754,-0.04516039745642494,0.43535984636676633,6.565576274651781,0.001897023938142461,False,8.256656513615628e-09,1.0926145097227537e-08
US500,10:30,120,recent,follow,430,-0.06320823011147796,1.2429924998270074,-1.0544824340748022,-0.05085165849373582,-0.9037420501093519,8.593665271831453,298,-0.03249477217157236,1.1014941088885646,-0.5092598639116638,-0.02950063183212156,-0.4030777005458343,6.882805643502117,0.003918762269381648,False,1.4620567286717379e-08,1.961111995885041e-08
US500,10:30,120,recent,fade,430,-0.003955042895758506,1.238508815015699,-0.06621956506361411,-0.0031933909939174496,0.8536266811081626,8.194989378228474,298,-0.022066292662704712,1.1007428879287005,-0.34606017082100166,-0.02004672744624995,0.39261454399999846,6.813079366492057,-0.04564944541008433,False,4.54612733120581e-06,5.739815911994913e-06
US500,10:30,240,none,follow,738,-0.026673874756497684,1.1343494353999208,-0.638803709444359,-0.023514689498737813,-0.3602421706502761,4.191227393089194,497,0.008440320875214864,0.9838422494956897,0.19125450914526348,0.008578937202118846,-0.8240103809952486,6.049608315302805,-0.014678875629860989,False,7.671051389056602e-11,1.183373301760358e-10
US500,10:30,240,none,fade,738,-0.02260914939687994,1.1342732153339878,-0.5414953452131483,-0.01993271911143794,0.3457686490738865,4.184608762052513,497,-0.04872246259711521,0.9841376579848548,-1.1037013528058153,-0.0495077718059083,0.8201290446552015,6.049949605603406,-0.017018396210455627,False,1.969480989531661e-10,2.9999754179191764e-10
US500,10:30,240,day,follow,392,0.08453164666103778,1.1627519671376345,1.4393793891648359,0.07269963762704329,-0.07228053640055755,4.031263063517632,254,-0.014521974620232017,1.0581684224769996,-0.21871961583165056,-0.013723689265115703,0.16962691976223185,6.317505620889393,0.01678025169590837,False,0.0031751489610157744,0.003668999203700455
US500,10:30,240,day,fade,392,-0.13204599889433655,1.1632179267057878,-2.247538775741273,-0.11351785066474038,0.0665385843355447,4.015373172708212,254,-0.024853855444832616,1.056803493838777,-0.3748145020659064,-0.023517953517122128,-0.1733674878425524,6.345909020837749,-0.04773466920227919,False,9.501607262290077e-11,1.2963857419611596e-10
US500,10:30,240,recent,follow,351,-0.09143989670994995,1.2372571107466372,-1.3846159386777541,-0.07390533132985551,0.0025458520152107328,3.729998264492825,279,0.05105542535638331,1.0590266889606315,0.8052617959252394,0.04820976268925859,0.5761377334979368,5.7619455033029,0.012023448835352729,False,5.01136688826206e-08,6.432546237143056e-08
US500,10:30,240,recent,fade,351,0.04373842272196412,1.234615488337514,0.6637200770571348,0.03542675686084305,-0.015097483735167642,3.713039758612839,279,-0.09170355637742937,1.0566484202787954,-1.4496320157512037,-0.08678719867222581,-0.5836769057454927,5.784641830068036,-0.04335095351113164,False,0.0005026574394141098,0.000590512014732903
US500,11:00,60,none,follow,768,-0.031726933182846445,1.1856423627429864,-0.7415748555259093,-0.026759277653883848,-2.1586085560586836,27.540741539505447,515,-0.011348999951704979,1.0480771794616963,-0.24573552419242445,-0.010828400974758316,-1.5625586327989358,12.122525930936789,0.0062093682711531276,False,6.152694422608403e-12,9.923297809491691e-12
US500,11:00,60,none,fade,768,-0.0632384464938525,1.1828806393562787,-1.4815655771143321,-0.05346139279806519,2.060585494017413,26.175063858457094,515,-0.06313110022842258,1.0470762750385851,-1.3682600706876509,-0.060292742499677185,1.5397266410817896,12.012244266866611,-0.06741079140393398,False,2.5115154951368925e-12,3.9236148417261886e-12
US500,11:00,60,day,follow,411,-0.038526989114354156,1.0267788345709834,-0.7606923931119283,-0.037522188632230426,0.015319995220535546,3.7873518984724948,254,0.0969985786895037,0.9539797127722736,1.6204778152410952,0.10167782122706255,0.1579139807036556,4.030731988511058,-0.044447598371118724,False,2.3835053157737843e-07,3.080536401618251e-07
US500,11:00,60,day,fade,411,-0.05339290881715491,1.0275214529693038,-1.0534491924934786,-0.05196281660383978,-0.01666279426878361,3.807967250139362,254,-0.1694276026177543,0.9505788105580554,-2.840618393196471,-0.17823625009933539,-0.1775532194227179,4.057605058154208,-0.015307973120023709,False,4.9368199747764395e-08,6.471221516687866e-08
US500,11:00,60,recent,follow,472,-0.11626486724943193,1.3151315141079083,-1.920659216543547,-0.08840550621912345,-2.630248606586522,28.3201614594497,296,-0.10368015987087867,1.138954208780412,-1.5661568341774013,-0.09103101693780911,-0.36702688778561393,9.587707863525386,-0.032110474856176394,False,3.4738597890267675e-13,5.317863394041374e-13
US500,11:00,60,recent,fade,472,0.020109161265480093,1.308112334419351,0.3339795810212563,0.015372656259224259,2.5404143948544062,27.16560546428277,296,0.034470349315222255,1.14006195729352,0.5201913018518144,0.030235505267673386,0.3490805758458457,9.600396539934765,-0.02934995277142507,False,7.275035076554126e-06,9.285139776143207e-06
US500,11:00,120,none,follow,759,-0.008873942590848926,1.2022631928866516,-0.2033470850601273,-0.007381031577239306,-0.2595629575677327,6.818420380517911,513,0.012258852572964229,1.0445847353846007,0.26580603035003103,0.011735622930054306,-1.1794257256745155,7.965514446873094,0.008649161325877673,False,8.31387032266447e-10,1.2573400070242113e-09
US500,11:00,120,none,fade,759,-0.0638339014440845,1.202974884557276,-1.4618934369143857,-0.05306337003667115,0.20267180525884587,6.790953727751825,513,-0.0698526974220637,1.0439516062355396,-1.515519389721567,-0.06691181564818946,1.1721254993587702,7.948006427937149,-0.05519882970590299,False,2.477643780022062e-13,4.0384887236457747e-13
US500,11:00,120,day,follow,407,0.002973916201703274,1.137162514141467,0.0527598310938967,0.0026152077339170084,-0.3285811730543297,3.9293927741243078,254,0.0804933919246486,1.0258439085317343,1.2505348608162168,0.07846553579467744,0.12439764457038124,5.926273925581259,-0.020651521164266873,False,1.3102018712078683e-05,1.6261982538719953e-05
US500,11:00,120,day,fade,407,-0.07358051976276919,1.1375268396246658,-1.3049636167037313,-0.06468464496806735,0.3344506647711037,3.9538258414319944,254,-0.13629316054038437,1.0219587584720702,-2.1254825847400576,-0.1333646386515207,-0.12619627572570283,5.966326658689874,-0.0247991828413218,False,1.95870999023842e-08,2.576156453409021e-08
US500,11:00,120,recent,follow,442,-0.03469668543977756,1.2729258649848976,-0.5730546122692574,-0.027257428255799653,-0.848954398331133,7.956927662556474,299,-0.06440280847519385,1.1719440429839119,-0.9502404744832231,-0.0549538255352333,-0.09995807580703439,6.939787663519031,-0.04399203395599268,False,2.0258670128976636e-07,2.655704550784706e-07
US500,11:00,120,recent,fade,442,-0.03837406760140449,1.2671381127089942,-0.6366855849792253,-0.030284044980199664,0.7836204917883874,7.5107402726214465,299,0.007994202660644174,1.1710106374629492,0.11804562822516235,0.006826754945594685,0.08652728324449309,6.929296014060086,-0.002180903964730066,False,2.698899982717706e-07,3.506471909650094e-07
US500,11:00,240,none,follow,737,-0.02399637546271413,1.1861834659926251,-0.5491962034293743,-0.02022990216157955,-0.29883730184629886,4.538936791573947,497,0.013232861968397689,1.011359191330427,0.2916933653278808,0.013084235632436454,-0.8682564352889011,6.122950176883314,-0.005303605231927143,False,1.4818313178687363e-10,2.2691450720538566e-10
US500,11:00,240,none,fade,737,-0.026631554708678104,1.1859919357691262,-0.6096050113362174,-0.022455089200423026,0.2782164440867214,4.565818009779654,497,-0.053948388457468154,1.011971261687691,-1.1884707318212628,-0.053310198125090046,0.8611338363609559,6.1195461515487075,-0.02798339943665125,False,1.291230729478565e-10,1.9748242138992117e-10
US500,11:00,240,day,follow,400,0.053864389044239916,1.1917895433355483,0.903924511595994,0.0451962255797997,-0.14171196861206764,3.78262325378544,250,0.021613205429733096,1.0123301739325012,0.3375724563734679,0.021349956749559647,0.12892390594285236,6.67597140750619,0.017502139190772245,False,0.0004730128974289541,0.0005618696529128705
US500,11:00,240,day,fade,400,-0.10328709652220758,1.1914034544778682,-1.7338727050690494,-0.08669363525345247,0.14078160542648516,3.7847070157343037,250,-0.06120722721053771,1.0100528192059188,-0.9581392357327491,-0.06059804600976954,-0.12757788078087806,6.712075219789054,-0.05011773592543071,False,1.792590036406492e-09,2.3999719930019943e-09
US500,11:00,240,recent,follow,368,-0.09012695969441765,1.2767388484338698,-1.3541805042841106,-0.07059153859457884,-0.36091706640745713,4.554218865027123,286,0.009570765773836849,1.1087464340104967,0.14598138118219375,0.008632060027663856,0.3614136389718873,5.715403957097537,-0.058001898853175714,False,2.3930622834927992e-08,3.119015208233279e-08
US500,11:00,240,recent,fade,368,0.04168488369951109,1.2733486648495018,0.6279935254508403,0.03273642549775466,0.3372049183150229,4.473221630492759,286,-0.049997544678677876,1.1073832564013906,-0.7635434237652942,-0.045149269134836356,-0.36932453299542606,5.713046609334399,0.024590055112440983,False,0.0002916489628044764,0.00034655795465209424
US500,11:30,60,none,follow,765,0.006658591584827625,1.273693200974667,0.14459333164131943,0.005227782938412702,1.8010449478975534,20.686344399820307,513,-0.05062894596216666,0.990366620824955,-1.1578747252049841,-0.051121417965393254,-0.5094662401694833,4.941970546926849,-0.004590528004290622,False,5.1994578309049205e-09,7.731726062526018e-09
US500,11:30,60,none,fade,765,-0.11209615897756534,1.280719294305522,-2.4208478605278843,-0.0875259391156047,-1.9065497079065499,21.793691261779372,513,-0.031708729740139455,0.9890102799887349,-0.726167354985002,-0.03206107194406577,0.5028114260498132,4.950322014662105,-0.0632510961838814,False,4.701730171954808e-19,8.94862137940334e-19
US500,11:30,60,day,follow,409,-0.01677462133998799,1.203500347856457,-0.28188252904158906,-0.01393819401038405,-0.7711669638908923,9.458542422346104,257,0.0380898898346572,1.0798157332131944,0.5654922108315923,0.03527443494577874,0.2593467371345494,4.491405337709505,-0.03044136726608543,False,2.387896805967974e-06,3.0216802253678045e-06
US500,11:30,60,day,fade,409,-0.08555355234208846,1.205667953517117,-1.435066357721123,-0.07095946449643595,0.7691151974524867,9.523344772267649,257,-0.11783610059152497,1.0759481210794006,-1.7557132742114363,-0.10951838502520991,-0.27893432045753913,4.5615356983747635,-0.03535867778121815,False,1.6481800656509615e-08,2.1608563068377798e-08
US500,11:30,60,recent,follow,472,-0.010463249604203657,1.4212038640866245,-0.1599488807302794,-0.007362243988077073,-2.509836402922854,23.44812257111443,290,-0.05831831581198693,1.0783225814904511,-0.9209907584423843,-0.054082439534355015,0.5396693394779765,4.936620286685747,0.06786920282252544,False,8.320555191496591e-07,1.0844719876166725e-06
US500,11:30,60,recent,fade,472,-0.09474035710866476,1.409469089744836,-1.4603281624510924,-0.06721705200772876,2.410266389533314,22.435941476191857,290,-0.023734394054092178,1.0788815983876205,-0.3746306982270611,-0.021999072084984143,-0.554691072017891,4.991248420115486,-0.13511580000482523,False,1.4208964363074424e-08,1.8743441105533618e-08
US500,11:30,120,none,follow,744,-0.019500788196713973,1.2152672692368687,-0.43769020921336893,-0.016046501613558275,1.4755902542285715,20.129770478652237,497,-0.00905275963589559,0.9650231620312079,-0.20913246023669993,-0.009380872907590205,-0.5954895215094935,5.524639248808362,-0.023900206280075827,False,4.5994224513245027e-10,6.93262220366038e-10
US500,11:30,120,none,fade,744,-0.057180469443215795,1.2206554491301673,-1.2777358792626254,-0.04684407011328406,-1.5612401853111613,21.00000912690681,497,-0.052184373598952,0.9651121868141841,-1.2054268739263299,-0.05407078504646342,0.5902560191315392,5.510382537280624,-0.02524520897398982,False,1.8309712694417093e-13,3.036522839254136e-13
US500,11:30,120,day,follow,401,0.033586697069839334,1.0887444726229984,0.6177510899926755,0.030849017298726127,0.08056305747340922,5.3421492205187695,251,0.01924268286148297,0.9913285220582456,0.3075281540454003,0.01941100496284557,-0.06751411941698426,4.308500212766824,0.0161149384625855,False,0.00015148838796190888,0.00018268448765313073
US500,11:30,120,day,fade,401,-0.10814230788384888,1.0894763127753464,-1.987696292581917,-0.09926081605975051,-0.07790979176886927,5.373599718863173,251,-0.07850114203788003,0.9884988798001376,-1.2581622608191094,-0.07941449772179003,0.059699820578939314,4.340017315897584,-0.06399428680852919,False,2.7717088284175664e-10,3.7734973197455615e-10
US500,11:30,120,recent,follow,463,-0.013012679281777049,1.3332179070428014,-0.21001778961059206,-0.009760354412460866,-1.9229737945903582,22.890664716941334,291,-0.03632486773924263,1.0378825809266037,-0.5970384663987015,-0.03499901473133157,0.48013003922174974,4.870128786089637,0.001953400437236549,False,8.066779591340814e-07,1.0490814751022374e-06
US500,11:30,120,recent,fade,463,-0.06355060595387996,1.3274504477055042,-1.0301296157058215,-0.047874183223733185,1.8233817991566785,21.92218216691867,291,-0.02320401894554526,1.0377021125110757,-0.3814494605311752,-0.022360963388033575,-0.49085438677738086,4.893053049999322,-0.05051272855737471,False,5.351877137124727e-08,7.034833527285112e-08
US500,11:30,240,none,follow,737,-0.001671877735969951,1.1720292551391316,-0.03872574719812739,-0.0014264812321356966,0.4885185621246496,9.200452783671455,458,-0.00986877767186896,0.9737243899292212,-0.21690025156775894,-0.010135083165151394,-0.5669614194057528,5.139282823699465,-0.004119712019608832,False,3.949693657717251e-09,5.836769019090116e-09
US500,11:30,240,none,fade,737,-0.04933401466503555,1.1735611371163068,-1.1412334256500993,-0.042037873532741445,-0.5164384755593323,9.455856718838174,458,-0.03244059481515291,0.9740252971740818,-0.7127731165806691,-0.03330570048773075,0.5631550976151717,5.154423487950399,-0.029939801323523252,False,2.002579184287898e-12,3.205407338327827e-12
US500,11:30,240,day,follow,400,0.0691337427385705,1.1591758619179953,1.1928085290558146,0.059640426452790725,-0.1577940121549831,4.625452568773624,243,-0.010794787207076995,1.0368111505079132,-0.1622996425275065,-0.010411526922515102,-0.36216663223508033,5.379820962534536,0.0314623221659364,False,0.0012996801230710428,0.0015227872434333525
US500,11:30,240,day,fade,400,-0.11894443896931937,1.159014603559292,-2.052509754476696,-0.10262548772383479,0.15928554319610835,4.652936203022464,243,-0.029240474235616716,1.0351822917384441,-0.4403223342972726,-0.028246690915192746,0.3590005156711064,5.387638438520684,-0.06466877094665081,False,2.9724997222972537e-10,4.029288490064462e-10
US500,11:30,240,recent,follow,387,0.0076912832315633815,1.3088497455088144,0.1156017727864517,0.00587636835928283,-1.0592512614305358,10.288922193899571,262,-0.003198916514209773,1.076340692804898,-0.048106503430066526,-0.0029720297073164937,-0.2069551998260901,4.975130168857989,0.002771898012462498,False,2.856694583039885e-05,3.495917171187485e-05
US500,11:30,240,recent,fade,387,-0.05701158269874671,1.3067572741989055,-0.8582694493498252,-0.0436282879953334,1.021595748283515,9.999074468908573,262,-0.040111010733243926,1.0754166775799134,-0.6037226699920442,-0.03729811111308835,0.2069056124252907,4.976540532106583,-0.03686218741758211,False,5.001845961573459e-07,6.338157121999257e-07
US500,12:00,60,none,follow,760,-0.03436259020240189,1.1702882300245314,-0.8094683112177874,-0.029362501750258216,0.2763193026743434,9.092442163690178,514,-0.015520436801741838,0.9847426799279932,-0.35732445340899494,-0.01576090598904145,-0.7930780116503767,6.357040479018062,-0.029949310464093323,False,2.0654372042609306e-11,3.235755415221015e-11
US500,12:00,60,none,fade,760,-0.08032251678222792,1.1768245239341497,-1.8816220510353119,-0.06825360548547035,-0.3884665911574521,9.962072023267503,514,-0.07613101246527267,0.9847072657856736,-1.7528147637476972,-0.07731334490004968,0.7900440290871945,6.317260197852331,-0.042040906010452586,False,4.0540553849475316e-15,6.904254389036054e-15
US500,12:00,60,day,follow,423,0.0670938994829896,1.140259546528144,1.2101786879572944,0.058840901343274646,0.4018313081577399,5.19600752097642,263,-0.045648133336365165,1.0231699454368195,-0.7235243011152881,-0.04461441966698574,-0.21801580329293332,5.454385356674827,0.04732293386699358,False,0.0007757678014439981,0.0009220964281887594
US500,12:00,60,day,fade,423,-0.17899997967329243,1.1408792332333189,-3.2268850156235676,-0.156896518456205,-0.4104371414965663,5.1958357344566295,263,-0.04360975068415031,1.0173582507548624,-0.695164469028396,-0.042865677505237336,0.2206917690892666,5.4655523215050446,-0.11743326967224767,False,6.0433285676021285e-15,9.010915736149065e-15
US500,12:00,60,recent,follow,449,0.09737211868448056,1.1671561618870894,1.7677824704801324,0.08342681285000177,1.2128298812772478,11.554308998149947,283,0.04856767044922622,1.0475194161056418,0.7799709169093247,0.046364458455372626,0.8823824377446927,5.838161934760951,0.07109855369042654,False,0.002346869518583247,0.0027735784034356218
US500,12:00,60,recent,fade,449,-0.21313190403162377,1.171116290851761,-3.856307108855953,-0.18199038447036842,-1.3802463251850479,12.858209958105396,283,-0.13967968396320468,1.0454564365079753,-2.2476077490461415,-0.1336064125538904,-0.9047090275828618,5.9220010908550735,-0.14294749127409878,False,7.392916968567201e-20,1.2337112462656649e-19
US500,12:00,120,none,follow,739,-0.05131887423292356,1.1570210466645388,-1.205752249978965,-0.044354313502650324,-0.10825236991059742,6.206198764529617,498,-0.0037577616946927084,0.9854906645282365,-0.0850925212618936,-0.0038130870539413823,-0.9415242521467118,6.714372634186728,-0.04999492555336797,False,1.7699245096154132e-12,2.8275189019184437e-12
US500,12:00,120,none,fade,739,-0.027429013510150126,1.1599928716473136,-0.6428018043698476,-0.023645846608693382,0.05320262998751648,6.500384286041292,498,-0.06070044639115652,0.9861943705391185,-1.373548620719013,-0.06155018544465395,0.9326644533216223,6.7010095454689695,-0.0005671411651197807,False,8.993865713529491e-11,1.3826519522294265e-10
US500,12:00,120,day,follow,416,0.09932696089418215,1.137197075555217,1.7814682176456595,0.08734366542904401,0.3270673229842053,5.009580364078195,257,-0.10250566619520897,0.9989801092756267,-1.6449685272049879,-0.1026103175062586,-0.6439763775278236,6.779783750410691,0.10239393052373885,False,0.005337711522281293,0.006158692064988613
US500,12:00,120,day,fade,416,-0.17640463655527466,1.1370079496420211,-3.164412999458049,-0.15514811185868527,-0.3377590083436718,5.030632740989144,257,0.03986772652139531,0.9959121144514593,0.641751683934684,0.04003137018104669,0.6468075044108657,6.856318069271758,-0.1518754220996064,False,1.8153475362013513e-14,2.673247516833152e-14
US500,12:00,120,recent,follow,457,0.006946137387309557,1.2587950070484895,0.1179631761400049,0.005518084635238776,-0.21835612794614057,6.711684425050298,274,-0.08732714392736197,1.0518064489486383,-1.3743226646679756,-0.08302586850903243,0.2736410367138611,7.284460408253201,-0.01712804644720927,False,5.5968039304198895e-06,7.102624867088938e-06
US500,12:00,120,recent,fade,457,-0.08618091882382871,1.2548791055471624,-1.4681395288501393,-0.0686766704799435,0.15278320735903453,6.41498327883214,274,0.022953186231499733,1.0493071671321839,0.3620892426601175,0.02187461112481686,-0.28573647017275644,7.329673055524843,-0.032792654472901625,False,1.5146282592685098e-09,2.0719932693605115e-09
US500,12:00,240,none,follow,737,-0.0379078586323485,1.2167473527121921,-0.8457900783185489,-0.031155077960802583,-0.4825795325605392,7.360225423096221,459,-0.00804561422365885,1.0391960345981326,-0.1658700848415341,-0.007742152544654549,-0.8602626479470886,5.693703986299082,-0.011678596822792734,False,1.7484440872534975e-11,2.739050527690169e-11
US500,12:00,240,none,fade,737,-0.010903972279889497,1.2182434597873353,-0.2429877581511982,-0.008950569110211326,0.4638256076694776,7.45648363809995,459,-0.03249547000999805,1.0396889218257794,-0.6696158873773648,-0.03125499303477556,0.8477572196888941,5.659892957095566,-0.021587300532366918,False,1.2307948282939214e-09,1.840354062655153e-09
US500,12:00,240,day,follow,416,0.07227105853684135,1.2435481710130718,1.1853550874419219,0.05811681462887348,0.3260533024344666,4.84791446200663,249,-0.11587522261703673,1.026510298816241,-1.7812584768329287,-0.11288266932213209,-0.1690176896733219,5.1754732124694085,0.049091752339903594,False,0.0008262019811992411,0.0009794334051701637
US500,12:00,240,day,fade,416,-0.12012476055136857,1.243216284392079,-1.9707544240111197,-0.0966241852358847,-0.324499775213412,4.864893738737764,249,0.07707569737670654,1.0256414911330374,1.1858276020441247,0.07514877083566518,0.1606987795455092,5.160634084183716,-0.08174978796051027,False,1.1101994879840552e-10,1.5369813339996806e-10
US500,12:00,240,recent,follow,423,-0.022228891078834433,1.2691691018219053,-0.36022055493077104,-0.017514522727447926,-0.11850097177206179,5.685834363359499,261,-0.03864197845858819,1.0751543304501485,-0.5806424712611638,-0.035940866686933644,-0.08393494196396752,4.395456203406998,0.007560121558135725,False,1.2654724947423206e-06,1.6162939477302803e-06
US500,12:00,240,recent,fade,423,-0.027430844770138525,1.2669425954258142,-0.44529972664960904,-0.021651213613919997,0.0904940142884694,5.585034837961931,261,-0.0032793451046108616,1.0740995030738427,-0.049324519182610056,-0.0030531110900117522,0.08136515087703466,4.385739633671896,-0.04103173406553675,False,8.738816154206574e-07,1.1196159756851773e-06
US500,12:30,60,none,follow,744,-0.09125854815079935,1.0635468650296875,-2.3404716839609936,-0.08580585506051207,-0.22933674362984163,5.384289178205131,499,-0.01589834452575567,0.9684701527337183,-0.36670424397983503,-0.016415936496214287,-0.4608276896961689,7.211643381018479,-0.06683305641602826,False,1.8585042828513647e-16,3.223726371112898e-16
US500,12:30,60,none,fade,744,-0.021091933008622634,1.0672894842475653,-0.5390395369913066,-0.01976214824555529,0.18768227051775388,5.47047446921458,499,-0.0768252590298087,0.9701174802976116,-1.7690087291922914,-0.07919170676755596,0.44169546316074465,7.113606869285507,-0.004934496518820084,False,1.6206260796256045e-10,2.4792524817496446e-10
US500,12:30,60,day,follow,417,0.009239725433690818,1.0743056376410511,0.1756302173068433,0.008600648744596843,0.18278279385626717,4.474225179210049,248,-0.043129773062229766,0.9845201798878179,-0.6898876826172038,-0.043807911654126,-0.19529843142738074,4.607191778315513,-0.0437488694618373,False,1.7478256161311392e-05,2.168855285639667e-05
US500,12:30,60,day,fade,417,-0.1194413362875889,1.0730822663646578,-2.2729488534252096,-0.1113067842340058,-0.18622670901899915,4.491794832197134,248,-0.04549309814359471,0.9827028870049075,-0.7290362483570642,-0.046293848064544785,0.18188052829205842,4.566282639886366,-0.026083922470242268,False,1.8716685812044642e-11,2.6211416721944545e-11
US500,12:30,60,recent,follow,465,-0.0872355123058296,1.1452517354410228,-1.6425508896061825,-0.07617147357758532,0.2694633491337549,5.593984017775865,259,-0.06343502427181621,1.0660784140593416,-0.9576125797195805,-0.05950315045801612,0.6431690731507494,6.252375492176177,-0.0638750839499905,False,4.950805058526056e-10,6.842763224141741e-10
US500,12:30,60,recent,fade,465,-0.0257922604989349,1.1495127552408404,-0.4838403551424135,-0.022437559201795052,-0.31462290372841856,5.697434932273959,259,-0.02948130350770702,1.063755299499493,-0.44602050713062297,-0.027714365814749176,-0.6785462094141846,6.364875670118165,-0.007450934034395439,False,2.181354230522497e-07,2.8711918036009995e-07
US500,12:30,120,none,follow,738,-0.0640719620992461,1.0835966390072373,-1.606307012625226,-0.05912897824964383,-0.4508529018723249,5.240422357807554,499,-0.004075382772854243,0.978290524450785,-0.09305738216826245,-0.004165820552276303,-1.0830601137008142,7.5577893366622515,-0.057283538844318534,False,5.480428520584992e-14,9.074503125817404e-14
US500,12:30,120,none,fade,738,-0.009971754229932536,1.0841424413082832,-0.24986958801997441,-0.009197826641579657,0.42763948405900687,5.264009268225879,499,-0.05854225991936647,0.9793974939364306,-1.3352444084786084,-0.059773748944436496,1.059081737683367,7.51952477710089,0.008345472333644645,False,1.1469339459350418e-09,1.7167888478050275e-09
US500,12:30,120,day,follow,416,0.04011426814306471,1.1330360926764502,0.7221073974856678,0.0354042279873954,0.1478050729074695,5.299737602980191,248,-0.055331229569253154,1.0257946155509787,-0.8494459430809961,-0.053939871325541545,-0.4676122186013694,9.507615605080703,0.019023180109124405,False,0.00016447132708137557,0.0001988739182056101
US500,12:30,120,day,fade,416,-0.11297679420204855,1.132108096092121,-2.03539178001789,-0.09979329234728437,-0.16327624375340066,5.263266029239323,248,-0.00451707930201105,1.0259659665575498,-0.06933469364663508,-0.004402757449320978,0.4452782854743119,9.446620410624472,-0.0667111098056496,False,1.031019761598731e-10,1.4242687852078437e-10
US500,12:30,120,recent,follow,464,0.07796848940933486,1.1637634691444105,1.4431563676466894,0.06699685243312944,0.07848063630666446,5.237935039819392,255,-0.043270399078099465,1.0921425905430164,-0.6326764180505332,-0.039619734137998686,-0.21666132627775697,8.003353268022934,0.01735297562996705,False,0.0009449980981802544,0.0011272351693834629
US500,12:30,120,recent,fade,464,-0.15319104959608498,1.1641156177649516,-2.834629263497784,-0.13159435992294713,-0.10761423018599804,5.220874014825273,255,-0.017617977075267854,1.0888596804287571,-0.2583772158770969,-0.016180208884518963,0.20589940219547584,8.03040744806498,-0.06577946212457993,False,8.906413403875755e-14,1.3172092601495965e-13
US500,12:30,240,none,follow,0,,,,,,,0,,,,,,,,False,,
US500,12:30,240,none,fade,0,,,,,,,0,,,,,,,,False,,
US500,12:30,240,day,follow,0,,,,,,,0,,,,,,,,False,,
US500,12:30,240,day,fade,0,,,,,,,0,,,,,,,,False,,
US500,12:30,240,recent,follow,0,,,,,,,0,,,,,,,,False,,
US500,12:30,240,recent,fade,0,,,,,,,0,,,,,,,,False,,
US500,13:00,60,none,follow,742,-0.09811827548322567,1.0502932934955505,-2.5447274042338712,-0.09341988194237798,-0.6402991670498969,5.957971200093209,499,-0.035914994819412016,1.0121258933637,-0.7926684001425065,-0.035484710997810844,-1.3637613151736938,11.528266622763988,-0.08527567424781697,False,8.892609591194534e-18,1.5960208132533515e-17
US500,13:00,60,none,fade,742,-0.01105011907849208,1.0508712610043074,-0.28643058865312926,-0.010515197711213065,0.6375348912717488,5.943768996719656,499,-0.05592227195156061,1.0129922604745238,-1.2331870422609126,-0.055205033773273356,1.3268972391505853,11.42962666220426,0.013720749179427477,False,8.772517411592929e-10,1.3175031947768355e-09
US500,13:00,60,day,follow,428,0.08115891012782826,1.1406172904208463,1.472035013409216,0.07115349803077559,0.40904393283000917,5.7178391859395346,256,-0.11327703996226794,1.0434840162115722,-1.7369050327923818,-0.10855656454952387,-1.1144035679339788,14.846193830469355,0.07370479476729098,False,0.0016881602825949314,0.00198702842174538
US500,13:00,60,day,fade,428,-0.18858056533595727,1.1388874941183664,-3.425610599765089,-0.16558313820272558,-0.41301389889351164,5.751156483739961,256,0.02462228837669888,1.0441915329441833,0.3772838618183287,0.023580241363645543,1.09453522418987,14.800649203834604,-0.14335976441918344,False,1.0746630997775643e-15,1.6229692216556713e-15
US500,13:00,60,recent,follow,424,-0.0011255737539915926,1.1397275126591098,-0.020335546766722345,-0.0009875814538911193,-0.12582769272558364,5.836716064482129,262,-0.046389339107209916,1.0377191598753603,-0.7235840674607482,-0.04470317297869079,0.6864809291816621,6.5910027356150644,0.0018759878296113377,False,6.283595640068966e-06,7.896474777186282e-06
US500,13:00,60,recent,fade,424,-0.11054573303630162,1.1461081550177876,-1.9860917593564904,-0.09645314236036123,0.12315756813568042,5.816796786547216,262,-0.04228486693246359,1.0345361882039057,-0.6615915153921199,-0.040873260321493264,-0.7018861353679153,6.576511054023786,-0.07356028623614835,False,1.9390647448130946e-10,2.66195051751688e-10
US500,13:00,120,none,follow,738,-0.06505126208631218,1.0963234689015107,-1.611926357383468,-0.059335829188708285,-1.001381019230792,7.691236137617062,499,-0.017956300943767455,0.9924862801513699,-0.40415004954224343,-0.01809224097387909,-0.9638543524034031,9.101758823156132,-0.047487447768007056,False,2.1171494166345243e-14,3.563558547847645e-14
US500,13:00,120,none,fade,738,-0.006115705873151741,1.0953739619758092,-0.15167442534346373,-0.0055832127524013606,1.008975270706413,7.727657051968269,499,-0.04043558455824138,0.9941936580645738,-0.9085378193681531,-0.04067173857954247,0.9363581734324093,9.006297288165758,-0.0006318853611572779,False,2.1436658308407176e-09,3.1865163055903678e-09
US500,13:00,120,day,follow,428,0.10924270741843793,1.1568328412602729,1.9536363628834335,0.09443257791629352,0.8100875771100704,8.389315013131048,256,-0.07434034956915736,0.975752325483349,-1.2190035955254461,-0.07618772472034038,-1.0472782673896903,9.015809296049406,0.041990999095034266,False,0.006350776540300961,0.00734301368046242
US500,13:00,120,day,fade,428,-0.1794599373658395,1.1549621757875634,-3.214560728466477,-0.15538165762308762,-0.801451183999153,8.38509541182718,256,0.017760455451223546,0.9748429805617846,0.2915005727956478,0.018218785799727986,1.0330273650382715,8.98823055168361,-0.08878005601718231,False,1.3870920226635956e-15,2.111832243329503e-15
US500,13:00,120,recent,follow,457,0.0672332112084823,1.1398653078325047,1.260922570593619,0.05898347001746083,-0.10578379831424413,8.857773944447727,261,-0.04967909780145378,0.962511902752765,-0.8338498309437559,-0.051614008781992765,-0.10241427704932157,4.221118242400692,0.007464391258048074,False,0.0006131322949304366,0.0007339933714541103
US500,13:00,120,recent,fade,457,-0.1391170963774501,1.1415847520895233,-2.60513626918133,-0.12186313466679916,0.10598667236942971,8.924539619026595,261,-0.0065030287594677934,0.9613912030916508,-0.10927876654992967,-0.006764185836686765,0.0880560671448693,4.215589444812855,-0.054758774963682366,False,1.5894035707098834e-12,2.2813777941827547e-12
US500,13:00,240,none,follow,0,,,,,,,0,,,,,,,,False,,
US500,13:00,240,none,fade,0,,,,,,,0,,,,,,,,False,,
US500,13:00,240,day,follow,0,,,,,,,0,,,,,,,,False,,
US500,13:00,240,day,fade,0,,,,,,,0,,,,,,,,False,,
US500,13:00,240,recent,follow,0,,,,,,,0,,,,,,,,False,,
US500,13:00,240,recent,fade,0,,,,,,,0,,,,,,,,False,,
US500,13:30,60,none,follow,740,-0.05157858427196928,1.1033983292504121,-1.271607132728045,-0.046745207877022,-0.4885247066732953,6.55671596398197,499,-0.03616428230947724,0.957018553131389,-0.844130838113558,-0.03778848611779447,-0.7337703663797772,6.682915199516809,-0.05061997178632956,False,6.860004741092669e-13,1.110455586812359e-12
US500,13:30,60,none,fade,740,-0.04760758936188665,1.101653769627171,-1.1755657549591665,-0.04321465661393627,0.4707691564088966,6.489942126809819,499,-0.049156503434583006,0.957515869060309,-1.1467936403686727,-0.05133753394899285,0.708622059698851,6.696791238309259,-0.016624198728528876,False,3.892980547725913e-12,6.140929553830485e-12
US500,13:30,60,day,follow,429,-0.0019587637954994403,1.1631902819270008,-0.034878672664697075,-0.0016839581846011054,0.010914329311184929,5.558003526465481,259,-0.021724367187066634,0.9781189830083379,-0.35744179227918105,-0.02221035228275643,0.5131798396893761,6.063510755344825,0.03185840777311327,False,5.2325348528673855e-06,6.597037463126294e-06
US500,13:30,60,day,fade,429,-0.0964894500236013,1.162406105066857,-1.7192957706027714,-0.08300838201297266,-0.007229931219298262,5.592794240197762,259,-0.06117160240627724,0.9778273478467607,-1.0067869085900725,-0.06255869458036849,-0.5348081894644058,6.024370211227704,-0.0977654066195657,False,6.488022107807776e-10,8.861844462736374e-10
US500,13:30,60,recent,follow,413,-0.08741816599057672,1.2711620786110363,-1.3975771395963197,-0.0687702752162778,-0.15824955300680613,5.5623797445215075,259,0.04676415289992717,1.0605999089960398,0.709596342507151,0.04409217132989758,0.6934238405433257,6.419659277670974,-0.056318983365854856,False,5.934821667909844e-09,7.932777614247753e-09
US500,13:30,60,recent,fade,413,-0.01268090073022876,1.2721444245484894,-0.2025763350430506,-0.009968129785837387,0.13425767043639344,5.63110307666942,259,-0.13090318637205958,1.0635582459474042,-1.9807917612449888,-0.12308041131819036,-0.706314918893086,6.366992390579447,-0.01005279961306208,False,3.576143233190529e-06,4.505879458281571e-06
US500,13:30,120,none,follow,739,-0.018891272884676062,1.1023219343308723,-0.4658809918818315,-0.017137709317326954,-0.6418825397412359,7.113739141091639,459,-0.028630416203152122,0.9187711145003092,-0.6676159000886904,-0.031161641622487562,-0.8080277740936135,5.226265283647603,-0.009647035994182405,False,2.1840173732290704e-10,3.336676981057837e-10
US500,13:30,120,none,fade,739,-0.050092343423749734,1.1004482466254386,-1.2374394169944498,-0.04551994478373661,0.6530935781574542,7.172304163529385,459,-0.029203233472245897,0.919210923379501,-0.6806472695863586,-0.03176989386166072,0.797877244029596,5.207865277430531,-0.03797769150045109,False,3.297228134716369e-12,5.1960090148852836e-12
US500,13:30,120,day,follow,429,0.04214736202693612,1.1673426789627606,0.7478262055538508,0.03610538943404867,0.3762264766501123,7.505262629405309,251,-0.006429853930909521,0.941524899323824,-0.10819474259545742,-0.0068291915970860205,-0.135503730718479,4.784112491953508,0.01924902970867129,False,0.00013289164911464216,0.0001617065611980617
US500,13:30,120,day,fade,429,-0.11069387305506907,1.1664216233478126,-1.9656068963484723,-0.09490039522532198,-0.360455175485871,7.510487062122403,251,-0.04842626613563094,0.9401461584406138,-0.816060711007638,-0.05150929533760349,0.1312161036340445,4.7920357277494485,-0.0659153003182588,False,7.83471805960327e-11,1.0925274156487326e-10
US500,13:30,120,recent,follow,436,-0.006932688034523751,1.199630992667734,-0.12066941993575483,-0.00577901711184276,-0.6649405751237892,7.2489785921838115,228,0.03624216372534595,0.9281465469113305,0.5896102002704052,0.03904788941568762,0.19624972364325577,4.550079739660955,-0.049278227978440975,False,2.8490323698663484e-06,3.623313722000857e-06
US500,13:30,120,recent,fade,436,-0.061782590720805435,1.1985509704523865,-1.076348357210572,-0.051547737429544556,0.6676277756035167,7.29512618607765,228,-0.09370859504940085,0.9276030434691729,-1.525403312906057,-0.1010223022759143,-0.19373173413231798,4.5375058897836995,0.002595947705462698,False,3.7156309074154394e-08,4.897426568420632e-08
US500,13:30,240,none,follow,0,,,,,,,0,,,,,,,,False,,
US500,13:30,240,none,fade,0,,,,,,,0,,,,,,,,False,,
US500,13:30,240,day,follow,0,,,,,,,0,,,,,,,,False,,
US500,13:30,240,day,fade,0,,,,,,,0,,,,,,,,False,,
US500,13:30,240,recent,follow,0,,,,,,,0,,,,,,,,False,,
US500,13:30,240,recent,fade,0,,,,,,,0,,,,,,,,False,,
US500,14:00,60,none,follow,743,-0.050925627562538885,1.1431578321158762,-1.2142961002647628,-0.04454820334675957,-0.8686887372657974,7.446036866312823,499,-0.03175440021899326,0.9974685273161922,-0.7111398003678304,-0.03183498962561983,-1.1195080282725984,12.239693766398787,-0.024433211963879244,False,6.335907641668933e-13,1.0313742483979661e-12
US500,14:00,60,none,fade,743,-0.04394614528977844,1.1407926482353303,-1.0500463758613965,-0.03852246537331554,0.8846147313119224,7.510761505563988,499,-0.04434317495478472,0.999751268121263,-0.9907979385998339,-0.04435420726008641,1.082287230299554,11.912776608291924,-0.04098410197356206,False,1.149266611809935e-11,1.7910892882972986e-11
US500,14:00,60,day,follow,429,-0.01031242296734741,1.1652936326511776,-0.1832964231121958,-0.008849634700127432,-0.09995705099241359,8.452713314161068,250,-0.012706831496271472,0.9349342165401933,-0.2148949555022289,-0.013591150341351528,-0.1270172714026382,5.114331205350326,-0.06186550505825772,False,2.5906477467480864e-06,3.290351845175891e-06
US500,14:00,60,day,fade,429,-0.08313381492596643,1.1634323933443937,-1.4800118910911113,-0.0714556474459084,0.1281035254087771,8.540004135625361,250,-0.06143295752958938,0.9327212940687019,-1.041404707007708,-0.06586421680329342,0.10071675380048495,5.061005624660304,-0.002103625582296864,False,3.382494130502187e-09,4.5514165762181125e-09
US500,14:00,60,recent,follow,420,-0.07782780502466342,1.2373866473666435,-1.2890032198224082,-0.06289691681277912,-0.07043116390720691,7.605426360194766,241,-0.022525490747551523,1.0348770546234778,-0.3379045384393098,-0.021766344752659567,0.006674055916581977,4.379948676893489,-0.08533414197444951,False,1.023976040694543e-08,1.3643106513420427e-08
US500,14:00,60,recent,fade,420,-0.01612864247177425,1.2362053977913994,-0.2673817888601772,-0.013046895362687811,0.08222303464741393,7.668322880502819,241,-0.055105873848149634,1.037966148052167,-0.8241821893846065,-0.05309024186536388,-0.024415910853708377,4.44264477013033,0.02047047390295133,False,2.213286662211671e-06,2.807759934126039e-06
US500,14:00,120,none,follow,743,-0.04100932332786237,1.138392273832714,-0.981940268910083,-0.0360238946367697,-1.1265180114178905,8.40354666382667,459,-0.02468274590548676,1.0541572209392611,-0.5016426197229432,-0.023414672323255795,-1.0640644547422056,7.089086272646372,-0.0052636416374600035,False,3.1885710995911747e-12,5.116149317640302e-12
US500,14:00,120,none,fade,743,-0.02179232579065877,1.1390284732792952,-0.5215109230066778,-0.019132380183541898,1.1283120300804659,8.433959721024193,459,-0.02698584126981652,1.0545724194766275,-0.5482339110709611,-0.025589367568714997,1.0488477811294714,7.000756569796128,-0.03923240990037588,False,2.6552681580226654e-10,4.0256489820362305e-10
US500,14:00,120,day,follow,429,0.019196781929761677,1.2191733164512437,0.32613065948220793,0.015745736615725366,0.7496913838289435,8.991047920848798,242,-0.06098988932812011,0.9914836769076073,-0.9569295363180148,-0.06151376038619699,-0.41064142737054155,5.16813178288569,-0.0421234650219676,False,2.351946554914662e-05,2.92090571070038e-05
US500,14:00,120,day,fade,429,-0.08108804896073979,1.2180648587176832,-1.3788438400134366,-0.0665712079126108,-0.7404992809352064,8.986054458173236,242,0.01179714445140613,0.992892799962622,0.1848341517753904,0.011881589283203826,0.4086532685317055,5.17190868673453,-0.001483997874451934,False,2.182740754158625e-09,2.974453749932274e-09
US500,14:00,120,recent,follow,427,0.021080864551536932,1.2535616502546858,0.3475014794577529,0.01681677526370876,0.3023485327846382,8.289924501667052,232,0.022224879129834018,1.1446186799627602,0.29574851384318274,0.0194168411881563,0.32978474305985434,6.419003525100749,0.06576174841903794,False,2.8557250378634178e-05,3.534443541907382e-05
US500,14:00,120,recent,fade,427,-0.08433750487689581,1.2537547558897715,-1.3900233392000356,-0.06726794413397277,-0.2990744948287179,8.263305456546176,232,-0.0732089034574145,1.1474330520694795,-0.9718081539575597,-0.06380233106007961,-0.34239205824787217,6.489021424797981,-0.11010366960044879,False,3.620443937657673e-09,4.8876427731785495e-09
US500,14:00,240,none,follow,0,,,,,,,0,,,,,,,,False,,
US500,14:00,240,none,fade,0,,,,,,,0,,,,,,,,False,,
US500,14:00,240,day,follow,0,,,,,,,0,,,,,,,,False,,
US500,14:00,240,day,fade,0,,,,,,,0,,,,,,,,False,,
US500,14:00,240,recent,follow,0,,,,,,,0,,,,,,,,False,,
US500,14:00,240,recent,fade,0,,,,,,,0,,,,,,,,False,,
US500,14:30,60,none,follow,747,-0.028537603205020214,1.0577719983764386,-0.7373704510226236,-0.026978973964920827,-0.46118615392458095,7.032334274147564,459,-0.040831799006602845,0.8961994839769475,-0.9761131603880789,-0.04556106060830218,-0.498534368056601,5.584429737741015,-0.0008159097844511167,False,2.9380788903802394e-11,4.591079968863529e-11
US500,14:30,60,none,fade,747,-0.06879926916344245,1.0563592940826168,-1.7800510929897464,-0.06512866365528633,0.47849306157773713,7.096166077735402,459,-0.036808534432993145,0.8961367158804195,-0.8799957960248971,-0.041074686240067944,0.47400814949960174,5.606101216475401,-0.06717563477197529,False,6.154791798058844e-14,1.0060483146697475e-13
US500,14:30,60,day,follow,418,0.005954810928949715,1.0748115348457625,0.11327232088067335,0.005540330314564629,0.02597972525673737,7.099534857386735,256,-0.03721079280751941,0.8977493918149098,-0.6631836126524042,-0.041448975790775264,-0.24121070533045133,4.854056646255074,-0.006636762956846413,False,1.3166762436628505e-05,1.63905108638918e-05
US500,14:30,60,day,fade,418,-0.10215713712469543,1.0701183846744025,-1.9517537803691294,-0.09546339787048709,-0.01914980372570026,7.100081524632358,256,-0.033973115217912214,0.8959192108821271,-0.6067174772950716,-0.03791984233094198,0.21456908063121555,4.846283601655878,-0.06006194133771259,False,2.363126319281352e-10,3.237481755265524e-10
US500,14:30,60,recent,follow,393,0.018379283569029042,1.1534209928563517,0.3158908177355654,0.015934583888155412,0.6965004466376447,6.89294071394373,231,-0.01964881168866136,1.0457945046370323,-0.2855590477142545,-0.018788405945469128,-0.3229696798192722,5.1515047017444395,-0.009435330388689064,False,5.0113893677045336e-05,6.114865753616436e-05
US500,14:30,60,recent,fade,393,-0.11534023357977272,1.1484067673888567,-1.9910462973898302,-0.100434999910374,-0.6885802246915712,6.916081587262566,231,-0.05876633324324963,1.0421125296850058,-0.857077246828234,-0.05639154272620889,0.2950094223732681,5.1797215262580725,-0.05760905009278423,False,1.0930156632424972e-10,1.507568558029664e-10
US500,14:30,120,none,follow,0,,,,,,,0,,,,,,,,False,,
US500,14:30,120,none,fade,0,,,,,,,0,,,,,,,,False,,
US500,14:30,120,day,follow,0,,,,,,,0,,,,,,,,False,,
US500,14:30,120,day,fade,0,,,,,,,0,,,,,,,,False,,
US500,14:30,120,recent,follow,0,,,,,,,0,,,,,,,,False,,
US500,14:30,120,recent,fade,0,,,,,,,0,,,,,,,,False,,
US500,14:30,240,none,follow,0,,,,,,,0,,,,,,,,False,,
US500,14:30,240,none,fade,0,,,,,,,0,,,,,,,,False,,
US500,14:30,240,day,follow,0,,,,,,,0,,,,,,,,False,,
US500,14:30,240,day,fade,0,,,,,,,0,,,,,,,,False,,
US500,14:30,240,recent,follow,0,,,,,,,0,,,,,,,,False,,
US500,14:30,240,recent,fade,0,,,,,,,0,,,,,,,,False,,
US500,15:00,60,none,follow,749,-0.0546784594905642,1.088695718468832,-1.3745187362621274,-0.050223821553615836,-0.5579845947418459,6.059316069206027,459,-0.045506047682658174,1.117212815561244,-0.8726489118234074,-0.04073176305250108,-0.6286687763639073,5.486710058486228,-0.016451299243250953,False,2.1687421884206845e-13,3.562343482525135e-13
US500,15:00,60,none,fade,749,-0.030203569398557773,1.0919729404605745,-0.7569850497802211,-0.027659631735763024,0.5362535388084604,6.075480088485488,459,-0.024333772267912227,1.116450470025297,-0.46695638825021535,-0.021795657685880918,0.6183327845319252,5.488572260246496,-0.04460358214662442,False,4.410182029966426e-11,6.82734326561491e-11
US500,15:00,60,day,follow,420,-0.03113015640443861,1.2393775292514893,-0.5147570816546189,-0.02511757367687583,0.18359707645089826,5.725627271715182,251,-0.11475798476651562,1.1304610606330745,-1.6082892772410615,-0.10151431903567691,-0.11113291142788455,5.088324229151737,0.003459591719027652,False,6.910893190248973e-07,8.863340767296795e-07
US500,15:00,60,day,fade,420,-0.05139707173367542,1.235695536834892,-0.8524159032223422,-0.04159363710685868,-0.18459315519474365,5.765017951168808,251,0.047934190354683034,1.1338653116316968,0.6697624384474349,0.04227503025531578,0.08774366860659945,5.151265984458734,-0.06297021529218856,False,1.0383914400274137e-07,1.3573408183111743e-07
US500,15:00,60,recent,follow,405,-0.004060458955501976,1.1755202429737666,-0.06951403915634272,-0.003454180376536987,0.2575460950089138,6.099798410348478,208,0.027897662421695883,1.2720026028134106,0.3163089512695419,0.021932079667126417,0.4227332937821903,4.470557674852021,0.019519062541276357,False,7.956458121349444e-06,9.92189919609391e-06
US500,15:00,60,recent,fade,405,-0.07921652329097205,1.1727938778467877,-1.3593196633198525,-0.06754513711856261,-0.26916191022998676,6.119466482219929,208,-0.09844507729377189,1.2694898192922701,-1.1183981741502778,-0.07754696083238713,-0.4474317599770424,4.521881441076696,-0.07927406351610794,False,8.466228335773649e-09,1.126274571529545e-08
US500,15:00,120,none,follow,0,,,,,,,0,,,,,,,,False,,
US500,15:00,120,none,fade,0,,,,,,,0,,,,,,,,False,,
US500,15:00,120,day,follow,0,,,,,,,0,,,,,,,,False,,
US500,15:00,120,day,fade,0,,,,,,,0,,,,,,,,False,,
US500,15:00,120,recent,follow,0,,,,,,,0,,,,,,,,False,,
US500,15:00,120,recent,fade,0,,,,,,,0,,,,,,,,False,,
US500,15:00,240,none,follow,0,,,,,,,0,,,,,,,,False,,
US500,15:00,240,none,fade,0,,,,,,,0,,,,,,,,False,,
US500,15:00,240,day,follow,0,,,,,,,0,,,,,,,,False,,
US500,15:00,240,day,fade,0,,,,,,,0,,,,,,,,False,,
US500,15:00,240,recent,follow,0,,,,,,,0,,,,,,,,False,,
US500,15:00,240,recent,fade,0,,,,,,,0,,,,,,,,False,,
US500,15:30,60,none,follow,0,,,,,,,0,,,,,,,,False,,
US500,15:30,60,none,fade,0,,,,,,,0,,,,,,,,False,,
US500,15:30,60,day,follow,0,,,,,,,0,,,,,,,,False,,
US500,15:30,60,day,fade,0,,,,,,,0,,,,,,,,False,,
US500,15:30,60,recent,follow,0,,,,,,,0,,,,,,,,False,,
US500,15:30,60,recent,fade,0,,,,,,,0,,,,,,,,False,,
US500,15:30,120,none,follow,0,,,,,,,0,,,,,,,,False,,
US500,15:30,120,none,fade,0,,,,,,,0,,,,,,,,False,,
US500,15:30,120,day,follow,0,,,,,,,0,,,,,,,,False,,
US500,15:30,120,day,fade,0,,,,,,,0,,,,,,,,False,,
US500,15:30,120,recent,follow,0,,,,,,,0,,,,,,,,False,,
US500,15:30,120,recent,fade,0,,,,,,,0,,,,,,,,False,,
US500,15:30,240,none,follow,0,,,,,,,0,,,,,,,,False,,
US500,15:30,240,none,fade,0,,,,,,,0,,,,,,,,False,,
US500,15:30,240,day,follow,0,,,,,,,0,,,,,,,,False,,
US500,15:30,240,day,fade,0,,,,,,,0,,,,,,,,False,,
US500,15:30,240,recent,follow,0,,,,,,,0,,,,,,,,False,,
US500,15:30,240,recent,fade,0,,,,,,,0,,,,,,,,False,,
XAUUSD,02:00,60,none,follow,909,-0.2256420936860479,1.0379135394933416,-6.554519880936487,-0.21739970151675184,-0.18230053939319185,9.6598906401609,515,-0.06799675112182288,1.0739371317244677,-1.4368549175490615,-0.06331539259904119,0.5215872734278572,6.315408791230261,,False,2.4691648076899738e-36,6.054160450865655e-36
XAUUSD,02:00,60,none,fade,909,-0.021443483029517617,1.0396234216205475,-0.6218723035145094,-0.020626202318616366,0.1751258473023484,9.526660038369915,515,-0.152946394263859,1.0722228574387498,-3.23711252549201,-0.14264422102435545,-0.5209513676477372,6.274612131445946,,False,1.5342209552718295e-12,2.578202905127401e-12
XAUUSD,02:00,60,day,follow,473,-0.10199521732707542,1.1212542834462826,-1.9783642835707074,-0.09096528667304916,-0.7689270105280592,10.37708095447397,272,-0.1369884352883665,1.0931690620288368,-2.0667170625329145,-0.1253131286336686,-0.18634599766571516,7.8957740759169015,,False,7.884205516749117e-12,1.1448164294530225e-11
XAUUSD,02:00,60,day,fade,473,-0.1477343845324828,1.1221113162513583,-2.8633617253385446,-0.1316575123990547,0.7542691074549789,10.231790300498504,272,-0.09423710359932119,1.099411734629694,-1.4136633974464443,-0.08571593392266484,0.21271996075513833,8.028528121988355,,False,1.4583835983444517e-12,2.074378310443447e-12
XAUUSD,02:00,60,recent,follow,506,-0.1740472854891887,1.0284516276378413,-3.806787572237767,-0.1692323496914895,1.1308100441420492,13.264892966886222,276,-0.021476620663971924,1.0327325972119028,-0.3454877093718457,-0.02079591631168897,0.7164643816705625,5.524079642989051,,False,1.9855101478773083e-14,2.879131692241206e-14
XAUUSD,02:00,60,recent,fade,506,-0.07238178502937333,1.030130847433957,-1.580564252135466,-0.07026465153400216,-1.1448697997034618,13.435270920968822,276,-0.20108790775102828,1.0334199613944264,-3.2326869529694164,-0.19458488829622952,-0.7359820603759445,5.649081452435787,,False,2.97023421928293e-11,4.3340209160423835e-11
XAUUSD,02:00,120,none,follow,909,-0.14127058413297838,1.0166277739013982,-4.189591812973312,-0.13895998885692462,-0.5751780912777719,9.851433279769388,515,0.009433789264332694,1.0708555260455228,0.19992122440901472,0.00880958171749833,0.04610984519479687,7.115702328512854,,False,2.7159748158302498e-27,6.1057864264588994e-27
XAUUSD,02:00,120,none,fade,909,-0.02577182502184093,1.0161692820966828,-0.7646471131199273,-0.02536174383136774,0.5746340141458339,9.803340367869769,515,-0.15888708897180734,1.070018449953759,-3.3697754084994025,-0.1484900461096476,-0.04678492807413502,7.054115275435456,,False,7.384575340545506e-13,1.2464057598781609e-12
XAUUSD,02:00,120,day,follow,473,-0.1146613477810962,1.0985670519053532,-2.269974837818246,-0.10437355424252685,-1.0796308987984742,11.928415628296737,272,-0.17833707370254862,1.0967968130675672,-2.681636500320035,-0.16259809618134105,-0.8061277491828956,8.485233400635305,,False,3.952906266131928e-13,5.911196616397387e-13
XAUUSD,02:00,120,day,fade,473,-0.05403624504167184,1.1001852962324898,-1.0681934150848647,-0.049115585553374794,1.0670037026450492,11.785487636114611,272,0.022737045205033377,1.098542856357297,0.34135123068628004,0.020697458522854602,0.8173480037312876,8.61256427181509,,False,1.907560554793504e-08,2.5513505571537073e-08
XAUUSD,02:00,120,recent,follow,487,-0.10871394274247886,1.059215588447178,-2.264985174137434,-0.10263627530430773,1.1419753758364923,13.446089719533607,279,0.01768595658110808,1.1442054610650416,0.258182403752542,0.01545697620132468,-0.14112683095952225,7.9724144572989655,,False,5.414602027633152e-11,7.531142480045035e-11
XAUUSD,02:00,120,recent,fade,487,-0.058776169037739204,1.0592591348786355,-1.2245133900162888,-0.05548799826444119,-1.1455604453859296,13.539023066202969,279,-0.16812663032425645,1.1490005032758672,-2.4440967382344403,-0.14632424428441734,0.15020979593566713,8.036282865872506,,False,7.334981797155453e-10,1.032211681040511e-09
XAUUSD,02:00,240,none,follow,909,-0.09344470122361027,0.9800826233693892,-2.8745769051232544,-0.09534369755721232,0.013067734151801225,5.390873408996162,515,0.02423977456302348,1.0529303790516948,0.5224353254206294,0.02302125102027605,-0.3852258373471634,7.2598228454638045,,False,1.958284537337029e-20,3.853875067398589e-20
XAUUSD,02:00,240,none,fade,909,-0.030166286246030714,0.9813930998214316,-0.9267461472234755,-0.030738229412372666,-0.025006161252544616,5.349063232068593,515,-0.13683318922480237,1.0540703216156169,-2.9459507246463676,-0.12981409913436565,0.3893137714998652,7.335503822467624,,False,1.503782839038359e-13,2.588864833442192e-13
XAUUSD,02:00,240,day,follow,473,-0.09004910735818684,1.013609975594476,-1.932142290447478,-0.08883999716495844,-0.22106557130978402,5.210382339720374,272,-0.09631260020212828,1.1190839535563353,-1.4194002959270176,-0.0860637844873538,-0.8722633271757231,8.562757652818147,,False,2.705375533333337e-11,3.8623915304839704e-11
XAUUSD,02:00,240,day,fade,473,-0.033853621303991506,1.0149336392942483,-0.7254342481018067,-0.03335550226469211,0.21551888483714687,5.1743663511321625,272,-0.02082093084783646,1.1203508644277267,-0.30650004328121344,-0.018584294892718053,0.8908383260811906,8.75276854468625,,False,5.969981003907046e-08,7.958289780462503e-08
XAUUSD,02:00,240,recent,follow,472,-0.00248489140816685,1.060424884497697,-0.05090946149226191,-0.002343297903032421,-0.0565036370926703,5.581659225723283,270,-0.08697993079052686,1.0823114512671945,-1.3205312598817296,-0.08036497321421557,-0.1271505644726811,6.0472466512806555,,False,1.7582650377597814e-06,2.2684860988987254e-06
XAUUSD,02:00,240,recent,fade,472,-0.12179512980613567,1.061373989771311,-2.4930585688581948,-0.11475232197123868,0.041647943142650704,5.586260449645792,270,-0.025141713973199847,1.0837858541534189,-0.3811827906229998,-0.023198045884109526,0.1253298157504342,6.123109236365202,,False,1.2083551095196993e-12,1.7551298932359854e-12
XAUUSD,02:30,60,none,follow,910,-0.15812162448429318,0.9696508002153342,-4.919224051569301,-0.16307068941641514,-1.1349808665661587,14.773892659986611,515,0.0020268325070893134,0.9562759222069555,0.04809924446829295,0.002119505950135875,0.4567628872643541,5.53038472186865,,False,9.923358913337075e-33,2.48878193624619e-32
XAUUSD,02:30,60,none,fade,910,-0.07119381126288798,0.9700278603377547,-2.2140056823742955,-0.07339357370426347,1.124451527582583,14.626543874791212,515,-0.21104625410072525,0.9546544192961431,-5.016895736028185,-0.22107083970378252,-0.4610977239176105,5.5958574555811635,,False,1.3927392225177772e-16,2.4863104183557793e-16
XAUUSD,02:30,60,day,follow,484,-0.15768498292713673,1.0636935324510308,-3.2613431581212637,-0.1482428708236938,-1.3875634173109084,17.642213355068545,273,-0.16948153338680588,1.027679798640643,-2.7248706342911935,-0.16491667308337338,0.39221937119543676,6.936375476301064,,False,2.2847671120872105e-17,3.704972891560183e-17
XAUUSD,02:30,60,day,fade,484,-0.07385752410604512,1.062462439070016,-1.5293392694006709,-0.06951542133639413,1.3813928786216985,17.505823410611285,273,-0.04743689511296836,1.029630683988914,-0.7612303628133644,-0.046071757427810986,-0.37712828908542373,7.045002968059819,,False,2.559833483061555e-09,3.4677457269834534e-09
XAUUSD,02:30,60,recent,follow,486,-0.10924167928602749,1.0082050762832522,-2.3886780702770505,-0.10835263762879167,-1.7213894681252084,21.14732853951371,315,-0.11087115054105898,1.0231954775559153,-1.923159122473081,-0.10835774099187231,0.5991279222396901,6.356177771024504,,False,2.4002440897886365e-14,3.724182865802845e-14
XAUUSD,02:30,60,recent,fade,486,-0.1199015698851154,1.0052480958697885,-2.6294792311022728,-0.11927560010085954,1.7294247874418498,21.096562286562975,315,-0.0976262991674772,1.0237678551548377,-1.6924685764318927,-0.09535980122438198,-0.6011715603089035,6.43145482997139,,False,5.91321368848852e-11,8.079446860554212e-11
XAUUSD,02:30,120,none,follow,910,-0.10858354925681382,0.9492955053538417,-3.4505101147460477,-0.11438329650190458,-0.23032452926360863,8.007333263651363,515,0.030519337886415268,1.0200507350528647,0.6789799482247589,0.029919431296555644,0.170713810210832,6.175252748296124,,False,3.8712801281354886e-23,8.029422745826715e-23
XAUUSD,02:30,120,none,fade,910,-0.05662828872834423,0.9495052964645622,-1.7991059598901131,-0.05963978183080913,0.21583075615655847,7.934824182237863,515,-0.18238749758981732,1.018213276877938,-4.064994137324661,-0.17912504357540576,-0.1878828654705776,6.160481076385526,,False,2.893855500512064e-16,5.251303904500148e-16
XAUUSD,02:30,120,day,follow,484,-0.13460709201201984,1.0325349041398284,-2.8680444722897254,-0.13036565783135115,-0.10781133628782764,8.735715903327995,273,-0.1403312796416876,1.1210966892486787,-2.068200976854609,-0.1251732174284922,-0.09157511120117956,6.781398612891776,,False,5.0182614474065586e-14,7.492032332833698e-14
XAUUSD,02:30,120,day,fade,484,-0.031956588519526326,1.0334352252652637,-0.6802989972101257,-0.030922681691369348,0.0873689115060379,8.759460202261053,273,-0.017119715125824338,1.1233094685454643,-0.2518131684414863,-0.015240426262935433,0.0845909863591444,6.85035619328355,,False,5.4063506710481424e-08,7.241615262019293e-08
XAUUSD,02:30,120,recent,follow,505,-0.021664780982638607,0.9686720812895139,-0.5026008389227393,-0.02236544378753856,0.7870431014603982,9.034473384124903,290,0.010570203638517977,1.1244299288870185,0.16008474792645822,0.009400500081833076,0.6055118553547487,6.279883184969588,,False,1.0025575497006206e-07,1.3405011572965473e-07
XAUUSD,02:30,120,recent,fade,505,-0.14446143464223432,0.9673168422041861,-3.3560534047078354,-0.1493424164031465,-0.8031686122070304,9.070285408337988,290,-0.1625713671412105,1.1246992832704128,-2.4615385323571104,-0.14454651973146432,-0.6156007379791706,6.225120499674929,,False,1.8939170192545146e-17,3.0743277214209225e-17
XAUUSD,02:30,240,none,follow,910,-0.0733434135187361,0.9614930075279253,-2.3011010195073927,-0.07628075601642474,0.24277816765538512,5.423721133229717,515,0.03999716938227044,1.0067245320075047,0.9016172663279978,0.03973000370072662,-0.42167743228162535,5.5441183555499185,,False,5.36234223771914e-18,1.0048461478735311e-17
XAUUSD,02:30,240,none,fade,910,-0.052378457616933945,0.962736580573776,-1.6412167022951154,-0.05440580390714685,-0.25301989035022937,5.390182617855398,515,-0.15590245588090354,1.0072954524501,-3.512365460447296,-0.1547733145242475,0.42637214668230045,5.625957698476152,,False,3.9721545090751826e-16,7.251241186343812e-16
XAUUSD,02:30,240,day,follow,484,-0.11049386501709126,1.020162159758438,-2.3828221887308647,-0.10831009948776658,-0.09041825581160261,5.920286333737469,273,-0.08237253585819079,1.0337619860150982,-1.3165677163656526,-0.07968230305673837,-0.2680089325777699,4.6515816689894995,,False,1.199028923508902e-12,1.754888856461321e-12
XAUUSD,02:30,240,day,fade,484,-0.015790030208394083,1.0213978712631233,-0.3401031805118975,-0.015459235477813521,0.08071573138810097,5.9119462475251305,273,-0.03794661987315696,1.03475285449106,-0.6059234871652138,-0.03667215771230792,0.26072279008030713,4.702604375300221,,False,3.164200785047062e-07,4.167853630959336e-07
XAUUSD,02:30,240,recent,follow,523,0.03537425868504359,0.9616041201832942,0.841282541366784,0.03678671705181629,0.4413074365179032,5.2660056331292155,284,-0.08125935125163483,1.1134651032679104,-1.229860661295776,-0.0729788037479995,0.2556331007535085,5.50370070432272,,False,2.9316963749712947e-05,3.7149147260865766e-05
XAUUSD,02:30,240,recent,fade,523,-0.16160476325333997,0.9619867617119927,-3.8418102081952252,-0.1679906311452158,-0.44742645886931154,5.259580521696266,284,-0.034550633421747017,1.1139510435141045,-0.5226958826688635,-0.031016294318242675,-0.24392056175713306,5.441386608072221,,False,3.6773504155343137e-19,6.127544261156783e-19
XAUUSD,03:00,60,none,follow,910,-0.09850592985407829,1.0177610206088912,-2.9196934618660344,-0.09678689580304972,0.25218204346924755,7.3130926641402,515,-0.024450997258449608,1.043181838170967,-0.531912472684965,-0.02343886402520203,-0.4791491615340859,6.91948357861448,,False,3.9888690905728663e-20,7.738942664350384e-20
XAUUSD,03:00,60,none,fade,910,-0.12920630991177917,1.0149723094027172,-3.840168011014056,-0.12730032998418792,-0.24671688117121596,7.215849714520988,515,-0.1800546452823665,1.0428958673442315,-3.918023155713395,-0.17264872833457626,0.4832839853757821,7.0191002920505925,,False,6.4106386459104095e-25,1.3709304398098772e-24
XAUUSD,03:00,60,day,follow,477,-0.2417316287545406,1.0737446896361649,-4.916902978986928,-0.22512952202487785,-0.458437459098265,8.381236906861487,276,-0.19318413719336255,1.0280560776240744,-3.1218296333722226,-0.18791206180097456,-0.12203542016116656,4.484816594299807,,False,5.376351903780129e-22,9.006213782679814e-22
XAUUSD,03:00,60,day,fade,477,0.013048467891128132,1.0786588735367275,0.26420108098501655,0.012096936493318378,0.4611967073012432,8.390750748279489,276,-0.018132755430291046,1.0290107551367502,-0.2927510294830612,-0.017621541213027746,0.10617023322842938,4.521010712785231,,False,6.536476036487814e-06,8.330064118289034e-06
XAUUSD,03:00,60,recent,follow,503,-0.1635562607921927,1.0762745653535553,-3.4082236726838597,-0.15196518254472047,-0.5938863515998002,7.869701460041359,293,-0.14495379219260632,1.0654256664839645,-2.328843136829777,-0.1360524687479809,0.10872659434464385,5.154011598530978,,False,3.288947938262619e-17,5.281614958068921e-17
XAUUSD,03:00,60,recent,fade,503,-0.06446749666085053,1.079462979947877,-1.33942082239484,-0.059721822664046714,0.6055703085259582,7.948539851497381,293,-0.05809175689363081,1.0690973491752742,-0.9301030503641482,-0.05433720038539437,-0.11757537030089489,5.101922308587149,,False,1.349957870759557e-09,1.8696139273374086e-09
XAUUSD,03:00,120,none,follow,910,-0.0610393404044809,1.001971893013043,-1.8377015815848579,-0.060919214231577576,-0.045596703138831796,7.470404701117389,515,0.033456091135005514,0.9922092005716441,0.7652010603628641,0.03371878744495654,-0.3118498056223175,4.465078811418531,,False,1.2451206810055823e-16,2.286828961816403e-16
XAUUSD,03:00,120,none,fade,910,-0.1079283972471514,1.0009337278853507,-3.252753106173179,-0.10782771550237318,0.03392540948595451,7.344100710946868,515,-0.18822276002244703,0.9920855355646067,-4.305530144531498,-0.1897243264567177,0.29403119576336073,4.422720481970196,,False,8.773269618390118e-22,1.762152994982966e-21
XAUUSD,03:00,120,day,follow,477,-0.1789578320323139,1.018366443496535,-3.8380075003337932,-0.17573029156171605,-0.2739263193361578,5.946381202143315,276,-0.132706661242398,1.0553108244300375,-2.089136761464857,-0.12575125562089395,-0.6340882919844321,4.707239703027331,,False,1.0553667003815272e-17,1.6697203867165125e-17
XAUUSD,03:00,120,day,fade,477,0.009584244006978717,1.0216285601464608,0.20489153973871024,0.009381339148941488,0.27348802845583153,5.96740525020066,276,-0.027417218567783817,1.0563223585956867,-0.4312026914071296,-0.025955351928963488,0.6158669483061593,4.687374072218484,,False,5.121846086642836e-06,6.542742892636592e-06
XAUUSD,03:00,120,recent,follow,490,-0.13098440406739092,1.0154813931557536,-2.855259981356185,-0.12898749790022068,-0.14891528186273242,5.49278119603872,300,-0.11028593246751378,1.0628613696143896,-1.7972319236999559,-0.10376323349443584,-0.32492303119105753,4.226491444011609,,False,2.5748184109949006e-14,3.886576968503172e-14
XAUUSD,03:00,120,recent,fade,490,-0.038133012754895765,1.0164593721520574,-0.8304416719193616,-0.037515530674049655,0.15532071006116674,5.541825947562514,300,-0.04210144587931391,1.0646595520601125,-0.6849310955223153,-0.0395445152376154,0.3025174854905695,4.179990224144637,,False,2.0904047003824865e-08,2.828968388782906e-08
XAUUSD,03:00,240,none,follow,910,-0.05681257871842561,0.9737723055888259,-1.7599801902687915,-0.05834277519740293,0.5949473553843547,7.4045641816785945,515,0.0149588505558034,0.9990286790114286,0.3398003972977291,0.014973394528178781,-0.8009139750113448,8.023511861521836,,False,7.758302577566556e-16,1.3873740213815007e-15
XAUUSD,03:00,240,none,fade,910,-0.07062615795473538,0.9742704486188627,-2.1867883307891125,-0.07249132728479639,-0.600086941997056,7.3149795520714465,515,-0.13216993654360099,1.0005850202684687,-2.9976594918568202,-0.13209265966038372,0.8136045444196748,8.184829758425716,,False,1.4849960888900318e-18,2.8676155256742056e-18
XAUUSD,03:00,240,day,follow,477,-0.15360685297217788,1.0151969330647033,-3.3046044554374294,-0.1513074438754119,0.4245913864406219,9.01830376658313,276,-0.0860443826510652,0.9470109841825548,-1.5094615250241121,-0.09085890669508695,-0.22749787458652568,3.8826001325044928,,False,2.965053774238145e-14,4.3558739372235756e-14
XAUUSD,03:00,240,day,fade,477,0.026223557152104744,1.0163663734338917,0.5635085420333462,0.02580128370786799,-0.42010196248176035,8.917693527272219,276,-0.0357854821001089,0.9471422404883171,-0.6276914424290401,-0.037782584885728485,0.21904002150293178,3.875011473268481,,False,2.861913996979177e-05,3.578450520244928e-05
XAUUSD,03:00,240,recent,follow,512,-0.09089228688269346,0.9349167156554503,-2.1998298273572967,-0.09721966177379854,0.10684833979905589,4.1576425084724296,310,-0.09856788510062972,1.0824776386254833,-1.6032356138197086,-0.09105766399552605,0.8821888284253695,8.735978707777955,,False,2.356011250323137e-12,3.459285000335988e-12
XAUUSD,03:00,240,recent,fade,512,-0.03716637729641176,0.9363556213455971,-0.8981407258294026,-0.03969258735586115,-0.10781360121354627,4.118480948757526,310,-0.020455697984770767,1.0804335810481576,-0.33334740285086806,-0.018932860236467425,-0.8664732880454848,8.547963781704551,,False,6.591227631003458e-09,9.091909989841326e-09
XAUUSD,03:30,60,none,follow,910,-0.11735131352694465,0.9736219324667225,-3.635953351555839,-0.12053067994229436,0.12603555456766388,9.429226196289779,515,-0.06879898339643085,1.0289368721551484,-1.5173889075506304,-0.0668641442038409,-0.2077202482959707,5.0146173012023745,,False,6.553019973344581e-23,1.3307873289114964e-22
XAUUSD,03:30,60,none,fade,910,-0.12506392826095397,0.9725475833415868,-3.8791976042884877,-0.1285941484027398,-0.1646659464143566,9.307011216099644,515,-0.15505172574630974,1.0271552731744706,-3.4256589129562607,-0.15095256753841632,0.18522586560660478,4.937762527408994,,False,1.1866871437785649e-24,2.5084682154399606e-24
XAUUSD,03:30,60,day,follow,490,-0.21065331433907292,0.9522569629172216,-4.896797893227369,-0.2212147797730356,0.5051589817539097,6.121168866504335,283,-0.12694751807607177,1.030302891568511,-2.0727766782968713,-0.12321378413566285,-0.26261278340416894,5.91318790255576,,False,5.386643095185803e-19,8.394946243590214e-19
XAUUSD,03:30,60,day,fade,490,-0.031667255472307455,0.954315294761779,-0.7345419125315836,-0.03318322114937118,-0.5276470429775544,6.1581640820922905,283,-0.10324370978308733,1.0378643908457301,-1.673463358124922,-0.09947707108339711,0.209264079792596,5.677168755123004,,False,2.496092266813974e-08,3.384465280295579e-08
XAUUSD,03:30,60,recent,follow,484,-0.1273428027909552,0.9528410546134578,-2.940198313072819,-0.1336453778669463,0.14642597280649813,7.024705349363287,289,-0.05131807413555637,1.0413455806476508,-0.8377692060323302,-0.04928054153131354,0.24392187468515228,4.3358177467221335,,False,6.225281613597254e-14,9.231223351645943e-14
XAUUSD,03:30,60,recent,fade,484,-0.11549637422069382,0.9539710370656143,-2.6635192622525072,-0.12106905737511396,-0.17815182307115868,7.027035466205892,289,-0.17107582566593924,1.0471092682047203,-2.7774456063284196,-0.16337915331343644,-0.24441701347118108,4.22940031325862,,False,1.397929842248179e-13,2.079624150148405e-13
XAUUSD,03:30,120,none,follow,910,-0.10640600936765959,0.9798112629371999,-3.276004009234259,-0.10859847543360969,-0.006576526201048833,8.04096206574258,515,-0.0278970476347616,1.0573859722090495,-0.5987262701312721,-0.026383031710246897,-0.4802425069224875,5.716849726451928,,False,6.408885392321653e-22,1.2911836792965846e-21
XAUUSD,03:30,120,none,fade,910,-0.07561008090873894,0.9808289777486056,-2.325450560313119,-0.07708793543426326,-0.015751881880502704,7.865170943663685,515,-0.13765178327122887,1.0571922905097213,-2.9548229882559007,-0.1302050577807946,0.48432425561047615,5.781338768767409,,False,2.4082371606622578e-18,4.565268726962851e-18
XAUUSD,03:30,120,day,follow,490,-0.13584828434187643,0.9910041770118843,-3.034427132580655,-0.13708144475383713,0.10033295610608331,5.820772321427659,283,-0.17218367675831395,1.034258371368718,-2.8006326680281357,-0.1664803317283759,-0.9670170475286314,7.145117480748849,,False,1.8867451558275387e-14,2.833009421083226e-14
XAUUSD,03:30,120,day,fade,490,-0.04578818751749745,0.9929723138337091,-1.0207381648840403,-0.0461122499384867,-0.10548924328962064,5.787531732377818,283,0.0015803001618015283,1.0374701472424899,0.025624605819191463,0.0015232247077198663,0.9539602706574112,7.144604379273031,,False,5.987792585703853e-09,8.208307293845647e-09
XAUUSD,03:30,120,recent,follow,525,-0.06508338307642622,0.9913937671224311,-1.5041930831238473,-0.06564836822137174,0.32277449289523646,5.33997570061722,310,-0.08274558539448613,1.1042987456154534,-1.3192864466576248,-0.0749304350140957,0.32872885105434113,6.48377321356762,,False,1.9193916312061454e-10,2.7295156434311046e-10
XAUUSD,03:30,120,recent,fade,525,-0.11698935372731493,0.9912613273630132,-2.7041939101244346,-0.1180206979712746,-0.3356868323665076,5.329976074970894,310,-0.08121332519979334,1.1080019349950183,-1.2905285616902349,-0.07329709690458121,-0.3261434092327436,6.313009236056951,,False,1.1378745018282501e-14,1.7619680258010883e-14
XAUUSD,03:30,240,none,follow,910,-0.07869585741342251,0.9353483164795576,-2.538044303450764,-0.08413534939541685,-0.17905059932355089,6.51487685827461,515,-0.029171945699352556,1.0236580794411665,-0.6467167248749376,-0.02849774381234606,-0.9558693497028402,7.986550840325725,,False,2.0797158873946461e-19,4.0406641390491046e-19
XAUUSD,03:30,240,none,fade,910,-0.052032440209206145,0.9356399917786505,-1.677591100476526,-0.05561160346544458,0.16631867453451377,6.435428740933643,515,-0.08978615725745348,1.0247747954327382,-1.9883121386252476,-0.0876155011399738,0.9739427686399112,8.145097675177052,,False,6.460634385447867e-16,1.1659988090141562e-15
XAUUSD,03:30,240,day,follow,490,-0.1055289421260409,0.9682342986989104,-2.412621321557915,-0.1089911215372644,-0.004660667679944576,6.0124179821312085,283,-0.1256944143998919,1.0140099103360736,-2.085292576487568,-0.1239577770578524,-0.843183143015523,7.123291864803573,,False,1.0068005174935013e-12,1.4761932586207385e-12
XAUUSD,03:30,240,day,fade,490,-0.0246484065765252,0.9693038739140777,-0.5628944163058366,-0.025428977681678094,0.0041820408530455775,5.961735514752464,283,0.002848818757634564,1.01809460870873,0.04707278573650684,0.002798186664840293,0.8401458228485102,7.117137383898451,,False,8.30722242178219e-08,1.1107361312701515e-07
XAUUSD,03:30,240,recent,follow,506,-0.019931936568456918,0.9411752400660923,-0.47638081310314195,-0.021177710292354518,0.8151826987166961,6.626892387445695,318,-0.12372567648869252,1.0548584900999909,-2.091602702880602,-0.11729125531990975,0.8161518910262571,10.041539124933847,,False,1.1130991316943667e-07,1.4873553449726545e-07
XAUUSD,03:30,240,recent,fade,506,-0.11187836583031373,0.9445579681510657,-2.664359089446213,-0.11844520887300451,-0.8100580934613487,6.579813067350457,318,0.0060282440989594035,1.0558739571105862,0.10181043931506283,0.005709245936376514,-0.7860335780412289,9.815765918640812,,False,6.208467249011131e-15,9.693083913937573e-15
XAUUSD,04:00,60,none,follow,910,-0.11792016986737001,0.979172224665723,-3.632868740135554,-0.12042842606940415,-0.4914563691630222,14.227930423328692,515,-0.041404488824935894,1.0562735743376885,-0.8895587316770937,-0.039198641176740226,-0.09539033645862945,7.08537629324131,,False,4.160123838841744e-24,8.79512984423918e-24
XAUUSD,04:00,60,none,fade,910,-0.13927142884993043,0.9786900080771269,-4.292769532599364,-0.14230392432795225,0.44744870525584096,13.948503486051415,515,-0.19630909592468163,1.0560347694801846,-4.218575441815051,-0.18589264444513648,0.09242822207438137,6.956724154801465,,False,5.400251718157497e-24,1.08633526547732e-23
XAUUSD,04:00,60,day,follow,482,-0.09599546552945093,1.0396377610034169,-2.0271794402206913,-0.09233549331336324,1.0744665608644992,17.390317584895403,276,-0.1823692884008088,1.1334845755173115,-2.672948738102013,-0.16089260704547056,-1.2230671747566024,8.012451111646476,,False,1.9983141323039876e-10,2.7537570160668544e-10
XAUUSD,04:00,60,day,fade,482,-0.1600156785614747,1.0426202594860894,-3.369456834361185,-0.15347455327632603,-1.1110158554040002,17.669427431964145,276,-0.0628979090004417,1.1395103955912047,-0.9170065913433801,-0.055197310392073075,1.2074881411738465,7.916721231274687,,False,4.886447540050374e-17,7.791008345379044e-17
XAUUSD,04:00,60,recent,follow,505,-0.10550994739051175,1.028164033765197,-2.3060923113009597,-0.1026197609773687,1.6828673691055394,15.52143370576007,289,-0.17774292476437323,1.064449792641516,-2.8386775420341177,-0.16698103188435987,0.18496697756417865,6.014714553508151,,False,7.495327932571309e-11,1.0374176751636109e-10
XAUUSD,04:00,60,recent,fade,505,-0.15053395040296141,1.0286697672533647,-3.2885478982367893,-0.14633846079184362,-1.7237941430917854,15.894216495889776,289,-0.06392166125383837,1.0706102532000406,-1.0149989111978095,-0.0597058183057535,-0.16944081925383916,6.102005376994569,,False,5.343293292607449e-19,9.136067388318114e-19
XAUUSD,04:00,120,none,follow,910,-0.08201836806477082,0.9434510724966793,-2.622481525659483,-0.086934416055857,-0.343409310486585,8.354698933502107,515,-0.05661668736512597,1.0835204970330483,-1.1857986142077608,-0.052252530081485955,-1.4100868241720521,14.718795861491932,,False,6.17674454825998e-20,1.216191368407932e-19
XAUUSD,04:00,120,none,fade,910,-0.10404771380928776,0.9461111121335665,-3.3175012482052746,-0.10997409551046358,0.31396211842889915,8.159002779517166,515,-0.11626322725405339,1.0874485396775302,-2.426259641086438,-0.10691377385869666,1.432052985873543,14.990046686481385,,False,2.11399444429538e-21,4.1711285757805086e-21
XAUUSD,04:00,120,day,follow,482,-0.059710435430348825,0.9665142675294381,-1.356330375210885,-0.0617791557107357,0.7175648858336148,10.177339499895913,276,-0.1305398339686806,1.2070162541629634,-1.7967368644220505,-0.10815085009704929,-2.146717435101006,16.11283983580509,,False,2.6517851414884506e-09,3.620983402369754e-09
XAUUSD,04:00,120,day,fade,482,-0.12506807359786848,0.9700634159530476,-2.8305436289547816,-0.12892772940518968,-0.7311661749830247,10.31326775075229,276,-0.04804613727778091,1.2116880295239187,-0.6587523862713448,-0.039652233996781,2.1767594203102996,16.462285682274757,,False,7.992792988615123e-15,1.226573705153477e-14
XAUUSD,04:00,120,recent,follow,524,-0.057711260543458445,0.9039866907565804,-1.46138339175392,-0.06384082988562334,0.4311833874531622,4.567438007296828,320,-0.0617055269021182,1.1680575753985143,-0.9450065178063058,-0.05282747032488163,1.7111375232335073,16.893500458797572,,False,2.8651005391820214e-10,4.0556589193505625e-10
XAUUSD,04:00,120,recent,fade,524,-0.12808673236094473,0.9076175571296772,-3.2304788463763585,-0.14112412365183472,-0.4413100678610915,4.568679207909404,320,-0.11037230691803153,1.167212915831813,-1.6915507205559464,-0.09456055996379617,-1.669678286509204,16.435012720487986,,False,8.152995130692142e-17,1.3121010403157352e-16
XAUUSD,04:00,240,none,follow,910,-0.09344545984474179,0.9416154656047405,-2.9936796054421544,-0.09923951258035851,-0.1968964389941024,5.4721906021990945,515,-0.04771549810856758,1.1056975868288825,-0.9793247144981216,-0.04315420299090516,-1.5162829896176337,12.598968534013588,,False,2.6140181782913105e-21,5.2625030103606604e-21
XAUUSD,04:00,240,none,fade,910,-0.036572842295263114,0.9421924222623331,-1.1709539135020903,-0.03881674425638736,0.19323639236901824,5.421635845838452,515,-0.06993219184454157,1.1069398159022874,-1.4336949179858274,-0.0631761463811278,1.5410129343899388,12.795824184644356,,False,2.996197703102317e-14,5.227362593883084e-14
XAUUSD,04:00,240,day,follow,482,-0.05640504722684916,0.9961551858225582,-1.2431241002644495,-0.05662275118336472,0.1427181777116766,5.915030580690744,276,-0.13626745008121247,1.1928459421744908,-1.8978518726737945,-0.11423725836112969,-2.182081176042869,14.459121647967603,,False,2.5758013870784638e-09,3.5400993992343302e-09
XAUUSD,04:00,240,day,fade,482,-0.07287189557510501,0.9969007273818392,-1.6048397507118253,-0.07309844759215745,-0.14533547667973984,5.927854260731005,276,0.014864017591942528,1.1970922073573167,0.20628286187015452,0.012416769151606222,2.2017204848716236,14.614517118768699,,False,2.0366635206053118e-10,2.866966918906353e-10
XAUUSD,04:00,240,recent,follow,508,0.04970171492110276,1.0039170371298551,1.1158489409822299,0.049507791065282934,0.6806060662193089,5.585087159902228,315,-0.07069264195419406,1.1691638347875954,-1.0731343993934437,-0.060464273569526675,0.7861086194866078,11.945132014863134,,False,0.00010700734841270384,0.0001331412029026816
XAUUSD,04:00,240,recent,fade,508,-0.17941775476131402,1.0063507936021763,-4.018351101377879,-0.1782855003463536,-0.677106792959415,5.588196427778026,315,-0.04666939472803408,1.1706275562991142,-0.7075688449866039,-0.03986698799025136,-0.7495132733246329,11.677419382241425,,False,2.4061300842925225e-20,4.0911127795811714e-20
XAUUSD,04:30,60,none,follow,910,-0.1723054348696666,0.9506474946762534,-5.467643176635428,-0.18125060638627766,0.5575472030502483,6.565310002957549,515,-0.08871670695303202,1.0448452973323834,-1.926890498141555,-0.08490894027999793,-1.3373502944096627,13.682884647230377,,False,1.0536840690889903e-28,2.2598989425353716e-28
XAUUSD,04:30,60,none,fade,910,-0.10815359978676915,0.9538899200423719,-3.420293820242469,-0.1133816360927317,-0.5540837674471791,6.454370815524101,515,-0.15911512329778602,1.0472761391672485,-3.4478936802225375,-0.15193234844852657,1.3888682341494618,13.873188831390856,,False,6.210076388074211e-24,1.3264241058605033e-23
XAUUSD,04:30,60,day,follow,471,-0.1315785387521132,0.9901562356360458,-2.883976955015541,-0.13288664355841906,0.46430144662304845,6.976987689238427,274,-0.17656641529003914,1.1064796123854834,-2.6414352252906603,-0.15957493776986614,-1.9757487627359216,16.14658886666903,,False,4.1982911910151964e-13,6.067966669389877e-13
XAUUSD,04:30,60,day,fade,471,-0.1489592055153963,0.9914192852930552,-3.2607720385989736,-0.1502484445532701,-0.45454529184241055,6.830662106478294,274,-0.07771564785419345,1.1044839487520874,-1.1647275397591614,-0.07036376394786115,2.063325127216251,16.520924548599304,,False,7.20612689264789e-16,1.1132878519456954e-15
XAUUSD,04:30,60,recent,follow,432,-0.08810271409280489,0.9983692477972528,-1.8341716045056955,-0.08824662246677759,0.9618506091960991,5.6708989387769195,286,0.0008256413036970273,1.0278632310438773,0.013584357326213015,0.0008032598878534865,0.562590743583157,6.295870784733748,,False,1.3676503332689857e-09,1.836132721168381e-09
XAUUSD,04:30,60,recent,fade,432,-0.19289546112036166,1.001174049970306,-4.004555322461297,-0.1926692577839815,-0.9537111812852395,5.672856686482488,286,-0.2537963923946467,1.0247270090980605,-4.188516955509289,-0.24767219966030957,-0.4700252810118999,6.113901775152377,,False,7.362411024011168e-20,1.212211116349307e-19
XAUUSD,04:30,120,none,follow,910,-0.08798006910633382,0.9102576859024368,-2.915685253042658,-0.09665402497437818,0.32790689204875195,5.359290185465623,515,-0.05827800047734633,0.9877159931609357,-1.338986416385752,-0.05900279116757268,-1.6419351075070867,16.45478709320272,,False,4.60803128179545e-20,8.922640615130556e-20
XAUUSD,04:30,120,none,fade,910,-0.10810996902238948,0.9122974280378727,-3.574785507276087,-0.11850298564899762,-0.3305323899417603,5.35759605995067,515,-0.12263434587278028,0.992223096670764,-2.804829078521577,-0.12359553641137662,1.6876323016891621,16.786368977400798,,False,3.9061556804307294e-24,8.301869329880778e-24
XAUUSD,04:30,120,day,follow,471,-0.04837185059280624,0.9292855810422347,-1.12967614432589,-0.052052729085234575,0.15401363010972957,4.366270055754353,274,-0.0352671933365917,0.9425824200747489,-0.6193367410329675,-0.03741550084691261,-0.4214620956446427,7.460339692699279,,False,6.6811930211675575e-09,9.076351087789872e-09
XAUUSD,04:30,120,day,fade,471,-0.14734338265352476,0.9317233475217328,-3.432053990328658,-0.1581407002898872,-0.1415956362679137,4.335332686419698,274,-0.14974351637956185,0.9418286191616427,-2.631791170711362,-0.15899231912580253,0.46351938957095956,7.618638300521385,,False,5.433631868143916e-16,8.34764930090979e-16
XAUUSD,04:30,120,recent,follow,474,-0.01458711513670392,0.9571534341242219,-0.3318004875505105,-0.015240101133890687,0.7624333579520781,6.06322892561557,292,-0.017852882653368693,0.9709126212463725,-0.31420972993282403,-0.018387733625762046,0.8488251286432185,6.351629146171683,,False,4.81581018905085e-07,6.290143848931507e-07
XAUUSD,04:30,120,recent,fade,474,-0.1818599333835934,0.9590716317987388,-4.128337107492624,-0.18962080344563537,-0.759239673802212,6.058928309276783,292,-0.16669797507056636,0.9705580281779482,-2.9349468697169603,-0.1717547742956827,-0.8225560805610288,6.293573609179977,,False,2.0637666461388954e-20,3.463261505369452e-20
XAUUSD,04:30,240,none,follow,910,-0.08193971479716232,0.9289464242245296,-2.660875022320102,-0.08820714807698879,-0.16400504126951346,3.690497215094219,514,-0.04236350130424876,1.0876564646026707,-0.8830426112706986,-0.038949339872424216,-1.6488335723425704,13.070820221687585,,False,5.753746803446338e-20,1.1309461860241668e-19
XAUUSD,04:30,240,none,fade,910,-0.03676375777532244,0.9288546923632265,-1.193968345089359,-0.03957966523459846,0.16488183735054684,3.6861128981048283,514,-0.06542064162187669,1.0879478943213972,-1.3632900428914925,-0.06013214600013775,1.6548269445458912,13.215052240332781,,False,2.403076688453359e-14,4.203122434655749e-14
XAUUSD,04:30,240,day,follow,471,0.01687889757068464,0.9817780077799045,0.37311373090345445,0.017192173217296755,0.20070597237854618,3.342438559041632,273,-0.08178895577851034,1.1237327079756279,-1.2025771984972213,-0.0727832830690234,-1.3454840628555378,14.83002481135199,,False,1.2419248263754451e-05,1.5685172831218378e-05
XAUUSD,04:30,240,day,fade,471,-0.1353219503838292,0.9831165481166121,-2.9872646237410456,-0.1376458881127266,-0.19619854978535933,3.3370287547738524,273,-0.028212177335134845,1.124890015578156,-0.41438866417337894,-0.025079942878357513,1.3490033088577287,14.901579502531268,,False,1.1997678139074064e-14,1.811519323116059e-14
XAUUSD,04:30,240,recent,follow,514,0.04571510633631968,0.9488469735306555,1.0923080067718252,0.04817964077622967,0.17605189364473867,3.6068323594919325,318,0.03730119784302472,1.1643250298029657,0.5712972120579796,0.032036756823253264,1.9907703058863448,14.462623429150321,,False,0.00010412826957419286,0.00012942927782006795
XAUUSD,04:30,240,recent,fade,514,-0.1646943619909234,0.9521253463310879,-3.9216259261883564,-0.17297550435513068,-0.16942403232873604,3.596698477660868,318,-0.1453997617743785,1.1634608646203348,-2.22856587186815,-0.12497176845035173,-1.98171421792108,14.3385764433227,,False,1.083654176324478e-18,1.7697296750280648e-18
XAUUSD,05:00,60,none,follow,910,-0.13483625411960481,0.9333016546427586,-4.358181765342076,-0.14447231872873548,0.32460106111200504,6.310276255730533,515,-0.15726504686947912,1.0930947852456045,-3.264961021006205,-0.14387137235692113,-1.846620248286963,24.751065570673607,,False,2.115333886497758e-25,4.427278894519603e-25
XAUUSD,05:00,60,none,fade,910,-0.13999034460896223,0.9389936457589028,-4.497344181907584,-0.14908550791717107,-0.3354910529551274,6.309275902275039,515,-0.0973239828264577,1.1030633795217906,-2.0022717557785272,-0.08823063536806962,1.8611368408452744,25.032946091323158,,False,2.375160122659174e-28,5.3928678090230525e-28
XAUUSD,05:00,60,day,follow,488,-0.14860429072542577,0.914694354122306,-3.588932264352659,-0.16246333002461666,0.24585173963331278,5.859594567462055,299,-0.1095860094486726,1.0752185051676675,-1.7623573592676025,-0.10191975763250463,0.41159655796462763,7.403454370336533,,False,8.091282555227938e-16,1.2306223856115526e-15
XAUUSD,05:00,60,day,fade,488,-0.12542543970809286,0.9178027587615102,-3.018882323223276,-0.13665838167379543,-0.2397189368353833,5.789372383549384,299,-0.1523829308334498,1.0753719218728233,-2.4502659427039837,-0.141702538195405,-0.4121892439322484,7.639686049531024,,False,5.806092437265928e-15,8.864835998938356e-15
XAUUSD,05:00,60,recent,follow,454,-0.19038230197827938,0.9029798085992534,-4.492379749853488,-0.21083782844891044,0.5009460650150226,5.738892554184055,298,-0.07666962096337483,1.2177791516007999,-1.0868332426726848,-0.06295855932710852,2.3682055074454,27.38039418813109,,False,3.4320195940724263e-17,5.157568117593938e-17
XAUUSD,05:00,60,recent,fade,454,-0.08411760930429225,0.9045700065385754,-1.9814023062291881,-0.09299181787618231,-0.5067055140325265,5.700915224729856,298,-0.17825457626290744,1.2104409653888963,-2.5421736151943866,-0.14726416352377578,-2.3124480190890497,26.783261761731055,,False,2.045099500272736e-11,2.918380452795947e-11
XAUUSD,05:00,120,none,follow,910,-0.11711774605991486,0.9236572834614044,-3.8250097166723656,-0.1267978374197584,0.5106176165997047,7.613926911996925,515,-0.10048063122670858,1.054465578931524,-2.162487280234842,-0.09529057489816241,-1.9776993599395671,23.15811378575581,,False,8.418947033434484e-23,1.681489211610694e-22
XAUUSD,05:00,120,none,fade,910,-0.07925371793691685,0.925903143056245,-2.582110256269966,-0.08559612150717422,-0.5007185072026791,7.540058282699304,515,-0.08173464311174947,1.0587155658551377,-1.7519854165224356,-0.07720170152191101,2.014112761451566,23.63549516990118,,False,4.7518684344816e-20,9.424751396997999e-20
XAUUSD,05:00,120,day,follow,488,-0.12553830927716067,0.9552892664042315,-2.903028425458725,-0.13141392214077177,0.8854084050996419,8.445252719944843,299,-0.10803247778782808,1.0105584100848515,-1.8485385437535593,-0.10690374421678124,-0.6607298427527799,7.7023581244901145,,False,8.427286353451995e-13,1.2081710449524992e-12
XAUUSD,05:00,120,day,fade,488,-0.07037335566571801,0.9553791409656303,-1.6272055480154957,-0.07366013412705405,-0.858323151164917,8.316859741755447,299,-0.07937372843936671,1.010849352585673,-1.3577691533586056,-0.07852181755504416,0.6749390668902415,7.813975877195778,,False,5.086263949950649e-11,7.32241881728308e-11
XAUUSD,05:00,120,recent,follow,481,-0.07135120611297585,0.9873300422645354,-1.584935179289277,-0.07226682371512273,0.638843540567247,8.731943032604986,294,-0.030270399377544287,1.0938186923251108,-0.4745112084283586,-0.02767405566383131,3.0739271048215335,31.10394049039546,,False,7.420416164484039e-10,1.0232283562366077e-09
XAUUSD,05:00,120,recent,fade,481,-0.1259725080653637,0.9902276847238947,-2.790058119516447,-0.12721569999377327,-0.6184918552605364,8.627861958658332,294,-0.15529724695114935,1.090189494874699,-2.442504818606048,-0.14244977380652382,-3.0253634004874193,30.428782575026407,,False,1.461417364784903e-14,2.2284489985034277e-14
XAUUSD,05:00,240,none,follow,910,-0.06433356454189908,0.9972789724291564,-1.9459946824667786,-0.06450909556951391,0.36881596622322166,7.245672605753726,514,-0.0684342287212212,1.1096139277150776,-1.3982442342343075,-0.06167390928675642,-1.8346513568723957,15.052036846531646,,False,1.2631696654035577e-16,2.301200393897983e-16
XAUUSD,05:00,240,none,fade,910,-0.03400574990846578,0.9981303467547739,-1.0277459943301992,-0.034069447962411764,-0.37059443444768947,7.232254586174721,514,-0.025080093479422222,1.1100782048078905,-0.5122207108903841,-0.022593087019272276,1.8379179141993256,15.116656468026568,,False,5.0418479014882565e-14,8.801509535918553e-14
XAUUSD,05:00,240,day,follow,488,0.010582864685065448,1.0056815126280374,0.23246238411429027,0.010523077686304888,-0.4466925613501391,7.806522463955754,298,-0.058504699500921756,1.143370719413894,-0.8833072984651199,-0.0511686179360199,-1.5824712833189216,19.49636271731835,,False,4.908232945752338e-06,6.284748081796767e-06
XAUUSD,05:00,240,day,fade,488,-0.10884246547822288,1.005819339858569,-2.390497532840755,-0.10821273877426885,0.44308751651506445,7.797379677291672,298,-0.037271083255379436,1.1456942598217288,-0.5615797125518674,-0.03253143928745777,1.5787397280293602,19.470608617468315,,False,4.410694154551292e-12,6.331932038143841e-12
XAUUSD,05:00,240,recent,follow,496,0.04377549711895037,0.9666689223703034,1.0085424168863202,0.04528489134792027,-0.49507911048970105,8.179803152233093,321,-0.05877469491114269,1.016425476620912,-1.0360181349963948,-0.05782489347525811,0.8247064807283186,5.677614040704359,,False,0.00013238704857894553,0.00016285501552617648
XAUUSD,05:00,240,recent,fade,496,-0.14160359406917633,0.9683860540847585,-3.2566162694367016,-0.14622638716437195,0.4941404497304292,8.140070661134219,321,-0.03562979496057686,1.0170221492345806,-0.6276758624720242,-0.03503345034067561,-0.8237583610130843,5.648467475602845,,False,2.18036029428068e-14,3.2338715715035145e-14
XAUUSD,05:30,60,none,follow,910,-0.09428492537102424,0.8682414231102854,-3.275838298031615,-0.10859298216073253,0.4961880722450827,7.118945916049674,515,-0.11980913400771429,0.9602753701787419,-2.8313773507771236,-0.12476539306158971,-0.9494898942819497,10.320433900912462,,False,5.97958787605292e-21,1.1649406377332798e-20
XAUUSD,05:30,60,none,fade,910,-0.18283783109821952,0.8687482758788176,-6.348816887255636,-0.21046123045627052,-0.5080820771131975,7.202597813561041,515,-0.146135576623719,0.9677393263367281,-3.426898031933767,-0.1510071696444324,0.9932126289438056,10.6040142934133,,False,9.289420767396295e-39,2.4642206057495207e-38
XAUUSD,05:30,60,day,follow,492,-0.08562381632184819,0.9034113108892885,-2.102285081644114,-0.09477833107664206,1.0105536818215635,8.08160002049482,294,-0.08295434449883593,1.0216835830211386,-1.3921831919608878,-0.0811937725900795,1.2947245049915448,11.979006124735424,,False,6.22666444476268e-11,8.71507609729064e-11
XAUUSD,05:30,60,day,fade,492,-0.19203578844744315,0.9075386205179728,-4.693530113567891,-0.2116006791400676,-1.0122212155767913,8.087712029884976,294,-0.18668809286006785,1.0192190475862664,-3.1406732316317836,-0.18316778253132737,-1.222381518475613,11.435882420151572,,False,3.5258625924768124e-24,6.3581790939385214e-24
XAUUSD,05:30,60,recent,follow,477,-0.157699333223091,0.915335899742573,-3.7627776065155385,-0.17228575134815755,0.20609560136891583,8.343868237819132,270,-0.1403659925459302,1.0498045744093691,-2.19702663614118,-0.13370678311713546,1.532539794139162,12.3804263890122,,False,5.416084034145097e-16,8.190734009138701e-16
XAUUSD,05:30,60,recent,fade,477,-0.11989468532857037,0.9163824918964253,-2.8574743364848847,-0.1308347621094899,-0.23155504070933275,8.46358550897718,270,-0.12686351335223425,1.0483596753350273,-1.9884208527527738,-0.12101143942959473,-1.444879236694965,11.719440992712984,,False,4.34041132793014e-14,6.489632357247731e-14
XAUUSD,05:30,120,none,follow,910,-0.09873998889844761,0.8659301455552294,-3.439781934272548,-0.11402766078219403,-0.025567538497585782,4.934605098566929,515,-0.10027526892503301,1.006647903129266,-2.2605798735914933,-0.09961305101149792,-1.2386684645808717,12.92886998145701,,False,8.187789202500837e-23,1.6808518849161665e-22
XAUUSD,05:30,120,none,fade,910,-0.0909701970555243,0.865283117178555,-3.1714772578201917,-0.1051334473647799,0.020103928897366653,4.9661878319129995,515,-0.07288420149975608,1.0092825007498367,-1.6387936454032224,-0.07221387614033481,1.2600322983962726,13.099503401846787,,False,1.2685234879496994e-21,2.5486827932230403e-21
XAUUSD,05:30,120,day,follow,492,-0.08539372538676704,0.906084999562844,-2.090448973942106,-0.09424471813126437,0.5593293787069584,5.122473248983578,294,-0.09755380343558552,1.0600937707274993,-1.5778786107258853,-0.09202374934119112,-0.9801879286114514,15.496281422040582,,False,2.4921211999108944e-11,3.540209199862006e-11
XAUUSD,05:30,120,day,fade,492,-0.10540576944018057,0.9078652194410912,-2.575286526963048,-0.1161028830965366,-0.5610972936567459,5.173636398430364,294,-0.07855013928655996,1.0597255450529877,-1.270946359294364,-0.07412309692188496,1.021607226577578,15.617763290103602,,False,4.712763916382119e-14,7.165948057976151e-14
XAUUSD,05:30,120,recent,follow,472,-0.09158322412998637,0.9058773375479006,-2.1964308392864007,-0.10109892403080861,0.46390204507819144,4.81700842116939,293,-0.09806512314048459,1.0006040092697097,-1.677591239271348,-0.09800592665230011,0.8832302713960234,7.981798637483655,,False,2.1013503016878465e-11,2.969987314780557e-11
XAUUSD,05:30,120,recent,fade,472,-0.09894394224935311,0.909120756668018,-2.3644962843614823,-0.10883476317490384,-0.46905405232916886,4.844085003873724,293,-0.07828434351066238,0.9981641797555946,-1.3424766586819887,-0.07842832381525722,-0.8427628695339975,7.846059516062585,,False,6.658013872322366e-13,9.824308933245141e-13
XAUUSD,05:30,240,none,follow,910,-0.04078118751325217,0.9873864501770071,-1.2459293053396334,-0.0413021542942395,0.25224232484818937,6.861667849807222,514,-0.04496025765727621,1.108273892638555,-0.919736131951756,-0.040567821687322966,-1.6581603985477513,13.6590225026106,,False,1.8836479198600306e-14,3.297285307835685e-14
XAUUSD,05:30,240,none,fade,910,-0.0503183006491929,0.987564706834043,-1.5370255998734503,-0.05095190249406992,-0.2538302464190927,6.843124066441273,514,-0.04257967970703786,1.107905319077702,-0.8713272618384628,-0.03843259796106419,1.66577330956152,13.776016971291272,,False,9.721602537647404e-16,1.7597766907368264e-15
XAUUSD,05:30,240,day,follow,492,0.0356749226667679,1.0016610380135866,0.789995851258728,0.03561576352966222,-0.4671628323278902,7.108061735311436,293,-0.07054268391206071,1.1377659302264116,-1.0612870485871733,-0.0620010513920231,-1.440415003289343,15.744516653982288,,False,5.705477676373269e-05,7.0935831892974e-05
XAUUSD,05:30,240,day,fade,492,-0.1273118374626407,1.0023318370069156,-2.8173435761429113,-0.1270156576516708,0.4632474155628565,7.110488572176755,293,-0.018255474457699716,1.1396532937113955,-0.27419162465737396,-0.01601844574874954,1.4416099654583177,15.726578415587054,,False,2.9420661341946454e-13,4.300989618612208e-13
XAUUSD,05:30,240,recent,follow,498,0.045591494291081086,0.9495646527901794,1.0714550554369153,0.04801304909267217,-0.3158568714358825,7.912671559773985,298,-0.06529350454088949,1.0182295592913067,-1.1069612311507788,-0.06412454239330287,0.2218522402154352,5.360310366696762,,False,0.00015482629898146916,0.0001902790746780597
XAUUSD,05:30,240,recent,fade,498,-0.13707668926853256,0.9501445410658916,-3.219501268159738,-0.1442693015051764,0.3137009217112361,7.907236066327851,298,-0.023415390520531435,1.0190851222179467,-0.39664234410132954,-0.022976874070705647,-0.22324784854029225,5.30832827502069,,False,1.2240146567588835e-14,1.8335541317327824e-14
XAUUSD,06:00,60,none,follow,910,-0.16983053557907482,0.8932712982452446,-5.735259797609526,-0.1901220109866873,0.4917487245747018,7.714370451508087,515,-0.1219847034496428,1.0002813913127657,-2.7674947122298312,-0.12195038766996405,-0.538181676808018,11.14415463602744,,False,9.548824921671006e-30,2.0728380339986662e-29
XAUUSD,06:00,60,none,fade,910,-0.112185073724641,0.8917042051166437,-3.7952025499345954,-0.12580973946395832,-0.4701180123233665,7.631738981650604,515,-0.14096303488463754,0.9971224373518977,-3.2081921142819594,-0.14136983544267576,0.584827523886503,11.595999816548064,,False,2.3998079352934614e-25,5.222067616273361e-25
XAUUSD,06:00,60,day,follow,488,-0.15567955003779896,0.9303005254517652,-3.696734089934498,-0.16734328937651527,1.0214034320064973,8.997973403508636,276,-0.18811771237457245,1.0018836432950042,-3.1193703762025957,-0.18776403191481314,-1.2089266837518922,10.803015104364755,,False,2.264271353156083e-14,3.2839722846483226e-14
XAUUSD,06:00,60,day,fade,488,-0.12756621129789145,0.9278876253974386,-3.037037716235272,-0.13748023769931353,-0.9992896564408222,8.980830794952354,276,-0.07835987272012256,1.004017847482731,-1.2966024264690943,-0.07804629461178013,1.2646427515110472,10.912839180308765,,False,2.4682246552052127e-16,3.9316417863590256e-16
XAUUSD,06:00,60,recent,follow,464,-0.1430703070599653,0.9098129093755536,-3.387321391401458,-0.1572524478226639,1.4193047494060314,9.556434582949832,262,-0.0943539182740246,1.014988686038138,-1.5046981409943303,-0.09296056160223964,1.3822503985062862,9.724639933957013,,False,1.099447892786653e-12,1.5317524869283918e-12
XAUUSD,06:00,60,recent,fade,464,-0.139470149503568,0.9083995065184615,-3.3072221433979307,-0.15353393358622827,-1.373478525127031,9.327268098962346,262,-0.1680212157044191,1.010126452504221,-2.692396541920033,-0.16633681385917076,-1.3486359454063392,9.678131679152226,,False,4.917505583088582e-18,8.08032544347194e-18
XAUUSD,06:00,120,none,follow,910,-0.14082161022125814,0.8844407225515413,-4.803096048384558,-0.15922108359619508,0.004055669356960508,4.5973017764306725,515,-0.09881999063677326,1.0727486788198586,-2.0905012645361003,-0.09211849204557968,-1.4605059644976663,16.564156752070293,,False,1.1716256814669067e-28,2.625444699726905e-28
XAUUSD,06:00,120,none,fade,910,-0.042017640566522914,0.8831103393114583,-1.4352824957211483,-0.047579151433424664,0.0085529350588837,4.592133644680053,515,-0.06276924609614618,1.0713295872099486,-1.329619659562504,-0.05859004254667829,1.4902339927685897,16.817944664429582,,False,3.1633410887464247e-15,5.645996259577745e-15
XAUUSD,06:00,120,day,follow,488,-0.04468441268306912,0.9282579867834487,-1.0634015046522196,-0.048137924283212716,0.4592536539233351,4.4517261241307216,276,-0.07672903838218134,1.1441261808636536,-1.1141415551264955,-0.06706344078610435,-1.8895800750299698,20.42626988802151,,False,7.625947406917428e-09,1.0382539732548953e-08
XAUUSD,06:00,120,day,fade,488,-0.1387396096604705,0.9269129107221666,-3.306522238188716,-0.14967922882029677,-0.4448552073769775,4.431490527856257,276,-0.08717815716050797,1.1451803690131923,-1.264702365128223,-0.07612613656277555,1.9166856132304975,20.584588740923046,,False,1.634058481796249e-16,2.576476920543844e-16
XAUUSD,06:00,120,recent,follow,452,-0.03186687833903818,0.8555627684115827,-0.7918754201274222,-0.037246686643694724,0.6695669195914772,4.744887635864481,293,0.01785307324528976,1.0976015786760378,0.2784210544542622,0.01626553167573311,0.6999003003279184,6.4253476917258965,,False,9.362753832325455e-08,1.2319880947833704e-07
XAUUSD,06:00,120,recent,fade,452,-0.1525658012549681,0.85546157606509,-3.7916295921480576,-0.17834325412572327,-0.6630380708562039,4.738331799885003,293,-0.17959481321490153,1.095697733504128,-2.805671604296984,-0.16390908525524017,-0.6858852813384384,6.4230882082261385,,False,2.1893583032650863e-18,3.520812396788705e-18
XAUUSD,06:00,240,none,follow,910,-0.07938223334761321,1.0083815152331814,-2.3747567643887004,-0.07872242018365103,0.2340489360545143,7.728380073692264,514,-0.05933701901467719,1.1461159309591458,-1.173758457548575,-0.051772266148521325,-1.7494278490115431,14.189643757106694,,False,3.2830092530630486e-18,6.169567393048445e-18
XAUUSD,06:00,240,none,fade,910,-0.004823285141569972,1.0085539731188937,-0.14426616551990748,-0.004782376818817388,-0.23315848119372293,7.719784423483867,514,-0.02085958410615872,1.1451417521219793,-0.4129789876861677,-0.018215722261026055,1.7642565073272978,14.317700975196912,,False,3.516111484947378e-11,5.727956871491445e-11
XAUUSD,06:00,240,day,follow,488,0.06222605658950454,1.0267124809972872,1.3388543967818347,0.06060709082747476,-0.3618765624086743,8.845604012027678,275,-0.09839558611524202,1.2741443954411544,-1.2806289512358222,-0.0772248313984648,-1.5900060902535469,15.1755003528555,,False,0.0005203568064549785,0.0006272055566083006
XAUUSD,06:00,240,day,fade,488,-0.14675734073243973,1.027262450362987,-3.1559370436238097,-0.14286255735385098,0.36235061280049763,8.857014147949911,275,0.017088740637925336,1.2754467097332314,0.22218466833299255,0.013398239618729007,1.5974733812256574,15.217978940330244,,False,3.691807963462528e-14,5.4571441424554066e-14
XAUUSD,06:00,240,recent,follow,521,0.05011673943485384,1.0169475580002012,1.1248720144901672,0.04928153771607161,-0.13100468093629325,8.844752663392619,298,-0.09101957928551449,1.0709498810490137,-1.4671476044998764,-0.08498957878062348,-0.4145314941919013,7.279726230097134,,False,0.00011879366497678048,0.00014732606381353294
XAUUSD,06:00,240,recent,fade,521,-0.13525168468330886,1.0164532325948945,-3.037205261942222,-0.1330623784215099,0.1355171429874697,8.852510846657648,298,0.009839841118105954,1.071812002545978,0.15848114561679766,0.009180566269767864,0.41982167499520384,7.310252148493188,,False,9.704950335658618e-15,1.4777193852275614e-14
XAUUSD,06:30,60,none,follow,910,-0.17883658128417515,0.9527371853878803,-5.662444250349136,-0.1877081990993842,-0.044477822486492215,5.946037347779196,516,-0.14420951409865176,1.0579896554068802,-3.0962594349514094,-0.1363052212861116,-1.6326701766627953,18.270286696973074,,False,1.4465694773825296e-32,3.412766976718984e-32
XAUUSD,06:30,60,none,fade,910,-0.08381839688923921,0.95088228117892,-2.6590915603565186,-0.08814802688858576,0.03982659743798812,5.918888967768431,516,-0.08594634907700127,1.0568782354564865,-1.8472570356362166,-0.0813209565621146,1.6648337085402658,18.688765203449865,,False,1.4627584433419466e-19,2.832844924416205e-19
XAUUSD,06:30,60,day,follow,492,-0.19699721791435734,1.0046042583039791,-4.349583069912053,-0.19609434888016247,0.4200387607802702,5.677483604583221,292,-0.16748567201611517,0.9740448505292515,-2.938259379360555,-0.17194862426007498,-0.18195474931696007,7.564240205240751,,False,9.21282093177614e-18,1.426920030231648e-17
XAUUSD,06:30,60,day,fade,492,-0.06720450853465997,1.0049394741940498,-1.4833411850931604,-0.0668741852225053,-0.41575398915317796,5.690402464130027,292,-0.06459455450270274,0.9752582985945756,-1.1317947591802817,-0.06623327850251426,0.15639439795062693,7.626606069069404,,False,2.2461754355351122e-10,3.1807515879194986e-10
XAUUSD,06:30,60,recent,follow,423,-0.2278416258459848,0.9520141175534649,-4.922206913510894,-0.23932588986338144,0.41417128318836616,5.8017775389185084,257,-0.10708979109271753,1.2282162319705296,-1.3977831484503316,-0.08719131721692397,1.8405412062093176,19.172356972831025,,False,5.3131189756249706e-18,7.93827569017117e-18
XAUUSD,06:30,60,recent,fade,423,-0.03307681160300932,0.9519710328594462,-0.7146116461704879,-0.03474560723098488,-0.40016249419621747,5.725197503621967,257,-0.12696166656821434,1.2280652285614715,-1.6573633898440008,-0.1033834877948091,-1.7965785414093962,19.112491627783434,,False,1.815099252889041e-07,2.3649332954499468e-07
XAUUSD,06:30,120,none,follow,910,-0.10941552516124033,0.918669980991011,-3.592858554364041,-0.1191021013261028,-0.06648654093253202,3.408274979173461,515,-0.07983657509386081,1.1110611313465175,-1.630675542893885,-0.0718561498025813,-1.5917426438000313,16.889234657246767,,False,1.1396448854804239e-23,2.381378704959429e-23
XAUUSD,06:30,120,none,fade,910,-0.04028527014573368,0.9175803541263184,-1.3244112768003116,-0.04390380631469777,0.07131294866557192,3.407932473948246,515,-0.055348816826097366,1.1094559529613548,-1.1321445787290354,-0.04988825079387835,1.5982549727971345,17.110829530318938,,False,7.985884968506567e-15,1.4125062933951733e-14
XAUUSD,06:30,120,day,follow,492,-0.002514647672383182,0.9679751399235564,-0.05762295055124165,-0.0025978432385998784,0.21533970100026295,3.161365341541692,291,-0.08663418841407404,1.0448833192324798,-1.414386198068607,-0.08291278731266499,0.5746055060251758,4.837809859761051,,False,1.0710119186717548e-06,1.3964124334580716e-06
XAUUSD,06:30,120,day,fade,492,-0.1476017476086162,0.969088127505911,-3.378397740721887,-0.15230993283189911,-0.20831491793834273,3.169587926745026,291,-0.049261213230066776,1.0469931759082498,-0.8026158781086183,-0.04705017603131316,-0.5906497113800742,4.854754423619231,,False,2.033666154352239e-16,3.1868360877661027e-16
XAUUSD,06:30,120,recent,follow,477,-0.06936012385133956,0.9252904634183479,-1.6371593900570378,-0.07496037903070882,0.22396227816143566,3.2781412201096605,256,0.0009323607322826583,1.2316155720173945,0.012112360427602522,0.0007570225267251576,2.095188597736791,20.687516506382806,,False,3.1021487490074237e-10,4.3268769076097135e-10
XAUUSD,06:30,120,recent,fade,477,-0.07995973216771711,0.9251388226348486,-1.8876593090338165,-0.0864299824106259,-0.21651037142285864,3.2645503972486876,256,-0.1358614591759298,1.233957986500277,-1.7616348130134565,-0.11010217581334103,-2.0758710521732735,20.45065065974008,,False,2.98541576734071e-11,4.2677269281356446e-11
XAUUSD,06:30,240,none,follow,910,-0.05392519074420733,1.007239889571421,-1.6150258179148762,-0.053537584544186806,0.35316363365355063,7.2926489145909,515,-0.0389732491710123,1.1539023638448664,-0.7664805973109792,-0.033775170579555175,-1.2391337973317376,9.15227820400334,,False,1.4572630964387018e-15,2.6036199167700926e-15
XAUUSD,06:30,240,none,fade,910,-0.02476224023608229,1.0078338145050205,-0.7411766063223338,-0.024569765252661045,-0.35256871439723647,7.277721734151493,515,-0.033970119967315464,1.1538597753210096,-0.6681095220188196,-0.02944042308595497,1.2472801862263696,9.220150480339903,,False,4.644911369371922e-13,7.927543471174689e-13
XAUUSD,06:30,240,day,follow,492,0.004503155621947092,1.0073268613776045,0.09915830448707892,0.004470401609055323,-0.15828647619070205,8.206260612249784,291,-0.04803435151807924,1.1528581226417098,-0.7107593190794884,-0.04166544917774549,0.19999942335702056,4.864973894759926,,False,2.2966959371362155e-06,2.9700551703746464e-06
XAUUSD,06:30,240,day,fade,492,-0.08358773163938289,1.0075192830781843,-1.8402283803487083,-0.08296390257068302,0.15793092719296845,8.215623790663031,291,-0.02547517734613686,1.1548045595780334,-0.3763181981113274,-0.02206016345782832,-0.19551647239281872,4.858335331591408,,False,5.973075238876299e-11,8.478975240105428e-11
XAUUSD,06:30,240,recent,follow,506,0.0398343425294992,1.0510145315147779,0.8525585049631835,0.03790084849929509,-0.1094846560934753,7.619521065412824,279,-0.07857698091506862,1.2251559741994609,-1.0712875502163626,-0.06413630800471119,-0.21113276315820018,5.614253869687583,,False,5.111523062565431e-05,6.391859460339128e-05
XAUUSD,06:30,240,recent,fade,506,-0.11898101763812675,1.0502659405348689,-2.5483181985464545,-0.11328656204687862,0.10997492317305044,7.628934498312168,279,0.004891174002079003,1.2261485739481628,0.0666303534819284,0.003989054920424174,0.2188746852464522,5.640086225541309,,False,3.6045757364996523e-13,5.338530310251352e-13
XAUUSD,07:00,60,none,follow,910,-0.16005696761685934,0.9567979875652929,-5.046322798447766,-0.1672839718487983,-0.06181283020741958,5.434710303890525,516,-0.1376850454492565,1.0443978582905489,-2.994647097317773,-0.1318319875479416,-1.0575582357295406,9.516251692094018,,False,6.594349630606897e-30,1.5068699262455422e-29
XAUUSD,07:00,60,none,fade,910,-0.08092979209641638,0.9559480281361308,-2.5538467876306257,-0.08465919664504151,0.06986297209896554,5.442101648861214,516,-0.0691363476056453,1.0434652115649408,-1.505058250392521,-0.06625649503154764,1.0913496485683027,9.694826444261894,,False,3.8791132063592464e-19,7.452147212373604e-19
XAUUSD,07:00,60,day,follow,494,-0.10619268311170857,0.9974496930315145,-2.366285091256815,-0.10646419950159171,0.2976792281326815,5.003738444584044,296,-0.007813568041148423,1.0952167812153777,-0.12274255643077082,-0.00713426617922855,1.3633595063968154,8.81838090573618,,False,2.42995377713525e-12,3.5267248792676398e-12
XAUUSD,07:00,60,day,fade,494,-0.1360375621893927,0.9960982759917582,-3.035429333730407,-0.13657042228483718,-0.2984625240291967,4.969774222608484,296,-0.20172766818409418,1.0963235171404486,-3.165720683631589,-0.18400377719732078,-1.3401952562027404,8.66203135650653,,False,2.800966045285004e-15,4.320134152931165e-15
XAUUSD,07:00,60,recent,follow,455,-0.24270403887144956,0.9550994960332608,-5.420434314689727,-0.2541138801553692,0.013387233912509311,4.803909568407999,257,-0.10792511745923172,1.1213989364197594,-1.5428686401256289,-0.09624150153361073,1.5223868730234216,11.616857981455638,,False,3.5817540162257586e-22,5.8352535579293025e-22
XAUUSD,07:00,60,recent,fade,455,0.004020233933039419,0.9559230705438481,0.08970860021658661,0.004205604045890648,-0.0024146827104741275,4.816251516625557,257,-0.10126780101278367,1.1197960183110862,-1.4497697116373305,-0.09043414993162696,-1.482691355121204,11.478273742488494,,False,5.080302059540907e-06,6.451487638139545e-06
XAUUSD,07:00,120,none,follow,910,-0.0598380356691896,1.0175527500982258,-1.773948845301524,-0.05880583160274821,0.6611037630276446,10.236665096119937,515,-0.06942211582603292,1.0968784490539,-1.4362927113458996,-0.06329061883375699,-1.4624692432066717,11.596755185411807,,False,8.543143693813357e-16,1.5236048412879961e-15
XAUUSD,07:00,120,none,fade,910,-0.054218047940822155,1.018367272379012,-1.6060539860712268,-0.05324017121461803,-0.6652044806449248,10.234600971492998,515,-0.040837548591317455,1.0963383689691604,-0.8453151745424898,-0.03724903711042717,1.4679384704681357,11.670824435589282,,False,2.859494482626511e-16,5.265074304673942e-16
XAUUSD,07:00,120,day,follow,494,0.027012149138003236,1.0271189687712154,0.5845233484679886,0.026298948767657343,-0.9862482055807239,11.614768347210243,295,-0.004719758826584643,1.1336993757011984,-0.07150442322203894,-0.004163148474581676,1.8053681813892146,13.69896631435981,,False,2.5281161018030795e-05,3.1727655500704636e-05
XAUUSD,07:00,120,day,fade,494,-0.141392080434803,1.0269013087553136,-3.060270753457315,-0.13768809059770457,0.979060349494922,11.604473708116817,295,-0.10648325539379824,1.1379132576185016,-1.6072490233094696,-0.09357765601277314,-1.7839199338136837,13.465881612656602,,False,5.427702368427475e-13,7.777992723101577e-13
XAUUSD,07:00,120,recent,follow,464,-0.006956921505746876,0.9727174010751742,-0.15405982793084597,-0.007152047961779216,0.443743308828618,4.407142478496764,255,0.010888965313840069,1.131067429150061,0.1537333915013149,0.009627158410902668,2.138073330117155,15.590975208779476,,False,1.338499488057549e-06,1.7273427222211261e-06
XAUUSD,07:00,120,recent,fade,464,-0.10553413657211574,0.973373657487835,-2.335459620660987,-0.1084209910143728,-0.4553100849607149,4.414786413912836,255,-0.12092879819311324,1.1332094757217288,-1.7040786278607352,-0.10671354306854432,-2.1241504074899584,15.433759967789054,,False,1.107811283950041e-12,1.6230850402347771e-12
XAUUSD,07:00,240,none,follow,910,-0.04651902673759792,1.0080003117437275,-1.3921648030644818,-0.04614981383996322,0.14202852549529585,6.160761543304189,515,-0.03540765656138985,1.117914332723609,-0.7187738597997041,-0.031672960552464775,-0.8871611843119276,6.953384757292283,,False,5.470630840237283e-15,9.696266266685965e-15
XAUUSD,07:00,240,none,fade,910,-0.029308111490980733,1.008626245991373,-0.8765531729746902,-0.029057454738523045,-0.14562110742144604,6.150437592890229,515,-0.034645158164631235,1.118425377707062,-0.7029738176475916,-0.030976727509222785,0.8940839043717468,7.000721146946825,,False,1.9388281511514553e-13,3.333611682943484e-13
XAUUSD,07:00,240,day,follow,494,0.03391800023525914,1.0169877997757049,0.7412726391824013,0.03335143277307723,0.04753375754313709,6.14688387587598,295,0.016268696868904618,1.2102308399702415,0.23088491521373844,0.01344263947967534,0.8306818433667583,6.423916175567806,,False,3.864968054068217e-05,4.8405641259315805e-05
XAUUSD,07:00,240,day,fade,494,-0.10985976739905115,1.0175102316998692,-2.3997354359735525,-0.10796920166150824,-0.05394998168855839,6.159184867936475,295,-0.08699328072244596,1.2115423691053488,-1.2332698401361475,-0.07180374615102009,-0.8217507417872443,6.375231926009972,,False,8.463042351503877e-13,1.2456130440154536e-12
XAUUSD,07:00,240,recent,follow,507,0.029934905231892926,0.9898771871754826,0.6809269946724033,0.03024102951327653,0.058246699966293426,6.489811807216185,269,0.07289798298449222,1.2237762750896581,0.9769888842895319,0.05956806359818625,0.9630464578245689,6.732017553346638,,False,2.299856939523027e-05,2.9075230319664072e-05
XAUUSD,07:00,240,recent,fade,507,-0.10554749350995575,0.9897506761265012,-2.401187627495505,-0.1066404863930253,-0.0645049914516856,6.489441929207247,269,-0.14352515227076165,1.2235267412272486,-1.9239363081232241,-0.11730446702521591,-0.9495332206942273,6.686642219968352,,False,5.314134770931656e-13,7.888982666800991e-13
XAUUSD,07:30,60,none,follow,910,-0.10157234575938455,0.9564140231842622,-3.203688212438342,-0.1062012301128877,-0.0708924018896348,4.132077617438502,515,-0.07504701383192063,1.0030332256232426,-1.6979375436561646,-0.07482006768548427,-0.23576535658835632,6.9460628116062475,,False,5.451332551216093e-22,1.106778109876969e-21
XAUUSD,07:30,60,none,fade,910,-0.08144355892290157,0.9554863685980807,-2.5713011483966164,-0.08523780307028148,0.06894511915161772,4.120495789740514,515,-0.0945677105228436,1.0011622668631437,-2.143591451668168,-0.09445792520641488,0.21946667918884294,7.005670807373791,,False,3.028503499092364e-19,5.833999991336478e-19
XAUUSD,07:30,60,day,follow,487,0.029396346537687662,1.0175002461929474,0.6375633090689279,0.02889075127762993,0.23469362082895126,3.8522207104272934,293,-0.019211594196441265,1.0742861655492535,-0.30610979865372767,-0.01788312538365315,1.0959174970172543,7.114018305860428,,False,2.7301815019954678e-05,3.43068217962987e-05
XAUUSD,07:30,60,day,fade,487,-0.21151432161967482,1.017472992144572,-4.587555900177854,-0.20788200104835894,-0.2346626250017893,3.874818611220916,293,-0.14923046310828728,1.0768736703230422,-2.372064742498921,-0.13857750191210536,-1.1000340698425493,7.086551847840394,,False,5.535860928673053e-21,9.22154235600772e-21
XAUUSD,07:30,60,recent,follow,466,-0.1472524453485468,0.9089721631354278,-3.4970745500557503,-0.16199885026248892,-0.10419754209534746,3.2003378734739685,256,0.0499552797691296,1.0174919858585145,0.7855437560342776,0.04909648475214235,0.9184716761094289,6.657622237626291,,False,3.789774549076187e-16,5.82338523430095e-16
XAUUSD,07:30,60,recent,fade,466,-0.03499429686426829,0.9075128614111595,-0.8324102923649671,-0.03856066217050968,0.10530344383761535,3.1947313516891,256,-0.2198777090023692,1.019524776764996,-3.450669786761669,-0.21566686167260432,-0.9122154353064265,6.592158433635361,,False,3.8068533119615996e-08,5.087527290061868e-08
XAUUSD,07:30,120,none,follow,910,-0.043377413777471105,1.0258482490311955,-1.2755609927544653,-0.042284435167127744,0.4535716472898385,8.34646673328322,515,-0.039771924165019575,1.0666008103687166,-0.8462103012502489,-0.03728848110594506,-0.7046027115004635,6.694483548206833,,False,1.9744999463938094e-14,3.445809698270929e-14
XAUUSD,07:30,120,none,fade,910,-0.06072315918257374,1.0263299913256938,-1.7847937408246215,-0.05916533638867809,-0.4563116870203783,8.325490049819715,515,-0.06311881673232932,1.0653918892927217,-1.3444760708317025,-0.059244694245074274,0.7055281293662359,6.75341470997301,,False,8.513394907181131e-17,1.5803488496588468e-16
XAUUSD,07:30,120,day,follow,487,0.01658999961407713,1.0474474102350497,0.34952530970715995,0.015838503634616172,-0.8145016920049271,8.909736738687947,293,-0.02949215126256986,1.105287854035646,-0.45673560157849996,-0.0266827787484388,0.5872233506004582,6.976470092742,,False,9.27546647876252e-06,1.1777052606188925e-05
XAUUSD,07:30,120,day,fade,487,-0.12049069762327419,1.047450450370939,-2.5385429264250647,-0.11503236031890979,0.8107441789234366,8.93838846278364,293,-0.0726075911445196,1.107513776972558,-1.122190793746224,-0.06555908617497827,-0.5792677200799585,6.876705850100094,,False,5.216250243578467e-12,7.414035680857832e-12
XAUUSD,07:30,120,recent,follow,433,-0.04899021402236497,1.0136214836192696,-1.0057209064314983,-0.0483318623510612,0.37551905212252384,5.206607761580855,260,-0.012918276188677547,1.1134940299964797,-0.18706965550081212,-0.011601567534868946,0.9986016494359625,7.2430292180970905,,False,4.578062770865951e-08,6.031858791445981e-08
XAUUSD,07:30,120,recent,fade,433,-0.055146151229921225,1.012840383011199,-1.1329693127417515,-0.05444703050442201,-0.39327186879641274,5.232854833586448,260,-0.0885121874513412,1.1131681854077782,-1.2821208483191042,-0.07951375956627545,-0.9954661828736948,7.174734875015097,,False,1.2321604765734793e-08,1.651229190448293e-08
XAUUSD,07:30,240,none,follow,910,-0.021876672260141065,1.0167942043878624,-0.6490361616835827,-0.021515339255214788,0.23890048793223798,6.240347684571021,515,-0.006672802290440168,1.1204888090448513,-0.13514635857576004,-0.005955260094144383,-0.4532232361883134,5.196289887560728,,False,1.2719453835798968e-12,2.141444061651506e-12
XAUUSD,07:30,240,none,fade,910,-0.05213971232050186,1.017439040001905,-1.5458983332209528,-0.05124603074047977,-0.24151675201012787,6.22688751579416,515,-0.062062565217290866,1.1206518882798635,-1.2567896904303737,-0.05538077066246982,0.45442453329271065,5.236650410288205,,False,9.104661504396934e-16,1.648978658888518e-15
XAUUSD,07:30,240,day,follow,487,0.025535925049281198,1.0210224577807356,0.5519259081465694,0.025010150222146272,-0.059048040589663356,6.842051043938779,293,0.018081441627842018,1.2087113668905387,0.2560614836829767,0.014959271603738859,0.3596808863285327,5.001210231746019,,False,2.037863124346045e-05,2.5671916588686883e-05
XAUUSD,07:30,240,day,fade,487,-0.09934077634472889,1.0210774649965217,-2.1470063988042747,-0.09729014668350093,0.05260724789350862,6.859373969172889,293,-0.08643465690771371,1.2090054638463474,-1.223752125325436,-0.07149236251813887,-0.35456330468151703,4.994203183504885,,False,7.890661135228369e-12,1.1370489457424295e-11
XAUUSD,07:30,240,recent,follow,467,-0.014018705532489607,1.035290726228984,-0.2926200160889162,-0.013540839473712209,-0.24399435284973925,6.697825056782656,285,0.03757001029471772,1.2056432083728676,0.526071700571337,0.031161798145424875,0.3952661193636962,4.840274113245818,,False,5.803410730469762e-07,7.565884135097931e-07
XAUUSD,07:30,240,recent,fade,467,-0.06097711233485022,1.035396830427582,-1.2726777835623184,-0.05889250434509138,0.23700800925212015,6.691792247255043,285,-0.10648725220900261,1.2049596399685727,-1.4919269194642677,-0.08837412364432387,-0.39228449885587113,4.816371853247893,,False,3.746193309429247e-09,5.101411028017467e-09
XAUUSD,08:00,60,none,follow,910,-0.04785324768255222,1.0526462347805805,-1.3713542992986387,-0.045459952357619,0.9257723135998599,13.651530177018168,515,-0.06171008724006759,1.1178378761498582,-1.2527977190396549,-0.05520486338556906,-0.7308752392565173,6.125221635025267,,False,1.9963479031678347e-14,3.459433628943383e-14
XAUUSD,08:00,60,none,fade,910,-0.08238603752045943,1.0538034919693522,-2.3583848597585733,-0.07817969682990523,-0.934219851243715,13.635116232482117,515,-0.07066684187095978,1.1172804601340651,-1.4353476213337673,-0.06324897319199542,0.728298493350607,6.150450292582155,,False,1.4326793908104476e-19,2.839166322746411e-19
XAUUSD,08:00,60,day,follow,479,0.02646533887421942,1.0752241512253728,0.5386990444835789,0.02461378759401782,-1.480057151339893,15.515121474451917,293,-0.07858497799154679,1.163265020476509,-1.1563643044103897,-0.0675555239848577,0.6699259734641572,5.566494194756456,,False,3.0862369746239536e-05,3.8463139677059274e-05
XAUUSD,08:00,60,day,fade,479,-0.15587090201072737,1.0758641721813647,-3.170847535182407,-0.1448797218469427,1.4606363861016964,15.443342778657291,293,-0.05351623322420282,1.1697868463362353,-0.7830916880541342,-0.045748704895952036,-0.6596581324035337,5.4970222438460805,,False,3.34253067801458e-12,4.640954045993281e-12
XAUUSD,08:00,60,recent,follow,479,-0.09524848516704934,0.9310467126202462,-2.2390013893450513,-0.10230258468878686,0.30953051549136085,5.40103209937691,268,-0.13284527384920392,1.1280585621593942,-1.9278882622019209,-0.11776451888712577,0.4530701679209311,5.219083089459243,,False,9.45955852812878e-12,1.3514952076225667e-11
XAUUSD,08:00,60,recent,fade,479,-0.03621127974374119,0.9307815633474478,-0.8514592303887882,-0.038904165240995464,-0.31805405095245154,5.388310439804711,268,0.0006576690216412212,1.129877300823602,0.009528916007679055,0.0005820711869880262,-0.4485573277790566,5.1797544739304415,,False,1.888084556702624e-08,2.5557984439949576e-08
XAUUSD,08:00,120,none,follow,910,-0.06445867608900867,1.0467565426094136,-1.8576179262955863,-0.06157943462987339,0.3427143465455025,8.778091853487023,515,-0.05856756055691176,1.1243656786780343,-1.1820971479537958,-0.05208942399039802,-0.8574275234294251,7.176989672965046,,False,2.4461424547786405e-16,4.433244405884706e-16
XAUUSD,08:00,120,none,fade,910,-0.030693976336752728,1.0471973866024331,-0.8841893924665395,-0.02931059294975652,-0.3406741468282792,8.76218218549217,515,-0.034687962129624876,1.1234701945320629,-0.7006818141695661,-0.030875729768757038,0.8666526433945281,7.22925791972443,,False,1.5924177814550516e-13,2.747140279815014e-13
XAUUSD,08:00,120,day,follow,479,0.019978165184038298,1.0883247888394405,0.40175827911668477,0.018356804318812273,-0.5221061163143674,9.692975676073052,293,-0.06147750800939451,1.1899447443244362,-0.884348146774031,-0.05166417037649673,0.00603424723285314,7.563069934549239,,False,1.3466566585694212e-05,1.6998692228596075e-05
XAUUSD,08:00,120,day,fade,479,-0.1144683144550016,1.0896023832572512,-2.2992436731203045,-0.10505512489134858,0.5217258444607035,9.687128389641904,293,-0.031454360797349756,1.1921034159545718,-0.45164867635999895,-0.026385597404032946,0.007574505955576222,7.5541633994585276,,False,1.365759162258278e-11,1.934523885519838e-11
XAUUSD,08:00,120,recent,follow,446,-0.020408297587370523,1.0355997221751654,-0.416181031726259,-0.019706743011194613,1.1840080557506836,11.117356046211633,265,-0.013153732378108482,1.1147442099959293,-0.19208644246119733,-0.011799776361391925,1.027322429687926,8.584531586698743,,False,7.321383623131721e-07,9.433372734836237e-07
XAUUSD,08:00,120,recent,fade,446,-0.07462718492585951,1.035564993456561,-1.5219035424078813,-0.0720642213645762,-1.1832220120436832,11.128745632106993,265,-0.0807576478304722,1.1149804566244828,-1.179069330753318,-0.07242965322904381,-1.0001803439234092,8.51296371781665,,False,2.7049655936135833e-10,3.794378452301562e-10
XAUUSD,08:00,240,none,follow,910,-0.026344333122573785,1.0142166010342288,-0.7835689002670099,-0.02597505611297393,0.15196767366811792,6.27042347137901,515,-0.008038223443239718,1.0901038640737781,-0.16733847614619485,-0.007373814283347675,-0.37517479378163227,4.998755877663573,,False,4.729135238168848e-13,8.04300474382625e-13
XAUUSD,08:00,240,none,fade,910,-0.04704834106623835,1.014546612293666,-1.3989204078973432,-0.046373759959507856,-0.1557425098895334,6.254592040522395,515,-0.06038997454962041,1.0903307050298663,-1.2569274723035804,-0.055386842057214385,0.3777762542076014,5.033138798421557,,False,3.4156880811044448e-15,6.104154971237153e-15
XAUUSD,08:00,240,day,follow,479,0.017254721827855184,1.0599444159180236,0.35628097135503345,0.016278893089795445,0.10648197840826847,6.620768129619976,293,0.01874412399397326,1.1751473799705707,0.2730276443266712,0.01595044529175793,0.27682171920072146,4.533611082051887,,False,9.866404968580264e-06,1.2515695645760139e-05
XAUUSD,08:00,240,day,fade,479,-0.09006820008019395,1.060612226000541,-1.8585857864475595,-0.08492095213708012,-0.11231847029464521,6.637612438853677,293,-0.08692929855862605,1.1762042071541805,-1.2650778649520007,-0.0739066380054455,-0.2683206412648087,4.553689188268001,,False,4.7244513236267564e-11,6.716302336859775e-11
XAUUSD,08:00,240,recent,follow,465,-0.050656847696614014,1.0413484171847895,-1.0489833042448302,-0.04864543591813502,0.03216343882642149,6.695043561718945,282,0.009639822174300162,1.0966911362617275,0.14760777821494242,0.008789915278388462,0.47582286419274916,5.042764526728837,,False,1.1563717380512921e-08,1.5615738792551125e-08
XAUUSD,08:00,240,recent,fade,465,-0.02305624293290004,1.0418593947278025,-0.4772060089746297,-0.022129898765201175,-0.03765890867385786,6.712213097824013,282,-0.07780791115491285,1.0966023984006374,-1.1915139163615016,-0.07095362117426829,-0.4633216529516321,5.069993942039131,,False,2.455559227471026e-07,3.225591487070961e-07
XAUUSD,08:30,60,none,follow,910,-0.0479453752698804,1.046124870923862,-1.3825596921627268,-0.04583140751403655,0.8148902673083501,10.527242724267397,515,-0.0564165758567091,1.086594294843321,-1.178264838226722,-0.05192055224700399,-0.6072760429210622,7.26334874375809,,False,1.5399893178010862e-14,2.6793992890837837e-14
XAUUSD,08:30,60,none,fade,910,-0.07952323611332654,1.047085446164156,-2.2910397157042452,-0.07594722704307298,-0.8210382221256639,10.497383128397116,515,-0.07371390756332263,1.0860098707281332,-1.5403495131553908,-0.06787590937262838,0.6074071972669529,7.27289616063197,,False,3.318528229893261e-19,6.519128588541686e-19
XAUUSD,08:30,60,day,follow,468,-0.04753300728493625,1.1254734798300559,-0.9136565087364977,-0.04223378705654942,-0.8589136157274777,9.5050696806349,286,-0.07443437844076085,1.123699704795585,-1.120227722315059,-0.06624045385355103,0.5708723930567253,5.671561323095123,,False,1.264010175475567e-08,1.71703718828192e-08
XAUUSD,08:30,60,day,fade,468,-0.0798366699575983,1.126311260378857,-1.533440447523842,-0.07088330976176485,0.847016504754765,9.54643949212587,286,-0.0548051725460594,1.1281815391915073,-0.8215340665308536,-0.04857832772670134,-0.5529055093583704,5.613074089692905,,False,1.8824557893532533e-09,2.5595472954997295e-09
XAUUSD,08:30,60,recent,follow,513,-0.047255931296017066,1.129983861660396,-0.947202352550101,-0.04182000548802466,1.0249234001793837,11.343167081209968,275,-0.02297692695274931,1.0967377404883376,-0.3474205487983929,-0.020950247360429594,0.6621044056459789,6.007243962221134,,False,1.0866456028240935e-08,1.4810094685288097e-08
XAUUSD,08:30,60,recent,fade,513,-0.07992104502461415,1.1296871763337653,-1.6023656915037459,-0.07074617354158717,-1.025749074475552,11.335521326227841,275,-0.10488495200187646,1.0982798437481787,-1.5836766645806732,-0.09549929610282934,-0.6551103719605318,5.966805237879057,,False,2.3128503923115182e-11,3.386888341558228e-11
XAUUSD,08:30,120,none,follow,910,-0.04439113772102198,1.027771240892909,-1.3029282813518803,-0.04319165195015164,0.40845124825188744,7.449254879226758,515,-0.03906320442360019,1.110888533299121,-0.7979965190517517,-0.03516392802038395,-0.5247888096990833,5.143175807671843,,False,1.521797440327244e-14,2.6635210252072492e-14
XAUUSD,08:30,120,none,fade,910,-0.04842070093087011,1.0287801165807737,-1.4198066505134657,-0.04706613216029083,-0.40690057794133655,7.427128662798323,515,-0.04812941273498358,1.111496720272133,-0.9826661395586744,-0.04330144377142185,0.5289679633666735,5.1494454181118865,,False,2.0349470838563526e-15,3.665986874837069e-15
XAUUSD,08:30,120,day,follow,468,-0.015174493479638585,1.0954125207605632,-0.299681151802299,-0.01385276614247816,-0.243462237561823,7.399361086202968,286,-0.006803383304611876,1.2150752930736957,-0.09469014167316447,-0.005599145454930457,0.29526645084104125,4.524507485510586,,False,5.460980597104567e-07,7.125861694814564e-07
XAUUSD,08:30,120,day,fade,468,-0.0774001653137766,1.0958117881976899,-1.5280193247083331,-0.0706327182709712,0.24266618679577637,7.415072399399003,286,-0.07992760580773917,1.2155638818579333,-1.1119929485525375,-0.06575352147315656,-0.28430118433232565,4.541153551930351,,False,8.795778245744101e-10,1.2116648842732377e-09
XAUUSD,08:30,120,recent,follow,498,-0.0014152570735530671,1.093544598242956,-0.028881085080756506,-0.0012941923684018192,1.052761413602165,8.191114694673898,268,0.06718870525123904,1.2473518848785512,0.8818093136890524,0.05386507694080319,0.36303795075512524,4.046587491962089,,False,1.0820783252024773e-06,1.4128062007625724e-06
XAUUSD,08:30,120,recent,fade,498,-0.09112085503135058,1.0940995393814903,-1.8585558765431534,-0.08328388026089698,-1.0515491264657488,8.186876386796126,268,-0.15515126803438442,1.2474065740627398,-2.0361731103092606,-0.12437906874986607,-0.35124768478868024,4.045014784052766,,False,4.244138139686669e-12,6.285243049244644e-12
XAUUSD,08:30,240,none,follow,910,-0.03778750583951243,0.9877388751501565,-1.154055716351853,-0.038256574475483675,0.1661866325794798,5.234993633852903,515,-0.01381721416840622,1.0501890198977577,-0.29857719279320855,-0.01315688310067402,-0.3173117195276462,4.3116053418509575,,False,3.286891123354376e-14,5.731494206857156e-14
XAUUSD,08:30,240,none,fade,910,-0.03776587663979652,0.9882187534129689,-1.1528350583264801,-0.03821611005596293,-0.1698884396012602,5.226990040419722,515,-0.05641499634913199,1.0507417998039945,-1.2184344493949413,-0.053690636805022555,0.32086627715948146,4.330831162115555,,False,2.2935647591123765e-14,4.0273875296442586e-14
XAUUSD,08:30,240,day,follow,468,-0.02064057969475222,1.0514937302972909,-0.4246568455925394,-0.019629769631547368,-0.011779585149990826,5.141834477794665,286,0.03336832356708404,1.129400030021022,0.49965427754168845,0.02954517680193699,0.12168455593678598,4.194133625537723,,False,3.000237887328716e-07,3.936621174386793e-07
XAUUSD,08:30,240,day,fade,468,-0.05465487531377774,1.0516402139315242,-1.1243063138174056,-0.05197107774098157,0.006654934753995601,5.16432020827629,286,-0.10319652045513224,1.1294437798224743,-1.5451955641748238,-0.09136932913239174,-0.1129425938755366,4.217738488463273,,False,6.673643391433055e-09,9.067136472926713e-09
XAUUSD,08:30,240,recent,follow,495,-0.003782434256110588,1.0429726198696663,-0.08068653770952744,-0.0036265901750932397,0.44834105325680346,5.094306215769181,258,0.019689643836855383,1.0807195328025192,0.29264069016273053,0.0182190135731111,0.4968645654968174,3.5906930183370798,,False,9.017116273801032e-07,1.1785913361329812e-06
XAUUSD,08:30,240,recent,fade,495,-0.0726027829695336,1.0425361332869936,-1.5494042806553743,-0.06964054352785412,-0.4523501521965782,5.117586351535239,258,-0.09031580187896014,1.078853697250598,-1.3446555259127606,-0.08371459643612959,-0.4962870776438752,3.578466980370434,,False,1.2265983976842203e-10,1.748828556273146e-10
XAUUSD,09:00,60,none,follow,910,-0.11357547391647205,1.0359663553997176,-3.3071934760777806,-0.10963239619171807,-0.4374632309741682,6.21038893050708,515,-0.08422962789921379,1.0724940635917184,-1.7822704216441856,-0.0785362182958233,-1.1134937433136036,10.4954298113941,,False,3.867247368617002e-23,8.107935723586569e-23
XAUUSD,09:00,60,none,fade,910,-0.027243066433391673,1.0354846440699639,-0.7936573138350401,-0.02630948376628071,0.44648671585508953,6.244236103842487,515,-0.04912907048783579,1.0714810304750262,-1.0405373535728355,-0.045851554148424914,1.1303521772043048,10.521546646881646,,False,5.373676781986855e-13,9.109030740093658e-13
XAUUSD,09:00,60,day,follow,499,-0.07414966944535316,1.1048514191995367,-1.4991863324274668,-0.06711279739231768,-0.3029858152530322,6.287635257082241,260,-0.11293658460750455,1.212207003266942,-1.5022580332638455,-0.09316608822019369,-1.154765814061061,10.751366864195163,,False,1.9319426061892286e-10,2.741997971070201e-10
XAUUSD,09:00,60,day,fade,499,-0.0664198722039273,1.1051174918747542,-1.3425790172753265,-0.060102091128112226,0.31479874795102697,6.333690057461283,260,-0.022299336468005585,1.2114464331064372,-0.2968071774499976,-0.018407199739591273,1.173644991040672,10.85337076168744,,False,1.0676237425580213e-09,1.4839899557850867e-09
XAUUSD,09:00,60,recent,follow,477,-0.09917161366253731,1.034703553418867,-2.0932959289884856,-0.09584543643911775,0.08759743347198497,5.0333107690282395,286,-0.023319472848243455,1.1862675819253503,-0.3324444469303525,-0.01965785224476522,1.2105265096006268,10.673128446551772,,False,1.527294069769534e-11,2.1821560085884613e-11
XAUUSD,09:00,60,recent,fade,477,-0.043577837196510615,1.033277649234564,-0.9211022141903145,-0.04217437319852258,-0.07691773817533762,5.0769469677424,286,-0.11002740231403743,1.1871296976108368,-1.5674211644324927,-0.09268355642645751,-1.1935897377720528,10.534702315531838,,False,1.5533265870634186e-08,2.102116005053268e-08
XAUUSD,09:00,120,none,follow,910,-0.059783674749975715,0.9875869289178189,-1.8261143506070336,-0.060535101264944505,0.00241679084984337,5.386217931581069,515,-0.032321885889201145,1.0432684884917305,-0.7030791472508587,-0.03098136888609508,-0.5766783071262193,6.064545884925175,,False,1.4149259609863643e-16,2.5950704787940604e-16
XAUUSD,09:00,120,none,fade,910,-0.0424225795251468,0.9879854737455693,-1.2952905867130273,-0.04293846483827116,-0.00703221992866828,5.375855121648694,515,-0.0592346559580634,1.044840422173313,-1.2865584421501441,-0.05669253859345599,0.5838465817632181,6.081943083599467,,False,9.276151638410541e-15,1.6396395260336522e-14
XAUUSD,09:00,120,day,follow,499,-0.041344655821615714,1.0433680473206486,-0.8851810770772571,-0.03962614719493096,0.16374319660239192,4.294249311996109,260,0.022504307757315854,1.1398758513371992,0.31834261489735244,0.019742770873613855,0.6709880150576213,6.123645277276161,,False,1.2081008872670267e-08,1.6476979943812135e-08
XAUUSD,09:00,120,day,fade,499,-0.06080565381428225,1.0442054589414338,-1.3007932543902945,-0.05823150347817962,-0.1676344462112805,4.310208824308247,260,-0.11541799998195176,1.13991424692331,-1.6326309933561445,-0.10125147597152258,-0.6613770373616044,6.10380367573791,,False,7.845501183919202e-10,1.098938219999696e-09
XAUUSD,09:00,120,recent,follow,493,-0.056374976757008116,1.0908149315414457,-1.1475160308086894,-0.05168152280180457,-0.012492469025739899,5.474658744915459,271,0.05384006117949948,1.076643726474562,0.8232242896291471,0.05000731426337026,0.43827497551841127,4.203587775266339,,False,2.8113627656527703e-09,3.880781447785171e-09
XAUUSD,09:00,120,recent,fade,493,-0.04659976252906041,1.0919627188554835,-0.9475439259269508,-0.04267523215252524,0.002589006360201647,5.48790078682106,271,-0.14620537659474264,1.075040345072624,-2.238840868548636,-0.1359998973665177,-0.4322911230698302,4.205024755088619,,False,9.083789384134553e-09,1.2408888359342086e-08
XAUUSD,09:00,240,none,follow,910,-0.04536353713087504,0.9807885770067029,-1.395250566496878,-0.04625210590168305,-0.10767814675562716,4.696708824985356,515,-0.013286298497109801,1.023884647144087,-0.29448053191806867,-0.012976362653907511,-0.32664724851331084,4.742749620374014,,False,3.671108112624941e-15,6.5536260214849114e-15
XAUUSD,09:00,240,none,fade,910,-0.03788468402160015,0.9807936017337088,-1.1652168103406015,-0.038626561138483104,0.10477655926850164,4.689748602956669,515,-0.06213710286063962,1.024551259246241,-1.3763247620274062,-0.06064811526009317,0.3304072145850752,4.751962750601477,,False,2.8132748823010473e-14,4.916206114649113e-14
XAUUSD,09:00,240,day,follow,499,-0.05255696501426762,1.0455511009182115,-1.1228850181890275,-0.05026723702754621,0.2128656136287838,4.313333596450999,260,0.08723579293116031,1.0974117465469475,1.2817749576696862,0.07949230833882671,0.31833454648782716,4.369910190852201,,False,3.2892428834473485e-09,4.5354342826961145e-09
XAUUSD,09:00,240,day,fade,499,-0.03068047119064354,1.0462517181464235,-0.6550525081106058,-0.02932417759370388,-0.2174199381150652,4.325272494328126,260,-0.16388368919463314,1.0975969656749953,-2.4075732429100363,-0.14931135409421314,-0.31685285522220286,4.355594486641442,,False,3.597346181997851e-08,4.866470001817873e-08
XAUUSD,09:00,240,recent,follow,499,-0.05568737124612265,1.0370952600806558,-1.1994671011669296,-0.05369552189621597,0.2188028293346331,4.741080329940889,269,0.13481933815954797,1.0952017152809457,2.0189902213254767,0.1231000063992445,0.2811132513088403,3.5050704342067194,,False,2.1453445369259333e-09,2.968497387346635e-09
XAUUSD,09:00,240,recent,fade,499,-0.02772998790760101,1.0375703265657927,-0.5970111058358955,-0.026725887583334468,-0.2219250046622338,4.76056852194658,269,-0.21204808687975182,1.0936288177035258,-3.180098360744485,-0.19389401911063794,-0.28128705852259844,3.490639033632381,,False,4.9919318667596635e-08,6.731492748871227e-08
XAUUSD,09:30,60,none,follow,910,-0.0836726821978366,0.9790294859206345,-2.5781525741956712,-0.08546492562392505,-0.007132463088144332,4.5778221153722845,516,-0.059426496246459376,1.1203420562806263,-1.2049092457211281,-0.05304317187176455,-0.7512046566824772,6.459712712431957,,False,2.2769732219589383e-19,4.404363219455332e-19
XAUUSD,09:30,60,none,fade,910,-0.053615254989121175,0.9798173703398008,-1.6506839841143182,-0.05471964124347724,0.011329757188708128,4.615066646227658,516,-0.05980096833931997,1.1224670308508349,-1.210206478605187,-0.05327636954645392,0.7592576064832647,6.470290880808307,,False,5.794490356251925e-16,1.0498908174150794e-15
XAUUSD,09:30,60,day,follow,494,-0.05606882503847307,1.0568392440645822,-1.179168850038238,-0.053053314733879024,0.2194101957248234,4.34430305876789,279,-0.06702737312306897,1.2577593470325377,-0.8901367824199837,-0.053291095217227594,-0.5098282570430973,5.907615276431064,,False,2.7686534650661455e-09,3.816512627872213e-09
XAUUSD,09:30,60,day,fade,494,-0.0808719901332245,1.058603803364867,-1.6979627366255292,-0.07639495520058179,-0.21363626471273817,4.3480415786450575,279,-0.05449077002217826,1.2581403411100223,-0.7234290742914494,-0.04331056579435531,0.5322897781885068,5.945745410143846,,False,6.553216846151527e-11,9.362547520107342e-11
XAUUSD,09:30,60,recent,follow,472,-0.005866837364148889,1.1193535050483052,-0.11386959736472312,-0.005241273054213296,0.4333712130555087,3.7869391471226166,263,-0.03664108082047525,1.1710509748463853,-0.5074232353740635,-0.031289057101277516,0.03755217222781359,6.465495238603711,,False,1.3310065095224487e-06,1.721729999207895e-06
XAUUSD,09:30,60,recent,fade,472,-0.13203701673319984,1.1205907509782436,-2.559880363520021,-0.11782804437564322,-0.42567498524502334,3.769987663600772,263,-0.08435345180403504,1.1695152971664344,-1.1697009064412796,-0.07212684777053467,-0.027496326922706097,6.474572857173303,,False,1.510244660927687e-13,2.2529520212974937e-13
XAUUSD,09:30,120,none,follow,910,-0.043370162976496096,0.9603273576060015,-1.3623617732326254,-0.045161853021258816,0.08370478364744705,4.7667504082012275,516,-0.017222018297613606,1.1101986353647055,-0.3523775307459801,-0.015512555815704179,-0.3940180094586841,4.890815585433679,,False,6.196337540699681e-15,1.0981125287257196e-14
XAUUSD,09:30,120,none,fade,910,-0.06295277240485944,0.9607204463605908,-1.9766898103102695,-0.06552662914934064,-0.0859528902892104,4.774463042965901,516,-0.07625484147285469,1.1119070001701707,-1.557843436839939,-0.06858023329395745,0.3975647066662402,4.912156054049651,,False,3.286102722027742e-17,6.114217416117524e-17
XAUUSD,09:30,120,day,follow,494,-0.007340702861988672,1.0291659170190717,-0.15853155671861124,-0.007132671943947245,0.2527303073105754,4.1789798919677645,279,0.0068219371335547455,1.1904258046923895,0.09572105621690848,0.005730669737386581,0.3033390458746151,4.824563062058614,,False,6.275131211077514e-07,8.230621676707052e-07
XAUUSD,09:30,120,day,fade,494,-0.09873963232139595,1.0305988894760814,-2.1294395209063666,-0.09580801350522661,-0.25682426671484176,4.187211673310483,279,-0.10214343449410274,1.1903475891269653,-1.4333054806884682,-0.08580975458522803,-0.2992361323825607,4.840104673777166,,False,2.995462714911379e-12,4.389529924672567e-12
XAUUSD,09:30,120,recent,follow,505,-0.03826035109893698,0.9998608376725941,-0.8599141229934154,-0.03826567623950223,0.23806333493206114,4.491103010411616,288,-0.02377023236689181,1.1716316380696263,-0.3443012349793232,-0.020288144835398533,0.05669131928911252,4.4744606826332625,,False,1.2370351444153193e-08,1.6892472588297504e-08
XAUUSD,09:30,120,recent,fade,505,-0.06868864627689829,1.0023844860480058,-1.5399134419155236,-0.0685252487772528,-0.24704196837403478,4.475310713666971,288,-0.06955376159722088,1.1713195132004337,-1.007723735732109,-0.05938069059156789,-0.057442291670092356,4.493376638190543,,False,1.273951055066293e-10,1.8177313588694983e-10
XAUUSD,09:30,240,none,follow,888,-0.058564959271019366,0.9955125376619568,-1.7530632859639361,-0.05882895197740452,-0.08283992551958307,5.300051320088895,504,-0.027585716786979884,1.0752181766954798,-0.5759740853861504,-0.025655924894945885,-0.5155230754753239,5.364865240024271,,False,4.092451429118453e-16,7.394007135417588e-16
XAUUSD,09:30,240,none,fade,888,-0.02857921810375636,0.9956975878034702,-0.8553214640917166,-0.028702708988984013,0.08122170473054763,5.313279450765905,504,-0.049266337019503614,1.0769815259536561,-1.0269688906599823,-0.045744830187201935,0.5177080604104068,5.369531781155251,,False,4.733410068768577e-13,8.001938726633791e-13
XAUUSD,09:30,240,day,follow,487,-0.005152787788214702,1.091457019099358,-0.10418377733698655,-0.0047210175921234615,0.27598022250867227,5.2641045589199145,276,0.038835320897845325,1.1854850152678047,0.5442336244482159,0.032759014578579305,0.5473691942506148,5.173674337203846,,False,9.664092821118632e-07,1.2595623632854494e-06
XAUUSD,09:30,240,day,fade,487,-0.08182472673818275,1.0927488843677848,-1.6524513127594593,-0.07487971656500281,-0.2791680150609985,5.274180248927643,276,-0.11719113578404175,1.1848739054927624,-1.6431498415375303,-0.09890599771062103,-0.5429453648409541,5.158179900963103,,False,1.023704653675604e-10,1.4545035849628364e-10
XAUUSD,09:30,240,recent,follow,501,0.00977418033000757,0.9936809581943624,0.22016700910403958,0.009836336551893305,0.4313343922784439,4.810020955626246,275,0.013060707729961069,1.1169050463842014,0.19391741122939923,0.011693659879363055,0.22895964742833652,3.9057024244924308,,False,3.1587905788327245e-06,4.082618125245284e-06
XAUUSD,09:30,240,recent,fade,501,-0.09705462623846912,0.9952343002623125,-2.1827790107575544,-0.09751937429496609,-0.43191658812235617,4.8224769141945405,275,-0.09105563779226558,1.1166560445238995,-1.3522399627192745,-0.08154313787025468,-0.22918339159142515,3.8940427266776565,,False,1.0809974350023587e-12,1.6058193116672055e-12
XAUUSD,10:00,60,none,follow,910,-0.04602328651119841,0.9620759029238966,-1.4430752805971818,-0.04783747973660557,0.43232147645822316,7.009747043148161,516,-0.021313693345316465,1.073772051839788,-0.4508908974159255,-0.019849364964191273,-0.19636469343745994,6.546279271897182,,False,5.726682806972207e-15,1.0103985849849955e-14
XAUUSD,10:00,60,none,fade,910,-0.10352499138536056,0.9630844647427033,-3.2426608021576233,-0.10749315888198674,-0.44936782903660744,7.048033430609966,516,-0.10541527856871333,1.077587375805584,-2.2221630233601877,-0.09782527239603828,0.20065949883331313,6.528953427177577,,False,7.965942161726067e-23,1.6601888527444225e-22
XAUUSD,10:00,60,day,follow,492,-0.08864956164612478,1.0951185688345826,-1.795552057454058,-0.08094973838354784,0.0776263067229663,6.771733257944715,280,0.027507644056975363,1.1950332459751758,0.3851699738749693,0.023018308611597215,0.5832130532404389,6.415453320746467,,False,6.521907911601564e-11,9.267089156607272e-11
XAUUSD,10:00,60,day,fade,492,-0.06061151699577923,1.0960051283534757,-1.2266625849833555,-0.055302220243107506,-0.0994691504818701,6.780469087709514,280,-0.15503238867925276,1.1940648995984637,-2.1725687183275046,-0.12983581439449945,-0.5761524746194766,6.413877473619716,,False,1.6906779904689383e-09,2.344718737094871e-09
XAUUSD,10:00,60,recent,follow,474,-0.04996225308675362,1.03893526936458,-1.0469903914683918,-0.04808986138020985,0.04931504550606767,6.927190877011662,275,-0.07820462103029907,1.1557177387744368,-1.1221398449092328,-0.06766757868857318,0.34971441060218866,6.475839366434236,,False,9.20781756521253e-09,1.2493978190636119e-08
XAUUSD,10:00,60,recent,fade,474,-0.09932185150468624,1.041234272339454,-2.0767562356939417,-0.09538857310327392,-0.07183201638778003,6.958161808671335,275,-0.04699364208370615,1.1534595034668382,-0.6756209379499449,-0.04074147548523554,-0.3488213437305067,6.444021642096471,,False,1.4755756931633673e-11,2.110506751938191e-11
XAUUSD,10:00,120,none,follow,910,-0.02333324224695012,0.9589130925637113,-0.7340346103810589,-0.024333010392597006,0.29811452794268617,5.576855716028604,516,0.004089387870813636,1.052070194721864,0.08829547315487826,0.0038869914681831175,-0.19189107255977184,5.829828782481911,,False,7.31838696869081e-13,1.238270867308314e-12
XAUUSD,10:00,120,none,fade,910,-0.09329565618939711,0.9587442660516334,-2.9354814492657755,-0.09731026248909284,-0.30707752289535484,5.588523052164453,516,-0.10599477267838137,1.0538610220800184,-2.2846830333905586,-0.10057756237077464,0.1906971464750732,5.814676975903176,,False,2.836007566857334e-21,5.727059939117368e-21
XAUUSD,10:00,120,day,follow,492,-0.06566665955313478,1.0661185513409699,-1.3662242048259403,-0.061594143981960434,0.2884664160795139,5.635198201608593,280,0.05340107916106223,1.1511346222892334,0.7762523590679855,0.04638995138106854,0.6612670452214834,5.596256914915148,,False,1.100621721554114e-09,1.526310572381885e-09
XAUUSD,10:00,120,day,fade,492,-0.0506174593592186,1.065839725926192,-1.053394365456375,-0.04749068563308907,-0.3007354029373691,5.621777616131668,280,-0.1560591615698343,1.1502357020549685,-2.2702905504782085,-0.1356758108716542,-0.6622051102853197,5.60362470322133,,False,3.977339687296695e-09,5.484009849712373e-09
XAUUSD,10:00,120,recent,follow,476,-0.056745262821276926,1.0008371564579464,-1.2369999095105764,-0.056697797893618944,0.043409013710334066,5.124957803314843,277,-0.010367798146529673,1.1213635548029974,-0.15387922156746722,-0.009245706356446639,0.43255488154615507,5.115581723359679,,False,2.850970346081416e-09,3.9109217699925345e-09
XAUUSD,10:00,120,recent,fade,476,-0.06021311911281091,1.0034901434591919,-1.3091261258663975,-0.06000369760010458,-0.05707889887545197,5.113118726011187,277,-0.09317552060944592,1.120531423275392,-1.383941308380038,-0.08315297427098237,-0.4373287504173522,5.103031797297593,,False,1.6765707218047783e-09,2.312410933299786e-09
XAUUSD,10:00,240,none,follow,882,-0.030778310786258166,0.9743398305131097,-0.9381420801371725,-0.03158888698006896,0.29297917523761713,5.276975711669796,501,-0.0008116935364004422,1.0408402915780486,-0.017455281413671593,-0.0007798444612187426,-0.056916949091635215,6.229886314270029,,False,3.6407945163700546e-13,6.148350355580343e-13
XAUUSD,10:00,240,none,fade,882,-0.06268626481597232,0.9747243573226901,-1.9099626160323002,-0.06431178655282084,-0.29634019615009,5.289195940883029,501,-0.0814573580197759,1.0424874850562549,-1.7489537823907892,-0.07813749247587397,0.05991614544165471,6.208754985998719,,False,8.416321393875927e-17,1.5447751514281878e-16
XAUUSD,10:00,240,day,follow,484,-0.07958300769919568,1.0485277444156327,-1.6697947943743527,-0.0758997633806524,0.08439901703229508,5.1123983183133,276,0.0667819000145978,1.145844295712165,0.9682504444070038,0.05828182787530615,0.18334871016399873,6.2522968373777585,,False,1.7536739995436027e-10,2.466515774164638e-10
XAUUSD,10:00,240,day,fade,484,-0.013561761438677598,1.048226466265321,-0.2846319581243891,-0.012937816278381321,-0.09031702117044577,5.117059110594589,276,-0.14940902542874507,1.1457553413995838,-2.1664041721956364,-0.13040220719917067,-0.17729894199595128,6.234983249265145,,False,4.073843345465574e-07,5.354239224364124e-07
XAUUSD,10:00,240,recent,follow,488,-0.02001402415129114,0.9906036431861616,-0.44631800756697176,-0.02020386689364311,0.037671824079904194,5.640014559256485,261,0.03985484330760643,1.0735561631577242,0.5997587465084956,0.037124134419179944,0.5961002195008537,5.277067139814138,,False,1.6373955164682178e-07,2.1735047822562034e-07
XAUUSD,10:00,240,recent,fade,488,-0.07357046905166047,0.9908256221821675,-1.6402732684480177,-0.07425168203627078,-0.03752786249043574,5.6376410444659015,261,-0.12302359310342836,1.072338249736068,-1.8534328814370207,-0.11472461523563843,-0.5890059208705736,5.254723950915114,,False,1.5725185783800759e-10,2.220084332377983e-10
XAUUSD,10:30,60,none,follow,910,-0.050589832213063506,0.9792866943687993,-1.5583825675078453,-0.051659879077261696,0.686752494475086,7.375551737019189,516,-0.03208449698273614,1.0640341300961282,-0.6849589220210558,-0.030153635184463044,-0.45104642072002454,4.977188987391918,,False,3.718795212245783e-15,6.558935786968367e-15
XAUUSD,10:30,60,none,fade,910,-0.11954016333017879,0.9789221225724384,-3.6837181834819,-0.1221140687024703,-0.6934001443395356,7.390846206142227,516,-0.11925419922453208,1.0643405716383452,-2.545176554551347,-0.11204515021067311,0.45495649607725247,5.020136501565472,,False,1.6185164529976112e-25,3.572592051031949e-25
XAUUSD,10:30,60,day,follow,481,-0.03649897271513258,1.0147854914114791,-0.7888218465272628,-0.035967180280007414,0.44743664221364565,5.735644536938975,275,-0.001231851051489382,1.1107262189914648,-0.018391515683787264,-0.001109050124528345,0.5784430165367992,4.648838075603618,,False,3.9057999167113805e-08,5.2330252990229724e-08
XAUUSD,10:30,60,day,fade,481,-0.13352543328926386,1.0159201206525181,-2.8825508174083496,-0.13143300400773777,-0.4489923907717782,5.709754911133506,275,-0.15176837459155634,1.1084452081670342,-2.2705621795897017,-0.1369200511431017,-0.5813310449321766,4.655671247671397,,False,9.320112469442205e-15,1.4227548256324744e-14
XAUUSD,10:30,60,recent,follow,468,-0.13158562165847526,0.9937882393330919,-2.8644253608101997,-0.13240810914282836,0.1503980817328186,4.393654068690522,290,0.03679236607470503,1.138956539549271,0.5501100309329674,0.032303573312169744,0.6004981941516275,4.404452865345651,,False,1.4087756631349234e-13,2.0683513412028628e-13
XAUUSD,10:30,60,recent,fade,468,-0.03884912419173027,0.9949039527361205,-0.8447398900864771,-0.03904811523252061,-0.15926174977627283,4.406805874252979,290,-0.18747773390674793,1.1380079788742106,-2.8054555196218427,-0.1647420206071075,-0.5902041020923042,4.3712113372453105,,False,2.9039611983839173e-08,3.8985223524707976e-08
XAUUSD,10:30,120,none,follow,910,-0.06956270278511556,0.964453024977083,-2.175785430430249,-0.07212658468956379,-0.04477666335959831,5.425229141557414,516,-0.029877998294509222,1.0135295585663886,-0.6696377522940519,-0.029479158295857576,-0.6804714295751807,5.406946612721089,,False,6.942169075413229e-18,1.3071425824248345e-17
XAUUSD,10:30,120,none,fade,910,-0.0623010883851298,0.9636617715134211,-1.950256342919933,-0.06465036823790007,0.03825411468729343,5.431829843779626,516,-0.08947105241358819,1.013423596695431,-2.0054709912651094,-0.08828593759345564,0.6875699763831716,5.440037712855493,,False,5.565478178711626e-17,1.0281146658202324e-16
XAUUSD,10:30,120,day,follow,481,-0.07008277957231819,1.0167189386941637,-1.511760323548689,-0.06893033748572631,-0.1281730757314227,4.69061000586208,275,0.0031283388021495803,1.060411944959644,0.04892214800652248,0.00295011652501579,0.7486044251765205,4.794915417684091,,False,3.7668332739478177e-10,5.27420602003174e-10
XAUUSD,10:30,120,day,fade,481,-0.06162864939184599,1.017126089420517,-1.3288635654538428,-0.060590963139051345,0.12173459651439657,4.661347964859052,275,-0.12352232012985569,1.057927543707618,-1.9362251769584264,-0.11675877130201068,-0.7584629980308492,4.806317790570601,,False,1.5491246903963115e-09,2.1380957006184016e-09
XAUUSD,10:30,120,recent,follow,461,-0.07136082184539728,1.015186690460288,-1.5092611410991466,-0.07029329926798206,-0.2611776204550997,4.9894892127518675,287,-0.06465410359074332,1.1013528196739861,-0.9945132532872542,-0.05870426119205081,0.2839577087957207,4.688025368400064,,False,5.947247823998178e-10,8.249964226358836e-10
XAUUSD,10:30,120,recent,fade,461,-0.06136177299604344,1.0170061999119409,-1.2954622494154364,-0.06033569215345644,0.25676333308422467,4.946327707593522,287,-0.0556360608513336,1.0993230358169261,-0.8573773244968241,-0.05060938326466476,-0.27904865170429877,4.624881382977683,,False,3.909931051529179e-09,5.3117361915318825e-09
XAUUSD,10:30,240,none,follow,882,-0.05311667626621615,1.0136324631565425,-1.5562690231217673,-0.05240230379047455,-0.014841479358126831,5.465942654963051,500,-0.0320087503739547,1.0250066976452032,-0.6982758442009629,-0.031227845093588103,-0.5975577150672884,6.295759391073487,,False,2.6452502101904792e-15,4.686946218448363e-15
XAUUSD,10:30,240,none,fade,882,-0.04531209174591172,1.0132444964554048,-1.32811031604457,-0.04471980050661544,0.01221227161623802,5.466245169522694,500,-0.057667471187420376,1.0255890661543199,-1.2573104562152155,-0.05622863297836989,0.60020166848577,6.2888278823875154,,False,1.597332799644596e-14,2.7839286508865254e-14
XAUUSD,10:30,240,day,follow,473,-0.08082695035080928,1.0667552607871948,-1.6478662915813806,-0.07576897281121851,-0.6109198277593626,5.753934610223475,270,-0.01636394202293357,1.059005263270191,-0.2539052586383796,-0.015452181958380438,0.6806711416309202,6.684512378842984,,False,9.778074296483572e-11,1.3888412307697668e-10
XAUUSD,10:30,240,day,fade,473,-0.01731741351166428,1.0671038971351114,-0.35294488449224287,-0.016228423078724484,0.60673925668777,5.752002872254997,270,-0.07409848611611367,1.0562613956944944,-1.152709333737237,-0.07015165603718172,-0.6887690625283386,6.687505833025722,,False,4.3394092491715573e-07,5.673510032448017e-07
XAUUSD,10:30,240,recent,follow,479,-0.04662137574409818,1.0235516485112712,-0.9968804510865162,-0.04554863041050028,-0.43924797196833737,5.628048342042513,276,-0.007207819043071084,1.0992607505257805,-0.10893255605484373,-0.006556969344737868,0.8537372665869134,6.04734404820872,,False,7.2725632151372635e-09,9.940788079170847e-09
XAUUSD,10:30,240,recent,fade,479,-0.05142088015491101,1.0237680734608696,-1.099273303366854,-0.05022707924567489,0.4376442728473501,5.611287114707289,276,-0.08148759942182256,1.0973251197480864,-1.233703349549883,-0.0742602150951668,-0.8468002037618334,6.030873822836239,,False,8.062140918306572e-09,1.0938514595226028e-08
XAUUSD,11:00,60,none,follow,910,-0.07122624763640834,0.9570729416715552,-2.2449967851252888,-0.07442091875673515,-0.2722245634089729,6.8199125800461236,516,-0.04971709468660354,0.9834618874286029,-1.1483467841663257,-0.05055314834476785,-0.20500650204083093,5.969695607396567,,False,2.1781095980214895e-18,4.160644256988714e-18
XAUUSD,11:00,60,none,fade,910,-0.11649880547831527,0.9556213816531882,-3.677530727482725,-0.12190895653336767,0.26057638830260554,6.791936734405088,516,-0.1231891256400636,0.9808309244160008,-2.8530085514003725,-0.12559669824176065,0.21744465262634766,5.950049874816268,,False,6.195104339737374e-23,1.2554524220607625e-22
XAUUSD,11:00,60,day,follow,488,-0.10687627552093658,1.0176425374514202,-2.3200426551695155,-0.10502339631811883,0.023368356930860704,6.092248646714849,286,-0.04350409185010891,1.025132961515242,-0.7176834410113423,-0.042437511506610626,-0.0359258113182351,5.589194354725517,,False,2.180240560965955e-12,3.17483926377598e-12
XAUUSD,11:00,60,day,fade,488,-0.08097651405598338,1.0160290941517731,-1.7606087006954718,-0.07969901110320687,-0.043648064538747616,6.027786461069863,286,-0.13181707425474137,1.025580401215633,-2.1736267577258173,-0.12852924460968343,0.05245623909503158,5.663564470874778,,False,7.344091995893239e-11,1.0430801330994186e-10
XAUUSD,11:00,60,recent,follow,476,-0.10747147596914958,1.0273038534721526,-2.2824316056441676,-0.10461508112318478,0.1737164090434233,6.487953306490171,277,-0.06202130865154346,1.0620834099618017,-0.9719013493101244,-0.058395892516364685,0.18220831368267387,5.099265554403388,,False,6.224711148784053e-12,8.926339147191714e-12
XAUUSD,11:00,60,recent,fade,476,-0.07903389939117031,1.0274592724967688,-1.6782330528007787,-0.07692168585827704,-0.18796136773564276,6.457527986467288,277,-0.11273920898404721,1.0672667335888957,-1.7580932037098567,-0.1056335829047527,-0.16439642584469202,5.122412632303113,,False,1.459716555962021e-10,2.056805626281655e-10
XAUUSD,11:00,120,none,follow,910,-0.06549966793050595,0.9764821369473083,-2.023464042874299,-0.06707717986042418,-0.307901269865732,6.249957010191674,516,-0.03921294783571227,0.9376414835564266,-0.9499867087066911,-0.04182083293390513,-0.16291480072816347,4.8149487164224185,,False,1.3691703397225648e-17,2.5773193628298153e-17
XAUUSD,11:00,120,none,fade,910,-0.07920982061113108,0.9757809531596441,-2.448766578684559,-0.08117582163767839,0.30322307613103283,6.2431231109794405,516,-0.09453703614535243,0.9363113665685018,-2.29354115616746,-0.10096751948213797,0.18184025608280818,4.782556827632239,,False,2.0386186603251078e-18,3.840823259648939e-18
XAUUSD,11:00,120,day,follow,488,-0.11262402619787001,1.0631292733665905,-2.3402102824717925,-0.10593634190997839,8.944270723548879e-05,5.863867360630901,286,0.02357530132523074,0.9607861712136957,0.41496696585678206,0.024537511083709364,-0.08272497243434836,4.793924890138308,,False,1.766784616853449e-12,2.5781347649232385e-12
XAUUSD,11:00,120,day,fade,488,-0.032215885336149705,1.0624107040775692,-0.6698653969888884,-0.030323381732228427,-0.0008742112856300621,5.868206775125058,286,-0.15899779025963193,0.9617233632833113,-2.795914835884166,-0.1653259100588089,0.10171618677427091,4.858451585382055,,False,4.898130318033731e-08,6.578244270386172e-08
XAUUSD,11:00,120,recent,follow,488,-0.006395355569256691,1.060771751357533,-0.13318418595766401,-0.0060289648183713155,0.5517636424021812,6.120832371392121,274,-0.021699175994035168,0.9783736073017383,-0.3671248609384974,-0.022178823950371514,-0.009835325068477006,4.4343445259414835,,False,8.373506416655448e-07,1.0929899509183738e-06
XAUUSD,11:00,120,recent,fade,488,-0.13819836953676684,1.0615723425804104,-2.875830166806782,-0.13018271482171626,-0.5524847306665968,6.137222854692074,274,-0.11127704994705695,0.9810555036512953,-1.8775318220364077,-0.11342584546226558,0.03481697081513475,4.460263953365144,,False,5.2305517152362665e-15,8.061989251888363e-15
XAUUSD,11:00,240,none,follow,882,-0.05681024537627167,1.0368171030680786,-1.627266954178919,-0.05479292848098537,-0.3696939932385033,7.438698850554442,500,-0.011920951861507427,0.9385564265569485,-0.2840112535015056,-0.012701369384085831,-0.1468805821473716,6.46909721800105,,False,8.50925010153259e-16,1.5309055174035009e-15
XAUUSD,11:00,240,none,fade,882,-0.04619422629232688,1.036590741925295,-1.323471715844844,-0.044563610713451655,0.365254310954851,7.42654048118973,500,-0.08213322947922164,0.9381295753545724,-1.9576771605107472,-0.08754998417801595,0.1425460230724283,6.478691546225726,,False,2.6724800286945118e-14,4.61477786450296e-14
XAUUSD,11:00,240,day,follow,481,-0.09661357474025392,1.0838047941865139,-1.9550578915410743,-0.08914296675793032,-0.885080738382758,7.755424659621653,282,-0.029115335150885976,0.941583842603129,-0.5192629668263168,-0.030921659690328698,-0.3519118034714702,6.852260078383439,,False,4.8692203201232015e-12,7.140585199182418e-12
XAUUSD,11:00,240,day,fade,481,-0.0063847504996376765,1.0831915278866318,-0.12927400816790352,-0.005894387405424678,0.8842044146608842,7.76345228052233,282,-0.06596411240726613,0.9397000715302404,-1.178807844720025,-0.07019698561887716,0.3376776289213795,6.784430366656837,,False,1.0312644106978156e-06,1.340304679286366e-06
XAUUSD,11:00,240,recent,follow,482,-0.04460040506306218,1.069346908178274,-0.9156799483050222,-0.04170807875532447,-0.6256855104828726,8.02202003351916,270,-0.04889696137940327,0.9971509176754695,-0.8057547237701433,-0.04903667089169462,0.3393081682038794,6.883607804525591,,False,9.818208825416184e-09,1.3408597790287985e-08
XAUUSD,11:00,240,recent,fade,482,-0.05809887181341738,1.0691885946335091,-1.192990268206626,-0.05433921770679962,0.621945590016685,8.02009899376408,270,-0.04444052346149046,0.9965541865285281,-0.7327572598531977,-0.04459418671080789,-0.3530574193175052,6.851730830649776,,False,5.4281816759428654e-09,7.382036287380088e-09
XAUUSD,11:30,60,none,follow,910,-0.15191384307054634,0.9459147833109517,-4.844690456650344,-0.160599924803805,-0.19313041372888937,6.985182460643291,516,-0.10580581104958058,0.9109539664373402,-2.638383609013947,-0.11614836198955,-0.2742950597415096,4.754769984592638,,False,2.7935778329137436e-29,6.358542924081693e-29
XAUUSD,11:30,60,none,fade,910,-0.05867328173717884,0.9450784853951435,-1.8728077573126223,-0.06208297262491078,0.18171305722744904,7.0270628645801265,516,-0.09040544811910958,0.9105918216337595,-2.255255281815683,-0.09928207784351341,0.29538224091836557,4.839784627459142,,False,1.485490845391334e-16,2.712879626855957e-16
XAUUSD,11:30,60,day,follow,482,-0.172437199140267,1.068844970621523,-3.541928265276257,-0.16133041168729684,0.11280762972567339,6.68966310950196,297,-0.11077671463512988,1.0024757666688742,-1.9043765390371747,-0.11050313465753862,0.23585787664807242,4.645902428694637,,False,8.821294538165163e-16,1.3418661504144464e-15
XAUUSD,11:30,60,day,fade,482,-0.03790832967559083,1.0689218292831462,-0.7785960960039215,-0.035464080381830534,-0.12329904696078602,6.647874576112909,297,-0.08952702572682371,0.9980148575854975,-1.5459497539651679,-0.08970510313184807,-0.20649506057337627,4.644020455413627,,False,2.9765417237244617e-08,4.011115362767659e-08
XAUUSD,11:30,60,recent,follow,443,-0.058146730575494146,0.9420889740058177,-1.2990780441670735,-0.06172106051538936,0.7502164200707616,5.027375028742922,286,-0.10673454122293786,0.9572285447311512,-1.885698967992468,-0.11150371748777667,0.4695975327221392,3.9292590604278526,,False,1.0572627181714853e-08,1.4096147718744126e-08
XAUUSD,11:30,60,recent,fade,443,-0.1507498804494838,0.9447412948957766,-3.3585045469670267,-0.15956736649911596,-0.7542270780792817,5.043699504102754,286,-0.09516462467547969,0.9594972585942614,-1.677315720675736,-0.09918175776229243,-0.4411133035837122,3.853869864127938,,False,1.247622957986809e-16,1.9503030003998958e-16
XAUUSD,11:30,120,none,follow,888,-0.11894283321590292,1.0333489792936474,-3.4300286471981,-0.11510422480622866,-0.3631887487792379,6.190409968674884,504,-0.09110674500414435,0.9525638378243201,-2.14719609475175,-0.09564371581881007,0.12968617047393013,10.132531339170773,,False,3.6130920447409495e-23,7.489513888770394e-23
XAUUSD,11:30,120,none,fade,888,-0.03420100785170002,1.033336218383182,-0.9862879689054955,-0.033097657125783234,0.35491950738328454,6.2131435986958055,504,-0.04681238177920175,0.9546505367915056,-1.1008587163129784,-0.049036144615320645,-0.145588950426002,10.327504958000029,,False,2.3634363732456027e-13,4.0120828468453623e-13
XAUUSD,11:30,120,day,follow,477,-0.04874192265735664,1.157497306923561,-0.9196908304784548,-0.0421097503776529,0.18141258184198286,5.869872548081542,296,-0.07958259068996286,1.0669560997032597,-1.2832680386744637,-0.07458843968565929,-0.7785548991365091,10.311299939573168,,False,1.8663681107082837e-08,2.517331403687924e-08
XAUUSD,11:30,120,day,fade,477,-0.10433727521281869,1.158639422053486,-1.966755527145424,-0.0900515494526322,-0.18794927665579245,5.849392511302693,296,-0.061056129964315434,1.06337841443906,-0.9878415479722316,-0.0574171237024056,0.7592390864749055,10.105871785213646,,False,2.0646683297534323e-11,2.9560587089674646e-11
XAUUSD,11:30,120,recent,follow,457,-0.08402288477242975,1.0582738464545303,-1.6972961450341042,-0.07939616485272356,0.5734681339651609,5.388330025198828,287,-0.06575939580508953,1.0189923184280083,-1.0932710611666645,-0.0645337502705968,-0.7704497938989353,11.226517023821929,,False,7.150023475842026e-10,9.788286911792495e-10
XAUUSD,11:30,120,recent,fade,457,-0.06826231565575737,1.0588155932288563,-1.3782207626714158,-0.06447044801030136,-0.5820692110869626,5.400809114528751,287,-0.06993134261908328,1.0181378091314652,-1.16360679645414,-0.0686855374507102,0.7393989593259891,10.9004063532936,,False,1.0522323310113948e-09,1.4553831036735351e-09
XAUUSD,11:30,240,none,follow,882,-0.10580587610049418,1.0550622579698232,-2.978283205967628,-0.10028401196351053,-0.570079668874424,9.097987964087038,500,-0.048015169007886965,0.9053401377611674,-1.1859098848558927,-0.05303550235453448,0.11242162918996018,6.4600688098153025,,False,2.149547215559179e-21,4.330390401390335e-21
XAUUSD,11:30,240,none,fade,882,-0.0019404518519520566,1.054641383606434,-0.05464272571245873,-0.0018399162806569567,0.5685541850126982,9.09038142203411,500,-0.051652685599188,0.9056594842715474,-1.275301790861369,-0.05703322992386482,-0.12117282654809898,6.4694891802394086,,False,1.2690919863575879e-10,2.0226916017046489e-10
XAUUSD,11:30,240,day,follow,474,-0.08614629019389934,1.0867943003567138,-1.7257520519345477,-0.07926641698951119,-1.1901620765737806,9.382003051244938,293,-0.10204241816315984,0.912376653908775,-1.9144339532507006,-0.11184242574159801,-0.22524766584960407,6.268615752573972,,False,2.1423441005504465e-11,3.1063485270841605e-11
XAUUSD,11:30,240,day,fade,474,-0.021167852909500864,1.0866190229250106,-0.42411992518667185,-0.019480473342460242,1.1892314877582382,9.379519114422017,293,0.00022803887169993805,0.90995972721096,0.004289636794734685,0.0002506032573539057,0.2071995967708158,6.249284927951829,,False,3.5020678822490806e-07,4.58146182857261e-07
XAUUSD,11:30,240,recent,follow,464,-0.05827409079395993,1.047680876189181,-1.1981342412314024,-0.05562198577674268,-0.8866288503260119,9.020572914835487,288,-0.08849348926892496,1.0007666563666953,-1.5006338419809464,-0.0884256971452291,0.2725563752628211,6.683243818857479,,False,2.144491490667479e-09,2.9604226803461725e-09
XAUUSD,11:30,240,recent,fade,464,-0.049733574634822475,1.0476950098683473,-1.022524659691174,-0.047469515618931854,0.8826566048915525,8.99850476471739,288,-0.010606052580102424,0.9985689938310619,-0.18024861770815898,-0.01062125165674507,-0.2792383838925087,6.708558714789324,,False,2.599794070803956e-08,3.464018534993413e-08
XAUUSD,12:00,60,none,follow,910,-0.13077912493636476,1.0054646058372472,-3.923668753894743,-0.13006835265719313,-0.506144728741031,9.314812725084156,516,-0.1097712110413051,0.9204830044915561,-2.708928436350241,-0.11925392484779124,-0.21911535577967595,3.746480090833717,,False,6.924685532748234e-26,1.5187550888061265e-25
XAUUSD,12:00,60,none,fade,910,-0.09797748527581333,1.0058468429342675,-2.938428499559521,-0.0974079562550421,0.501100443764951,9.252498095794298,516,-0.10625040467116044,0.9212267585674951,-2.6199252430312527,-0.11533577773661233,0.2105010732711174,3.75798933288041,,False,1.0663718247419065e-19,2.0347865454397828e-19
XAUUSD,12:00,60,day,follow,477,-0.17054876975742833,1.1179698166596546,-3.3317906265809323,-0.1525522131420376,-0.6395473298075582,9.345936082832074,295,-0.08492204481865105,0.9577505458859262,-1.5229268468998902,-0.08866822909518422,-0.17119822795581374,3.6083165205424828,,False,1.951755109817715e-16,3.059223289471975e-16
XAUUSD,12:00,60,day,fade,477,-0.057471987089248985,1.1194188520852577,-1.121302488659117,-0.05134091406642826,0.6384485547722244,9.245304741017744,295,-0.1317139749123337,0.9592121274081299,-2.358458307683471,-0.13731475150156378,0.1379479980100084,3.6082522876371352,,False,9.281627183941553e-09,1.2545059110954675e-08
XAUUSD,12:00,60,recent,follow,442,-0.062194510654246825,1.1050483974159637,-1.1832646515404968,-0.0562821599485434,0.7269993223933686,4.4923858112566775,283,-0.1363185720140412,0.9637635610515976,-2.3794563582548767,-0.14144399884272346,0.17289473973016564,3.491830234599056,,False,1.8828499861743483e-08,2.4994255138764028e-08
XAUUSD,12:00,60,recent,fade,442,-0.16746849923393475,1.1053653874954061,-3.185212429411735,-0.15150510512491577,-0.7173644004874249,4.484254854608121,283,-0.08075663874287832,0.9523299883528711,-1.426540125521979,-0.0847990084640233,-0.1812830332524509,3.482847408615279,,False,7.184466673401846e-16,1.1083202985966012e-15
XAUUSD,12:00,120,none,follow,882,-0.10135718666396629,1.018462099658786,-2.9555884990869083,-0.09951984143339633,0.032717182155101165,8.839364038241618,501,-0.06725251721104804,0.9624962840912646,-1.5639697390482914,-0.0698730149119943,0.5688403989983846,12.25928555916626,,False,3.6053396659420124e-20,6.965238682991954e-20
XAUUSD,12:00,120,none,fade,882,-0.05648967016963465,1.0198724386987437,-1.6449680840341256,-0.0553889565264749,-0.033532840216909596,8.859311883136762,501,-0.07649085839356741,0.9646977288667247,-1.7747498229472722,-0.07928997457413399,-0.5880794185127327,12.301376846337297,,False,1.384074434330215e-15,2.465238678614803e-15
XAUUSD,12:00,120,day,follow,469,-0.1136015152432133,1.1036187465241851,-2.229212535307969,-0.1029354707873511,-0.5348937342335751,8.356334572557229,292,-0.06318500044762987,1.0168658860521276,-1.0617976035529328,-0.06213700480496876,-0.6812931307658109,11.836004165935272,,False,2.204677021778967e-12,3.217874496317881e-12
XAUUSD,12:00,120,day,fade,469,-0.043707126564630445,1.1043490443580481,-0.8571016226224858,-0.03957727567015477,0.5335497997993482,8.315539152312038,292,-0.08085352899184564,1.0158033872370864,-1.3601310316702744,-0.07959564814187275,0.6336346477786158,11.506555257788863,,False,4.057573549483726e-08,5.409773481492193e-08
XAUUSD,12:00,120,recent,follow,457,-0.12699643422859938,1.1008802188446578,-2.4660936162700278,-0.11535899369858647,0.7165255848746184,8.027292660726939,265,-0.09586980378629108,1.0274538602076349,-1.5189463944443466,-0.09330813528396989,-0.049778353781969105,14.143253168167805,,False,1.635290003937783e-11,2.2850898024470392e-11
XAUUSD,12:00,120,recent,fade,457,-0.030584748710184084,1.100447640432538,-0.5941466230907938,-0.02779300676056023,-0.7081100487387426,7.971806252276537,265,-0.048391714203722305,1.0236568520832754,-0.7695547900225851,-0.047273374964705066,0.02045920850078761,13.952513680463502,,False,1.2731072722098701e-07,1.6831938400812675e-07
XAUUSD,12:00,240,none,follow,882,-0.09490606721007117,1.0655557734133887,-2.6451608313007546,-0.08906719814960995,-0.12341797561384187,9.597250790597798,500,-0.029761750473394136,0.9421306937712155,-0.7063701207048934,-0.031589832143417464,0.05969409212423063,7.275581542349179,,False,3.0517646462945343e-19,5.829364792641416e-19
XAUUSD,12:00,240,none,fade,882,-0.016120101307281965,1.065660327421004,-0.44924500939799067,-0.015126866312358737,0.12169336081173183,9.578663904730218,500,-0.07304040092510757,0.9424509412169046,-1.7329634300273913,-0.07750048064124894,-0.06502772078083806,7.255856953438557,,False,9.43383786278285e-12,1.5452090417831698e-11
XAUUSD,12:00,240,day,follow,469,-0.09913738424321407,1.108437837520894,-1.9369237962365555,-0.08943883083686714,-1.095304570303641,9.0750371877604,291,-0.07664089160321148,0.8967138312104003,-1.457985397970509,-0.08546861767455984,-0.0038413726898352692,5.81223030720507,,False,5.572394052338433e-12,8.1512716304521e-12
XAUUSD,12:00,240,day,fade,469,-0.011047998716165141,1.1077705603466306,-0.21598332221646793,-0.009973183176765531,1.096667642396501,9.07838755119157,291,-0.02612228969877302,0.8958870940026378,-0.4973984822544057,-0.02915801541694729,-0.009699972202194712,5.747089670144161,,False,9.602551500216572e-07,1.243905748149043e-06
XAUUSD,12:00,240,recent,follow,479,-0.061384459236261964,1.0798559641640388,-1.24411452280325,-0.05684504348112965,-0.7939702688483048,8.950572151842291,280,-0.0299072568313316,0.9718497668977034,-0.5149398013221346,-0.030773539131259194,0.7852374770566092,8.45708588635304,,False,1.1115167016011455e-09,1.5500612877421612e-09
XAUUSD,12:00,240,recent,fade,479,-0.0500719356854742,1.0792104212029636,-1.01544406839542,-0.046396823734949216,0.7909223187659963,8.953560297169227,280,-0.07356548242397515,0.9696000693647834,-1.2695811483833344,-0.07587198552096876,-0.7913087033365043,8.487790088332067,,False,1.663892100456296e-08,2.2378425995658205e-08
XAUUSD,12:30,60,none,follow,888,-0.12389386267460838,1.084006357581452,-3.405841608494584,-0.11429256093205063,0.20998591829970553,6.081950337505529,504,-0.1273335262870574,1.0227915960044422,-2.794929667454207,-0.12449606233028176,0.10980643469654695,21.640104102260512,,False,9.76070248400524e-22,1.9305819711449736e-21
XAUUSD,12:30,60,none,fade,888,-0.10045214408248841,1.08482960106126,-2.7593333297913616,-0.09259716363216744,-0.21936241020097128,6.094783944026043,504,-0.07242037142668577,1.0266275743075237,-1.5836641708226837,-0.07054200884438004,-0.13851542715823598,21.980383922158204,,False,4.7173816623710206e-20,9.211560915371071e-20
XAUUSD,12:30,60,day,follow,481,-0.022527485814722484,1.1490041495592507,-0.4299952577677468,-0.019606096134086076,-0.17393251797927967,5.4879901532835005,301,-0.1534809683170094,1.1736468783571836,-2.268821506863965,-0.13077269760376725,-1.1942684743936867,20.06936732986369,,False,2.01373324346855e-07,2.663786028455493e-07
XAUUSD,12:30,60,day,fade,481,-0.20158966879019635,1.1518889350342878,-3.8382229951359936,-0.175007904546106,0.15864139517595155,5.397294322703479,301,-0.04829737601682076,1.1708988344364073,-0.7156281413223652,-0.041248120329770335,1.1647380251065986,19.621490988356484,,False,1.0505064529421208e-16,1.6166455112766016e-16
XAUUSD,12:30,60,recent,follow,451,-0.12081361356509968,1.1362801619639145,-2.257972876904698,-0.10632379021410428,0.021016383363871936,5.366108057421317,280,-0.10647406250889008,1.105923376755152,-1.6110083905677564,-0.09627616591421695,1.4319226857754432,22.513235056909927,,False,1.1127639590052293e-11,1.578829275978612e-11
XAUUSD,12:30,60,recent,fade,451,-0.1020345052962811,1.1376946067456877,-1.904625676513389,-0.0896853203762169,-0.021111977247250762,5.367914264311658,280,-0.09138439907015584,1.113884879831596,-1.3728110531924358,-0.08204115229930396,-1.4542027880729058,22.760117925274812,,False,9.819306726180783e-11,1.3722511176749948e-10
XAUUSD,12:30,120,none,follow,882,-0.07392844269079972,1.0399788297872936,-2.1111609865332834,-0.07108648808353173,0.6182811524047517,10.154729577008576,500,-0.08161712315539138,0.9814697843816804,-1.8594707489482418,-0.08315805993641429,-0.5878047575304846,12.135123990357636,,False,1.676811509756804e-16,2.9981245248118634e-16
XAUUSD,12:30,120,none,fade,882,-0.07492714754200351,1.039889732023213,-2.1398641457792413,-0.07205297372849812,-0.6282250556903909,10.166182440502224,500,-0.05791252491393115,0.9818386973756146,-1.3189166693300518,-0.058983746585592155,0.5818364757111641,12.157252877689395,,False,5.8439486199767e-18,1.1037504386418282e-17
XAUUSD,12:30,120,day,follow,477,-0.11271378119388446,0.970754332370794,-2.5358693309885854,-0.11610948046825895,-0.6564383022752842,7.636692495021554,298,-0.11303469430267969,1.0473611847564823,-1.8630453272542435,-0.10792331809485657,-0.17579809213667374,12.896445979295963,,False,1.0293312924216838e-13,1.5473815681194185e-13
XAUUSD,12:30,120,day,fade,477,-0.03537574185981657,0.9718765694928616,-0.7949752969824333,-0.03639941837292786,0.6514065483325586,7.5752860323180515,298,-0.027769647600423022,1.044303829262057,-0.45904116183234916,-0.026591540529010665,0.16441437632400405,12.66710087763922,,False,4.732112045348853e-08,6.313829085374858e-08
XAUUSD,12:30,120,recent,follow,448,-0.014887184499474623,1.0668632824739253,-0.29535396750151516,-0.013954163334736824,0.9151167609807459,12.6149886619254,269,-0.03814796907668947,1.0742105461191171,-0.5824493301635004,-0.03551256242503815,0.4951192288345933,10.530582863361081,,False,1.1109295793308867e-06,1.4282298044860415e-06
XAUUSD,12:30,120,recent,fade,448,-0.13391691841422174,1.0678974754648747,-2.654268752261404,-0.12540241127166757,-0.915238760459217,12.67403814552926,269,-0.10017450972244137,1.0743679383898728,-1.529256468137751,-0.09324041247225814,-0.5098850007732026,10.455304975658903,,False,8.004914636162917e-14,1.1942090313652929e-13
XAUUSD,12:30,240,none,follow,0,,,,,,,0,,,,,,,,False,,
XAUUSD,12:30,240,none,fade,0,,,,,,,0,,,,,,,,False,,
XAUUSD,12:30,240,day,follow,0,,,,,,,0,,,,,,,,False,,
XAUUSD,12:30,240,day,fade,0,,,,,,,0,,,,,,,,False,,
XAUUSD,12:30,240,recent,follow,0,,,,,,,0,,,,,,,,False,,
XAUUSD,12:30,240,recent,fade,0,,,,,,,0,,,,,,,,False,,
XAUUSD,13:00,60,none,follow,882,-0.125979439577708,1.006898074575998,-3.7157668359089664,-0.12511637747520532,0.35381118361698427,11.758762020155025,501,-0.09274926244680862,1.0501671746060597,-1.9768371243782372,-0.08831856935692249,0.7166513672824311,16.2404690954441,,False,4.768931948239492e-22,9.323552384231917e-22
XAUUSD,13:00,60,none,fade,882,-0.09389381471513081,1.0088630285591575,-2.7640065609672226,-0.09306894202400151,-0.3663030261560273,11.851692719517617,501,-0.10508239499460358,1.0522659488935362,-2.2352356141889245,-0.09986296250021046,-0.7454599443915676,16.39942350710212,,False,5.230927593608475e-20,1.0187181356261507e-19
XAUUSD,13:00,60,day,follow,482,-0.12630761797069065,1.0807537314467692,-2.5658207933696775,-0.1168699346534819,-1.082497578650272,11.621661259347858,300,-0.13066121531585093,1.1975593550451311,-1.8897757556010393,-0.10910625412042883,-0.008413238693556872,15.913037261900921,,False,2.2250013625573246e-14,3.417062624358932e-14
XAUUSD,13:00,60,day,fade,482,-0.09302464986208311,1.0799825928370852,-1.891057818998627,-0.08613532336452745,1.0657033469184325,11.553992358721377,300,-0.06846338747095691,1.1967702893374257,-0.9908506804895959,-0.057206790710739204,-0.03233273316394951,15.476705703030946,,False,3.0286431127339693e-10,4.173678941153359e-10
XAUUSD,13:00,60,recent,follow,448,-0.06632872911370225,1.0970273802343709,-1.2797443358347826,-0.06046223668504214,1.4503003172405355,11.233536321358805,280,-0.1353273994824228,1.131019339507932,-2.0021412841801767,-0.11965082713908248,2.417245321982137,17.46723914138671,,False,2.0464012689652023e-08,2.7008686232197644e-08
XAUUSD,13:00,60,recent,fade,448,-0.1527639470503199,1.098262502423518,-2.9441078962444647,-0.13909602368579296,-1.4431834679993207,11.14885022928164,280,-0.06028926766053522,1.1362178217174486,-0.8878864477647149,-0.05306136421043375,-2.4429233234755308,17.69093920411111,,False,4.333301146548352e-16,6.834959667185794e-16
XAUUSD,13:00,120,none,follow,882,-0.08877766199380145,1.072927711567711,-2.4573529211237903,-0.08274337687120016,0.002028702658150327,14.886249614043184,500,-0.044519529309758575,0.9734050218862941,-1.0226852299365168,-0.04573587387446108,-0.49355149901716694,12.72954203270135,,False,3.157735868495153e-18,5.887125902810638e-18
XAUUSD,13:00,120,none,fade,882,-0.059211700514801895,1.0728935038563185,-1.6390236141637038,-0.055188795814287546,-0.014762784506088575,14.865387330038077,500,-0.09038915464902238,0.973145575457248,-2.0769379147512192,-0.09288348724860779,0.4714637990331076,12.657978197562851,,False,1.7285144797985002e-15,3.0678030255916983e-15
XAUUSD,13:00,120,day,follow,482,-0.11844800421583834,1.0069520979608024,-2.582512638205861,-0.11763022735213484,-1.8938790809711088,16.368469860570347,299,-0.13323907768934223,1.0395846254166081,-2.2161919033157087,-0.12816568697901565,-1.2261773279234305,14.285069927970854,,False,1.2079730258778792e-15,1.9335626036162565e-15
XAUUSD,13:00,120,day,fade,482,-0.028529617954365802,1.0067963440751375,-0.6221252743125253,-0.0283370297501166,1.8824888542329699,16.302536264607063,299,-0.0021027818200261977,1.035831294388359,-0.03510272081961026,-0.002030042760262283,1.2113423969758708,14.062661742231231,,False,1.5723525944759834e-07,2.0689405670998865e-07
XAUUSD,13:00,120,recent,follow,414,-0.02336928581068357,1.0220670406933803,-0.4652284092748837,-0.02286472890743998,0.4688999264397894,8.292375117744829,264,-0.056258133474254124,0.9846798870710276,-0.9283082612309084,-0.057133423981672204,1.155112454805427,8.531695163623722,,False,1.1096143655119089e-06,1.413067828251312e-06
XAUUSD,13:00,120,recent,fade,414,-0.1254989347265274,1.022494440808868,-2.497349092204352,-0.12273801178542207,-0.48834701734438113,8.282677412597,264,-0.07591093073168252,0.9866251262058806,-1.2501269230136363,-0.07693999343357699,-1.1626418521036326,8.691331802004155,,False,2.5510928892487784e-12,3.6336739646421462e-12
XAUUSD,13:00,240,none,follow,0,,,,,,,0,,,,,,,,False,,
XAUUSD,13:00,240,none,fade,0,,,,,,,0,,,,,,,,False,,
XAUUSD,13:00,240,day,follow,0,,,,,,,0,,,,,,,,False,,
XAUUSD,13:00,240,day,fade,0,,,,,,,0,,,,,,,,False,,
XAUUSD,13:00,240,recent,follow,0,,,,,,,0,,,,,,,,False,,
XAUUSD,13:00,240,recent,fade,0,,,,,,,0,,,,,,,,False,,
XAUUSD,13:30,60,none,follow,882,-0.08149851474569472,1.1312790897499165,-2.1395095375926942,-0.07204103344976613,1.179749727195236,20.31791189170831,500,-0.09331528280950982,1.0204330155728845,-2.044811491958024,-0.09144674994381811,-1.0124578046984427,16.57307365978857,,False,7.095165009739956e-16,1.2356479338406912e-15
XAUUSD,13:30,60,none,fade,882,-0.12051109838533917,1.1312897592659943,-3.163643085689787,-0.1065254037688182,-1.2173187515759134,20.47232701155809,500,-0.10638714000394706,1.0175636163263593,-2.3378280548143704,-0.10455084900542072,1.0077070661179195,16.452635138753,,False,5.238549815287576e-23,1.1011700602665382e-22
XAUUSD,13:30,60,day,follow,487,-0.25749163484153265,0.9832500397582037,-5.779145551623159,-0.26187808230839615,-1.1640055708236372,10.684977316484328,288,-0.11177921593942924,1.072542083204926,-1.7686543286089564,-0.10421895577786114,-0.670065507247562,20.60624363243155,,False,1.270814725957044e-29,2.446357349869735e-29
XAUUSD,13:30,60,day,fade,487,0.056334703445949735,0.9809785040353883,1.2673045735587856,0.05742705188157465,1.1489788470227915,10.629031941697448,288,-0.09182272424842804,1.0668778330354607,-1.46060144408518,-0.0860667654769579,0.6821770831722631,20.326169043313058,,False,0.00023579933722837467,0.0002898129227749178
XAUUSD,13:30,60,recent,follow,518,-0.17349936908454647,1.1836552748607678,-3.33608833695423,-0.14657930629756627,2.157694880811239,22.357622224177522,231,-0.09358748090335058,1.073702458452701,-1.3247679110543935,-0.08716332925065506,0.96580973120634,9.62868748713817,,False,5.106886156156934e-12,7.039813584879075e-12
XAUUSD,13:30,60,recent,fade,518,-0.026799448927778444,1.185643022984689,-0.514442445034743,-0.022603303362182837,-2.1876840692387267,22.639261036743836,231,-0.10150760849615778,1.07182350897769,-1.4393993673351322,-0.09470552534621693,-0.9421727105898848,9.54539373273862,,False,2.5419102203364005e-08,3.492855420781863e-08
XAUUSD,13:30,120,none,follow,882,-0.10601281526807649,1.1551196388874467,-2.7256224185740736,-0.09177648072037171,-0.3136036449972007,14.385560925644121,500,-0.04905322997743201,0.9507007166022755,-1.153742232755207,-0.05159692121906054,0.08257178680123392,10.933864497072202,,False,1.1274035617951974e-19,2.1751996201190266e-19
XAUUSD,13:30,120,none,fade,882,-0.04751703987643836,1.1543690259449346,-1.2224722383066127,-0.04116278140566205,0.30661067742123155,14.359359558956527,500,-0.09739782825251678,0.9480812969308232,-2.297146516216615,-0.10273151529074348,-0.10255930318499537,10.826959706146996,,False,5.530989902709318e-14,9.489531727900816e-14
XAUUSD,13:30,120,day,follow,487,-0.18273890523453892,1.0874187752654072,-3.7085033202234916,-0.16804832635884706,-1.6109983015356786,13.981431881779773,288,-0.11200657679165277,0.9153289205057943,-2.0766465443203854,-0.12236757113471292,-0.4522189942717052,10.765261791260652,,False,1.3355731417098633e-20,2.320764919459347e-20
XAUUSD,13:30,120,day,fade,487,0.029713473802774535,1.0854318507656744,0.6041090578113232,0.0273747944486928,1.61513897994964,13.998378915969816,288,-0.037167588892514855,0.9123487209014307,-0.6913528621893815,-0.0407383580872367,0.45760629146700454,10.653557741823532,,False,1.711026748204993e-05,2.1713436696945922e-05
XAUUSD,13:30,120,recent,follow,462,-0.16399549139103609,1.1936933139740464,-2.9529774796693475,-0.13738494592472997,0.6771298845732324,13.063672259325488,241,-0.12832414130286363,1.0065839418748528,-1.979096133425989,-0.12748478886306136,-0.3603636176086766,9.150228244380251,,False,1.4496573556338114e-12,2.0502776933804854e-12
XAUUSD,13:30,120,recent,fade,462,0.009735136531129304,1.1943358094520264,0.17520099998465682,0.008151088206587295,-0.6889782081616898,13.021472797102172,241,-0.015445182017176814,1.0053777022224684,-0.23849116935868736,-0.015362566708048125,0.3417201072909922,9.01720654603423,,False,6.796366422673058e-06,8.61312822428187e-06
XAUUSD,13:30,240,none,follow,0,,,,,,,0,,,,,,,,False,,
XAUUSD,13:30,240,none,fade,0,,,,,,,0,,,,,,,,False,,
XAUUSD,13:30,240,day,follow,0,,,,,,,0,,,,,,,,False,,
XAUUSD,13:30,240,day,fade,0,,,,,,,0,,,,,,,,False,,
XAUUSD,13:30,240,recent,follow,0,,,,,,,0,,,,,,,,False,,
XAUUSD,13:30,240,recent,fade,0,,,,,,,0,,,,,,,,False,,
XAUUSD,14:00,60,none,follow,883,-0.10873640236408061,1.168039581911704,-2.766290284916674,-0.09309308010445519,0.07193314705343877,25.788090836867426,500,-0.0765281943458497,1.0091189732833934,-1.6957588677165651,-0.07583664203324626,-1.6353313039098805,21.155984506515193,,False,8.14791305003143e-19,1.5194569054959038e-18
XAUUSD,14:00,60,none,fade,883,-0.09426981693865183,1.1658418589461574,-2.402776474527354,-0.08085986638347795,-0.09231352051974222,25.80948775384759,500,-0.11255483511631122,1.0046410672167565,-2.505175935258189,-0.11203487373667846,1.5833378073976898,20.93050157249343,,False,6.814925572622937e-18,1.2596232412912383e-17
XAUUSD,14:00,60,day,follow,466,-0.11766712987642701,1.058498765665117,-2.3997044825218037,-0.11116416352407349,-2.0596993434989797,25.168782994834785,288,-0.16359646945237705,0.9406029774154318,-2.951642953437816,-0.1739272290014474,-2.941097873292253,29.508478191340334,,False,1.9748855695980276e-14,3.061376299000428e-14
XAUUSD,14:00,60,day,fade,466,-0.08437879178761115,1.0608003425845682,-1.7170882228504742,-0.0795425759215235,2.0409178504257537,25.03894438930915,288,-0.02748142728129901,0.9322760170659447,-0.5002545142829811,-0.02947777994738988,2.9693280948205003,29.554622342041522,,False,5.157850453578895e-09,6.8364242423761e-09
XAUUSD,14:00,60,recent,follow,446,-0.08208932663499545,1.102337329291812,-1.572677263246437,-0.07446842672717352,2.2954040908717226,24.00518315986278,232,-0.12960219033797535,1.1020487715236233,-1.7912471773321157,-0.11760113861276349,1.3419954846784168,23.73819140670141,,False,1.9246266214751633e-08,2.5085193506654876e-08
XAUUSD,14:00,60,recent,fade,446,-0.119006770083411,1.1025108729029558,-2.2795872357938647,-0.107941584077136,-2.33061274413997,24.057905515845352,232,-0.05380173195824492,1.0987604415415275,-0.7458255099203338,-0.04896584362171132,-1.4888255979800114,24.275269165365437,,False,4.3838812407821895e-14,6.744686661782453e-14
XAUUSD,14:00,120,none,follow,883,-0.11295220626707844,1.1324383860335487,-2.9638791249517094,-0.09974247399251636,-0.0390346573223681,16.359056123027692,500,-0.047089369312042495,0.9897260206407433,-1.0638805952697101,-0.047578186619320256,-0.30473157426493885,10.788818530815272,,False,5.203907450310445e-20,9.992031796792265e-20
XAUUSD,14:00,120,none,fade,883,-0.04500019295153262,1.1310094136321465,-1.182302228193468,-0.0397876378473439,0.032353227066098146,16.359546783684262,500,-0.10265378452600389,0.9880373421735034,-2.3232000507471957,-0.1038966647760338,0.2778010044981717,10.728882354129599,,False,5.379493994334591e-14,9.261691407572633e-14
XAUUSD,14:00,120,day,follow,466,-0.09159551298945821,1.0519903095819785,-1.879556643079104,-0.0870687801543104,-0.9802905078092947,14.17580863867048,288,-0.10526927658403055,0.8910988877943838,-2.004804279554107,-0.11813422508537667,-0.14829373695168455,6.108872382580153,,False,1.5821664753301982e-11,2.2830232323186705e-11
XAUUSD,14:00,120,day,fade,466,-0.0658562318282654,1.0510255204913057,-1.3526223974199414,-0.0626590225872733,0.9792327698024896,14.195092682622178,288,-0.04564295753347217,0.8869383326542332,-0.8733264155241265,-0.05146125255053754,0.16695704053091817,6.143998749626032,,False,5.962962655153807e-09,8.021265686420409e-09
XAUUSD,14:00,120,recent,follow,446,-0.04959262331406364,1.167448900539324,-0.8971119272750384,-0.04247948093587088,1.4156403695696038,14.350912050577353,242,-0.10144032905807433,0.9351018540604268,-1.6875607438146811,-0.10848051323777956,-0.6261798221131889,7.01754772815016,,False,1.0751899967143445e-07,1.4032295202825857e-07
XAUUSD,14:00,120,recent,fade,446,-0.11058951773714601,1.167848011702062,-1.9998391579807129,-0.0946951286717259,-1.4317882724746387,14.344366793232007,242,-0.04452522432356175,0.9359817301558914,-0.7400250612280396,-0.04757061264021244,0.6270046707910305,7.010868753940335,,False,4.338697495974401e-12,6.3300766852237695e-12
XAUUSD,14:00,240,none,follow,0,,,,,,,0,,,,,,,,False,,
XAUUSD,14:00,240,none,fade,0,,,,,,,0,,,,,,,,False,,
XAUUSD,14:00,240,day,follow,0,,,,,,,0,,,,,,,,False,,
XAUUSD,14:00,240,day,fade,0,,,,,,,0,,,,,,,,False,,
XAUUSD,14:00,240,recent,follow,0,,,,,,,0,,,,,,,,False,,
XAUUSD,14:00,240,recent,fade,0,,,,,,,0,,,,,,,,False,,
XAUUSD,14:30,60,none,follow,883,-0.18584778010036843,1.0534358246221935,-5.242393859150247,-0.1764205998661772,-0.6369155073877973,9.676864572732265,500,-0.08662698878280918,0.9871727151278251,-1.9622081590797529,-0.08775261659414096,-1.9178304429718276,34.85486887947705,,False,2.3705494114293844e-32,5.698509226789546e-32
XAUUSD,14:30,60,none,fade,883,-0.0523120964077028,1.051722889874984,-1.47802285750266,-0.049739429379464226,0.6314524657530838,9.692783902546317,500,-0.1325513432169925,0.982699298057921,-3.0161191172910677,-0.13488494748998978,1.7800905354268366,33.12021531319272,,False,1.315324939580585e-14,2.2762640617764485e-14
XAUUSD,14:30,60,day,follow,477,-0.03098803903434901,1.0884940242088603,-0.6217663792523151,-0.02846872683281082,0.2928015212557919,7.159589320984102,291,-0.14833565247965774,0.8639278288780544,-2.9289676636857864,-0.17169912522935488,0.04553635291672613,8.938739150474353,,False,9.573211060589952e-08,1.2717841389287277e-07
XAUUSD,14:30,60,day,fade,477,-0.2069361164607842,1.0861463008709926,-4.161090453525553,-0.1905232437792587,-0.3053495124925421,7.179247705669273,291,-0.07096565985109043,0.8640376718767687,-1.4010771869107683,-0.08213259926149578,-0.03424593146298195,9.069980923308183,,False,8.381956194271891e-19,1.3440694606839911e-18
XAUUSD,14:30,60,recent,follow,383,0.007529239399739667,1.3030452572062998,0.11308135227779308,0.005778187179685677,1.0823513736804364,7.769276182174765,227,-0.18088894566129635,1.1954408421749414,-2.27980061572015,-0.1513156814453433,-3.0896854449773414,32.4857299169395,,False,2.783290980203382e-05,3.407753477485948e-05
XAUUSD,14:30,60,recent,fade,383,-0.24734024314142686,1.3027488548588262,-3.7156386373395276,-0.1898602652529141,-1.0969653996031217,7.789366522993993,227,-0.030166626981848237,1.1894751497371214,-0.382106397024635,-0.025361292321672443,2.9173491398033917,30.679135025475276,,False,1.0247486358255087e-17,1.5959332671223632e-17
XAUUSD,14:30,120,none,follow,0,,,,,,,0,,,,,,,,False,,
XAUUSD,14:30,120,none,fade,0,,,,,,,0,,,,,,,,False,,
XAUUSD,14:30,120,day,follow,0,,,,,,,0,,,,,,,,False,,
XAUUSD,14:30,120,day,fade,0,,,,,,,0,,,,,,,,False,,
XAUUSD,14:30,120,recent,follow,0,,,,,,,0,,,,,,,,False,,
XAUUSD,14:30,120,recent,fade,0,,,,,,,0,,,,,,,,False,,
XAUUSD,14:30,240,none,follow,0,,,,,,,0,,,,,,,,False,,
XAUUSD,14:30,240,none,fade,0,,,,,,,0,,,,,,,,False,,
XAUUSD,14:30,240,day,follow,0,,,,,,,0,,,,,,,,False,,
XAUUSD,14:30,240,day,fade,0,,,,,,,0,,,,,,,,False,,
XAUUSD,14:30,240,recent,follow,0,,,,,,,0,,,,,,,,False,,
XAUUSD,14:30,240,recent,fade,0,,,,,,,0,,,,,,,,False,,
XAUUSD,15:00,60,none,follow,883,-0.17330168322616227,0.9859957369876283,-5.2228565222899155,-0.17576311613235376,-0.0647917881165801,7.797113652438738,500,-0.10847106027062196,1.0312899858633158,-2.3518958554954312,-0.10517998017775614,-0.4487162058007477,9.509851105294539,,False,9.487676612386034e-30,2.1196146198168534e-29
XAUUSD,15:00,60,none,fade,883,-0.08238264310426417,0.9856912625618598,-2.483562915524708,-0.08357854658277852,0.06289135724684221,7.761297331385302,500,-0.14259616368975234,1.0317999826629067,-3.0902764169278396,-0.13820136275030262,0.46092308913520186,9.729083938669937,,False,1.888939816123739e-18,3.544976097874372e-18
XAUUSD,15:00,60,day,follow,496,-0.10180460088384141,1.0688628149704003,-2.1212227456481694,-0.09524571297455105,0.950552809732814,7.4976666529930505,293,-0.06272944234937441,1.153386833864751,-0.9309583410421841,-0.05438716700032161,0.9870881932906211,9.186837878505392,,False,4.33621008023727e-11,6.10016702644497e-11
XAUUSD,15:00,60,day,fade,496,-0.15426399853986625,1.0625346803196314,-3.2334214005308666,-0.14518490680554597,-0.9589692272933149,7.58391383472934,293,-0.18803538439530187,1.149978899183733,-2.798875115074273,-0.16351203011531024,-0.9863740892506303,9.17356157603043,,False,2.585577826879034e-17,4.203126416365874e-17
XAUUSD,15:00,60,recent,follow,367,-0.08197517549605622,1.1788322824154964,-1.3321814030034551,-0.0695393031891562,1.045908337935614,6.939437347116425,204,-0.18052425920752438,1.2966091342908694,-1.9885731831610645,-0.1392279712006311,-0.5505066174981262,8.226954949999657,,False,1.1631440861823127e-07,1.4777813499101277e-07
XAUUSD,15:00,60,recent,fade,367,-0.1763424505606776,1.174986578936391,-2.875126766728855,-0.15008039557379835,-1.0619564103814993,6.946184951110452,204,-0.05954478211446037,1.2986080431190792,-0.6549086185270211,-0.04585277476908424,0.5485371897638043,8.3007632282665,,False,7.024110437272114e-14,1.0215114272399548e-13
XAUUSD,15:00,120,none,follow,0,,,,,,,0,,,,,,,,False,,
XAUUSD,15:00,120,none,fade,0,,,,,,,0,,,,,,,,False,,
XAUUSD,15:00,120,day,follow,0,,,,,,,0,,,,,,,,False,,
XAUUSD,15:00,120,day,fade,0,,,,,,,0,,,,,,,,False,,
XAUUSD,15:00,120,recent,follow,0,,,,,,,0,,,,,,,,False,,
XAUUSD,15:00,120,recent,fade,0,,,,,,,0,,,,,,,,False,,
XAUUSD,15:00,240,none,follow,0,,,,,,,0,,,,,,,,False,,
XAUUSD,15:00,240,none,fade,0,,,,,,,0,,,,,,,,False,,
XAUUSD,15:00,240,day,follow,0,,,,,,,0,,,,,,,,False,,
XAUUSD,15:00,240,day,fade,0,,,,,,,0,,,,,,,,False,,
XAUUSD,15:00,240,recent,follow,0,,,,,,,0,,,,,,,,False,,
XAUUSD,15:00,240,recent,fade,0,,,,,,,0,,,,,,,,False,,
XAUUSD,15:30,60,none,follow,0,,,,,,,0,,,,,,,,False,,
XAUUSD,15:30,60,none,fade,0,,,,,,,0,,,,,,,,False,,
XAUUSD,15:30,60,day,follow,0,,,,,,,0,,,,,,,,False,,
XAUUSD,15:30,60,day,fade,0,,,,,,,0,,,,,,,,False,,
XAUUSD,15:30,60,recent,follow,0,,,,,,,0,,,,,,,,False,,
XAUUSD,15:30,60,recent,fade,0,,,,,,,0,,,,,,,,False,,
XAUUSD,15:30,120,none,follow,0,,,,,,,0,,,,,,,,False,,
XAUUSD,15:30,120,none,fade,0,,,,,,,0,,,,,,,,False,,
XAUUSD,15:30,120,day,follow,0,,,,,,,0,,,,,,,,False,,
XAUUSD,15:30,120,day,fade,0,,,,,,,0,,,,,,,,False,,
XAUUSD,15:30,120,recent,follow,0,,,,,,,0,,,,,,,,False,,
XAUUSD,15:30,120,recent,fade,0,,,,,,,0,,,,,,,,False,,
XAUUSD,15:30,240,none,follow,0,,,,,,,0,,,,,,,,False,,
XAUUSD,15:30,240,none,fade,0,,,,,,,0,,,,,,,,False,,
XAUUSD,15:30,240,day,follow,0,,,,,,,0,,,,,,,,False,,
XAUUSD,15:30,240,day,fade,0,,,,,,,0,,,,,,,,False,,
XAUUSD,15:30,240,recent,follow,0,,,,,,,0,,,,,,,,False,,
XAUUSD,15:30,240,recent,fade,0,,,,,,,0,,,,,,,,False,,
